2026-08-05 09:46:02,196 | INFO | Projeto iniciado.
2026-08-05 09:46:02,196 | INFO | Diretório do projeto: C:\Users\gabri\OneDrive\Área de Trabalho\Cursos\Pos Tech Data Analytics\Projetos GitHub\olist_finance_automation
2026-08-05 09:52:14,187 | INFO | GET -> https://jsonplaceholder.typicode.com/users
2026-08-05 09:54:47,626 | INFO | ========== INÍCIO ==========
2026-08-05 09:54:47,626 | INFO | Iniciando extração dos dados...
2026-08-05 09:54:47,626 | INFO | GET -> https://jsonplaceholder.typicode.com/users
2026-08-05 09:54:47,686 | INFO | 10 registros encontrados.
2026-08-05 09:54:47,688 | INFO | ========== FIM ==========
2026-08-05 10:31:12,570 | INFO | ========== INÍCIO ==========
2026-08-05 10:31:12,570 | INFO | Iniciando extração dos dados...
2026-08-05 10:31:12,571 | INFO | GET -> https://jsonplaceholder.typicode.com/users
2026-08-05 10:31:12,618 | INFO | 10 registros encontrados.
2026-08-05 10:31:12,619 | INFO | ========== FIM ==========
2026-08-05 10:31:12,903 | INFO | NumExpr defaulting to 16 threads.
2026-08-05 10:31:13,108 | INFO | ========== INÍCIO ==========
2026-08-05 10:31:13,108 | INFO | Iniciando extração dos dados...
2026-08-05 10:31:13,108 | INFO | GET -> https://jsonplaceholder.typicode.com/users
2026-08-05 10:31:13,144 | INFO | 10 registros encontrados.
2026-08-05 10:31:13,144 | INFO | Convertendo JSON para DataFrame...
2026-08-05 10:31:13,148 | INFO | DataFrame criado com 10 registros.
2026-08-05 10:31:13,171 | INFO | ========== FIM ==========
2026-08-05 10:33:25,522 | INFO | ========== INÍCIO ==========
2026-08-05 10:33:25,523 | INFO | Iniciando extração dos dados...
2026-08-05 10:33:25,523 | INFO | GET -> https://jsonplaceholder.typicode.com/users
2026-08-05 10:33:25,566 | INFO | 10 registros encontrados.
2026-08-05 10:33:25,568 | INFO | ========== FIM ==========
2026-08-05 10:33:25,839 | INFO | NumExpr defaulting to 16 threads.
2026-08-05 10:33:26,037 | INFO | ========== INÍCIO ==========
2026-08-05 10:33:26,037 | INFO | Iniciando extração dos dados...
2026-08-05 10:33:26,037 | INFO | GET -> https://jsonplaceholder.typicode.com/users
2026-08-05 10:33:26,096 | INFO | 10 registros encontrados.
2026-08-05 10:33:26,096 | INFO | Convertendo JSON para DataFrame...
2026-08-05 10:33:26,097 | INFO | DataFrame criado com 10 registros.
2026-08-05 10:33:26,108 | INFO | ========== FIM ==========
2026-08-05 10:36:14,049 | INFO | NumExpr defaulting to 16 threads.
2026-08-05 10:36:14,264 | INFO | ========== INÍCIO ==========
2026-08-05 10:36:14,264 | INFO | Iniciando extração dos dados...
2026-08-05 10:36:14,264 | INFO | GET -> https://jsonplaceholder.typicode.com/users
2026-08-05 10:36:14,310 | INFO | 10 registros encontrados.
2026-08-05 10:36:14,310 | INFO | Convertendo JSON para DataFrame...
2026-08-05 10:36:14,311 | INFO | DataFrame criado com 10 registros.
2026-08-05 10:36:14,318 | INFO | Duplicados removidos: 0
2026-08-05 10:36:14,319 | INFO | Colunas padronizadas.
2026-08-05 10:36:14,319 | INFO | Quantidade de colunas: 15
2026-08-05 10:36:14,330 | INFO | ========== FIM ==========
2026-08-05 10:38:31,191 | INFO | NumExpr defaulting to 16 threads.
2026-08-05 10:38:31,383 | INFO | ========== INÍCIO ==========
2026-08-05 10:38:31,383 | INFO | Iniciando extração dos dados...
2026-08-05 10:38:31,383 | INFO | GET -> https://jsonplaceholder.typicode.com/users
2026-08-05 10:38:31,442 | INFO | 10 registros encontrados.
2026-08-05 10:38:31,442 | INFO | Convertendo JSON para DataFrame...
2026-08-05 10:38:31,443 | INFO | DataFrame criado com 10 registros.
2026-08-05 10:38:31,445 | INFO | Duplicados removidos: 0
2026-08-05 10:38:31,446 | INFO | Colunas padronizadas.
2026-08-05 10:38:31,446 | INFO | Quantidade de colunas: 15
2026-08-05 10:38:31,457 | INFO | ========== FIM ==========
2026-08-05 10:43:47,471 | INFO | NumExpr defaulting to 16 threads.
2026-08-05 10:43:47,691 | INFO | ===== PIPELINE INICIADO =====
2026-08-05 10:43:47,691 | INFO | Iniciando extração dos dados...
2026-08-05 10:43:47,691 | INFO | GET -> https://jsonplaceholder.typicode.com/users
2026-08-05 10:43:47,753 | INFO | 10 registros encontrados.
2026-08-05 10:43:47,753 | INFO | Convertendo JSON para DataFrame...
2026-08-05 10:43:47,754 | INFO | DataFrame criado com 10 registros.
2026-08-05 10:43:47,755 | INFO | Duplicados removidos: 0
2026-08-05 10:43:47,757 | INFO | Colunas padronizadas.
2026-08-05 10:43:47,757 | INFO | Todas as colunas obrigatórias estão presentes.
2026-08-05 10:43:47,758 | INFO | Nenhum valor nulo encontrado.
2026-08-05 10:43:47,759 | INFO | Nenhum registro duplicado encontrado.
2026-08-05 10:43:47,759 | INFO | ========================================
2026-08-05 10:43:47,759 | INFO | RESUMO DA VALIDAÇÃO
2026-08-05 10:43:47,759 | INFO | Linhas: 10
2026-08-05 10:43:47,759 | INFO | Colunas: 15
2026-08-05 10:43:47,760 | INFO | ========================================
2026-08-05 10:43:47,760 | INFO | ===== PIPELINE FINALIZADO =====
2026-08-05 14:10:39,637 | INFO | ===== PIPELINE INICIADO =====
2026-08-05 14:10:39,638 | INFO | Iniciando extração dos dados...
2026-08-05 14:10:39,638 | INFO | GET -> https://jsonplaceholder.typicode.com/users
2026-08-05 14:10:39,710 | INFO | 10 registros encontrados.
2026-08-05 14:10:39,710 | INFO | Convertendo JSON para DataFrame...
2026-08-05 14:10:39,712 | INFO | DataFrame criado com 10 registros.
2026-08-05 14:10:39,713 | INFO | Duplicados removidos: 0
2026-08-05 14:10:39,714 | INFO | Colunas padronizadas.
2026-08-05 14:10:39,715 | INFO | Todas as colunas obrigatórias estão presentes.
2026-08-05 14:10:39,716 | INFO | Nenhum valor nulo encontrado.
2026-08-05 14:10:39,717 | INFO | Nenhum registro duplicado encontrado.
2026-08-05 14:10:39,717 | INFO | ========================================
2026-08-05 14:10:39,717 | INFO | RESUMO DA VALIDAÇÃO
2026-08-05 14:10:39,717 | INFO | Linhas: 10
2026-08-05 14:10:39,717 | INFO | Colunas: 15
2026-08-05 14:10:39,717 | INFO | ========================================
2026-08-05 14:10:39,717 | INFO | Salvando dados na tabela 'usuarios'...
2026-08-05 14:10:39,725 | INFO | Dados salvos com sucesso.
2026-08-05 14:10:39,725 | INFO | ===== PIPELINE FINALIZADO =====
2026-08-06 09:13:50,900 | INFO | ===== PIPELINE INICIADO =====
2026-08-06 09:13:50,900 | INFO | Iniciando extração dos dados...
2026-08-06 09:13:50,900 | INFO | GET -> https://jsonplaceholder.typicode.com/users
2026-08-06 09:13:50,998 | INFO | 10 registros encontrados.
2026-08-06 09:13:50,998 | INFO | Convertendo JSON para DataFrame...
2026-08-06 09:13:51,001 | INFO | DataFrame criado com 10 registros.
2026-08-06 09:13:51,011 | INFO | Duplicados removidos: 0
2026-08-06 09:13:51,013 | INFO | Colunas padronizadas.
2026-08-06 09:13:51,013 | INFO | Todas as colunas obrigatórias estão presentes.
2026-08-06 09:13:51,014 | INFO | Nenhum valor nulo encontrado.
2026-08-06 09:13:51,015 | INFO | Nenhum registro duplicado encontrado.
2026-08-06 09:13:51,015 | INFO | ========================================
2026-08-06 09:13:51,016 | INFO | RESUMO DA VALIDAÇÃO
2026-08-06 09:13:51,016 | INFO | Linhas: 10
2026-08-06 09:13:51,016 | INFO | Colunas: 15
2026-08-06 09:13:51,016 | INFO | ========================================
2026-08-06 09:13:51,016 | INFO | Salvando dados na tabela 'usuarios'...
2026-08-06 09:13:51,031 | INFO | Dados salvos com sucesso.
2026-08-06 09:13:51,031 | INFO | ===== PIPELINE FINALIZADO =====
2026-08-06 09:17:31,348 | INFO | ===== PIPELINE INICIADO =====
2026-08-06 09:17:31,348 | INFO | Iniciando extração dos dados...
2026-08-06 09:17:31,349 | INFO | GET -> https://jsonplaceholder.typicode.com/users
2026-08-06 09:17:31,403 | INFO | 10 registros encontrados.
2026-08-06 09:17:31,403 | INFO | Convertendo JSON para DataFrame...
2026-08-06 09:17:31,404 | INFO | DataFrame criado com 10 registros.
2026-08-06 09:17:31,406 | INFO | Duplicados removidos: 0
2026-08-06 09:17:31,407 | INFO | Colunas padronizadas.
2026-08-06 09:17:31,407 | INFO | Todas as colunas obrigatórias estão presentes.
2026-08-06 09:17:31,408 | INFO | Nenhum valor nulo encontrado.
2026-08-06 09:17:31,409 | INFO | Nenhum registro duplicado encontrado.
2026-08-06 09:17:31,409 | INFO | ========================================
2026-08-06 09:17:31,409 | INFO | RESUMO DA VALIDAÇÃO
2026-08-06 09:17:31,409 | INFO | Linhas: 10
2026-08-06 09:17:31,410 | INFO | Colunas: 15
2026-08-06 09:17:31,410 | INFO | ========================================
2026-08-06 09:17:31,410 | INFO | Salvando dados na tabela 'usuarios'...
2026-08-06 09:17:31,418 | INFO | Dados salvos com sucesso.
2026-08-06 09:17:31,418 | INFO | ===== PIPELINE FINALIZADO =====
2026-08-06 09:20:33,684 | INFO | ===== PIPELINE INICIADO =====
2026-08-06 09:20:33,684 | INFO | Iniciando extração dos dados...
2026-08-06 09:20:33,684 | INFO | GET -> https://jsonplaceholder.typicode.com/users
2026-08-06 09:20:33,741 | INFO | 10 registros encontrados.
2026-08-06 09:20:33,741 | INFO | Convertendo JSON para DataFrame...
2026-08-06 09:20:33,742 | INFO | DataFrame criado com 10 registros.
2026-08-06 09:20:33,743 | INFO | Duplicados removidos: 0
2026-08-06 09:20:33,745 | INFO | Colunas padronizadas.
2026-08-06 09:20:33,745 | INFO | Todas as colunas obrigatórias estão presentes.
2026-08-06 09:20:33,746 | INFO | Nenhum valor nulo encontrado.
2026-08-06 09:20:33,747 | INFO | Nenhum registro duplicado encontrado.
2026-08-06 09:20:33,747 | INFO | ========================================
2026-08-06 09:20:33,747 | INFO | RESUMO DA VALIDAÇÃO
2026-08-06 09:20:33,748 | INFO | Linhas: 10
2026-08-06 09:20:33,748 | INFO | Colunas: 15
2026-08-06 09:20:33,748 | INFO | ========================================
2026-08-06 09:20:33,748 | INFO | Salvando dados na tabela 'usuarios'...
2026-08-06 09:20:33,759 | INFO | Dados salvos com sucesso.
2026-08-06 09:20:33,759 | INFO | ===== PIPELINE FINALIZADO =====
2026-08-06 09:23:55,653 | INFO | ===== PIPELINE INICIADO =====
2026-08-06 09:23:55,653 | INFO | Iniciando extração dos dados...
2026-08-06 09:23:55,653 | INFO | GET -> https://jsonplaceholder.typicode.com/users
2026-08-06 09:23:55,719 | INFO | 10 registros encontrados.
2026-08-06 09:23:55,719 | INFO | Convertendo JSON para DataFrame...
2026-08-06 09:23:55,723 | INFO | DataFrame criado com 10 registros.
2026-08-06 09:23:55,727 | INFO | Duplicados removidos: 0
2026-08-06 09:23:55,729 | INFO | Colunas padronizadas.
2026-08-06 09:23:55,729 | INFO | Todas as colunas obrigatórias estão presentes.
2026-08-06 09:23:55,731 | INFO | Nenhum valor nulo encontrado.
2026-08-06 09:23:55,733 | INFO | Nenhum registro duplicado encontrado.
2026-08-06 09:23:55,733 | INFO | ========================================
2026-08-06 09:23:55,733 | INFO | RESUMO DA VALIDAÇÃO
2026-08-06 09:23:55,733 | INFO | Linhas: 10
2026-08-06 09:23:55,733 | INFO | Colunas: 15
2026-08-06 09:23:55,733 | INFO | ========================================
2026-08-06 09:23:55,733 | INFO | Salvando dados na tabela 'usuarios'...
2026-08-06 09:23:55,743 | INFO | Dados salvos com sucesso.
2026-08-06 09:23:55,744 | INFO | Iniciando exportação dos arquivos...
2026-08-06 09:23:55,744 | INFO | Exportando CSV: C:\Users\gabri\OneDrive\Área de Trabalho\Cursos\Pos Tech Data Analytics\Projetos GitHub\olist_finance_automation\dados\tratado\usuarios.csv
2026-08-06 09:23:55,749 | INFO | Exportando Excel: C:\Users\gabri\OneDrive\Área de Trabalho\Cursos\Pos Tech Data Analytics\Projetos GitHub\olist_finance_automation\dados\tratado\usuarios.xlsx
2026-08-06 09:25:21,871 | INFO | ===== PIPELINE INICIADO =====
2026-08-06 09:25:21,871 | INFO | Iniciando extração dos dados...
2026-08-06 09:25:21,871 | INFO | GET -> https://jsonplaceholder.typicode.com/users
2026-08-06 09:25:21,948 | INFO | 10 registros encontrados.
2026-08-06 09:25:21,948 | INFO | Convertendo JSON para DataFrame...
2026-08-06 09:25:21,953 | INFO | DataFrame criado com 10 registros.
2026-08-06 09:25:21,955 | INFO | Duplicados removidos: 0
2026-08-06 09:25:21,957 | INFO | Colunas padronizadas.
2026-08-06 09:25:21,957 | INFO | Todas as colunas obrigatórias estão presentes.
2026-08-06 09:25:21,959 | INFO | Nenhum valor nulo encontrado.
2026-08-06 09:25:21,961 | INFO | Nenhum registro duplicado encontrado.
2026-08-06 09:25:21,961 | INFO | ========================================
2026-08-06 09:25:21,961 | INFO | RESUMO DA VALIDAÇÃO
2026-08-06 09:25:21,961 | INFO | Linhas: 10
2026-08-06 09:25:21,961 | INFO | Colunas: 15
2026-08-06 09:25:21,961 | INFO | ========================================
2026-08-06 09:25:21,961 | INFO | Salvando dados na tabela 'usuarios'...
2026-08-06 09:25:21,974 | INFO | Dados salvos com sucesso.
2026-08-06 09:25:21,974 | INFO | Iniciando exportação dos arquivos...
2026-08-06 09:25:21,975 | INFO | Exportando CSV: C:\Users\gabri\OneDrive\Área de Trabalho\Cursos\Pos Tech Data Analytics\Projetos GitHub\olist_finance_automation\dados\tratado\usuarios.csv
2026-08-06 09:25:21,978 | INFO | Exportando Excel: C:\Users\gabri\OneDrive\Área de Trabalho\Cursos\Pos Tech Data Analytics\Projetos GitHub\olist_finance_automation\dados\tratado\usuarios.xlsx
2026-08-06 09:25:22,212 | INFO | Exportando Parquet: C:\Users\gabri\OneDrive\Área de Trabalho\Cursos\Pos Tech Data Analytics\Projetos GitHub\olist_finance_automation\dados\tratado\usuarios.parquet
2026-08-06 09:25:22,228 | INFO | Exportações finalizadas com sucesso.
2026-08-06 09:25:22,228 | INFO | ===== PIPELINE FINALIZADO =====
2026-08-06 09:43:05,668 | INFO | ===== PIPELINE INICIADO =====
2026-08-06 09:43:05,668 | INFO | Iniciando extração dos dados...
2026-08-06 09:43:05,668 | INFO | GET -> https://jsonplaceholder.typicode.com/users
2026-08-06 09:43:05,733 | INFO | 10 registros encontrados.
2026-08-06 09:43:05,733 | INFO | Convertendo JSON para DataFrame...
2026-08-06 09:43:05,740 | INFO | DataFrame criado com 10 registros.
2026-08-06 09:43:05,743 | INFO | Duplicados removidos: 0
2026-08-06 09:43:05,745 | INFO | Colunas padronizadas.
2026-08-06 09:43:05,746 | INFO | Todas as colunas obrigatórias estão presentes.
2026-08-06 09:43:05,748 | INFO | Nenhum valor nulo encontrado.
2026-08-06 09:43:05,750 | INFO | Nenhum registro duplicado encontrado.
2026-08-06 09:43:05,750 | INFO | ========================================
2026-08-06 09:43:05,750 | INFO | RESUMO DA VALIDAÇÃO
2026-08-06 09:43:05,750 | INFO | Linhas: 10
2026-08-06 09:43:05,750 | INFO | Colunas: 15
2026-08-06 09:43:05,750 | INFO | ========================================
2026-08-06 09:43:05,751 | INFO | Salvando dados na tabela 'usuarios'...
2026-08-06 09:43:05,761 | INFO | Dados salvos com sucesso.
2026-08-06 09:43:05,761 | INFO | Iniciando exportação dos arquivos...
2026-08-06 09:43:05,761 | INFO | Exportando CSV: C:\Users\gabri\OneDrive\Área de Trabalho\Cursos\Pos Tech Data Analytics\Projetos GitHub\olist_finance_automation\dados\tratado\usuarios.csv
2026-08-06 09:43:05,765 | INFO | Exportando Excel: C:\Users\gabri\OneDrive\Área de Trabalho\Cursos\Pos Tech Data Analytics\Projetos GitHub\olist_finance_automation\dados\tratado\usuarios.xlsx
2026-08-06 09:43:05,789 | INFO | Exportando Parquet: C:\Users\gabri\OneDrive\Área de Trabalho\Cursos\Pos Tech Data Analytics\Projetos GitHub\olist_finance_automation\dados\tratado\usuarios.parquet
2026-08-06 09:43:05,802 | INFO | Exportações finalizadas com sucesso.
2026-08-06 09:43:05,802 | INFO | Atualizando Dashboard Excel...
2026-08-06 09:43:05,823 | INFO | Dashboard atualizado com sucesso.
2026-08-06 09:43:05,823 | INFO | ===== PIPELINE FINALIZADO =====
2026-08-06 09:49:01,237 | INFO | ===== PIPELINE INICIADO =====
2026-08-06 09:49:01,237 | INFO | Iniciando extração dos dados...
2026-08-06 09:49:01,237 | INFO | GET -> https://jsonplaceholder.typicode.com/users
2026-08-06 09:49:01,319 | INFO | 10 registros encontrados.
2026-08-06 09:49:01,319 | INFO | Convertendo JSON para DataFrame...
2026-08-06 09:49:01,324 | INFO | DataFrame criado com 10 registros.
2026-08-06 09:49:01,328 | INFO | Duplicados removidos: 0
2026-08-06 09:49:01,329 | INFO | Metadados adicionados ao DataFrame.
2026-08-06 09:49:01,332 | INFO | Colunas padronizadas.
2026-08-06 09:49:01,332 | INFO | Todas as colunas obrigatórias estão presentes.
2026-08-06 09:49:01,334 | INFO | Nenhum valor nulo encontrado.
2026-08-06 09:49:01,336 | INFO | Nenhum registro duplicado encontrado.
2026-08-06 09:49:01,336 | INFO | ========================================
2026-08-06 09:49:01,336 | INFO | RESUMO DA VALIDAÇÃO
2026-08-06 09:49:01,336 | INFO | Linhas: 10
2026-08-06 09:49:01,337 | INFO | Colunas: 17
2026-08-06 09:49:01,337 | INFO | ========================================
2026-08-06 09:49:01,337 | INFO | Salvando dados na tabela 'usuarios'...
2026-08-06 09:49:01,348 | INFO | Dados salvos com sucesso.
2026-08-06 09:49:01,349 | INFO | Iniciando exportação dos arquivos...
2026-08-06 09:49:01,349 | INFO | Exportando CSV: C:\Users\gabri\OneDrive\Área de Trabalho\Cursos\Pos Tech Data Analytics\Projetos GitHub\olist_finance_automation\dados\tratado\usuarios.csv
2026-08-06 09:49:01,354 | INFO | Exportando Excel: C:\Users\gabri\OneDrive\Área de Trabalho\Cursos\Pos Tech Data Analytics\Projetos GitHub\olist_finance_automation\dados\tratado\usuarios.xlsx
2026-08-06 09:49:01,381 | INFO | Exportando Parquet: C:\Users\gabri\OneDrive\Área de Trabalho\Cursos\Pos Tech Data Analytics\Projetos GitHub\olist_finance_automation\dados\tratado\usuarios.parquet
2026-08-06 09:49:01,393 | INFO | Exportações finalizadas com sucesso.
2026-08-06 09:49:01,393 | INFO | Atualizando Dashboard Excel...
2026-08-06 09:49:01,414 | INFO | Dashboard atualizado com sucesso.
2026-08-06 09:49:01,414 | INFO | ===== PIPELINE FINALIZADO =====
2026-08-06 10:14:35,245 | INFO | ===== PIPELINE INICIADO =====
2026-08-06 10:14:35,245 | INFO | Iniciando extração dos dados...
2026-08-06 10:14:35,245 | INFO | GET -> https://jsonplaceholder.typicode.com/users
2026-08-06 10:14:35,326 | INFO | 10 registros encontrados.
2026-08-06 10:14:35,326 | INFO | Convertendo JSON para DataFrame...
2026-08-06 10:14:35,331 | INFO | DataFrame criado com 10 registros.
2026-08-06 10:14:35,334 | INFO | Duplicados removidos: 0
2026-08-06 10:14:35,336 | INFO | Colunas padronizadas.
2026-08-06 10:14:35,337 | INFO | Metadados adicionados ao DataFrame.
2026-08-06 10:14:35,338 | INFO | Todas as colunas obrigatórias estão presentes.
2026-08-06 10:14:35,340 | INFO | Nenhum valor nulo encontrado.
2026-08-06 10:14:35,342 | INFO | Nenhum registro duplicado encontrado.
2026-08-06 10:14:35,342 | INFO | ========================================
2026-08-06 10:14:35,342 | INFO | RESUMO DA VALIDAÇÃO
2026-08-06 10:14:35,342 | INFO | Linhas: 10
2026-08-06 10:14:35,342 | INFO | Colunas: 17
2026-08-06 10:14:35,342 | INFO | ========================================
2026-08-06 10:14:35,343 | INFO | Salvando 10 registros na tabela 'usuarios' (replace)...
2026-08-06 10:14:35,352 | INFO | Dados salvos com sucesso.
2026-08-06 10:14:35,352 | INFO | Iniciando exportação dos arquivos...
2026-08-06 10:14:35,352 | INFO | Exportando CSV: C:\Users\gabri\OneDrive\Área de Trabalho\Cursos\Pos Tech Data Analytics\Projetos GitHub\olist_finance_automation\dados\tratado\usuarios.csv
2026-08-06 10:14:35,356 | INFO | Exportando Excel: C:\Users\gabri\OneDrive\Área de Trabalho\Cursos\Pos Tech Data Analytics\Projetos GitHub\olist_finance_automation\dados\tratado\usuarios.xlsx
2026-08-06 10:14:35,379 | INFO | Exportando Parquet: C:\Users\gabri\OneDrive\Área de Trabalho\Cursos\Pos Tech Data Analytics\Projetos GitHub\olist_finance_automation\dados\tratado\usuarios.parquet
2026-08-06 10:14:35,532 | INFO | Exportações finalizadas com sucesso.
2026-08-06 10:14:35,532 | INFO | Atualizando Dashboard Excel...
2026-08-06 10:14:35,553 | INFO | Dashboard atualizado com sucesso.
2026-08-06 10:14:35,553 | INFO | ===== PIPELINE FINALIZADO =====
2026-08-06 10:20:53,224 | INFO | ===== PIPELINE INICIADO =====
2026-08-06 10:20:53,224 | INFO | Iniciando extração dos dados...
2026-08-06 10:20:53,224 | INFO | GET -> https://jsonplaceholder.typicode.com/users
2026-08-06 10:20:53,292 | INFO | 10 registros encontrados.
2026-08-06 10:20:53,292 | INFO | Convertendo JSON para DataFrame...
2026-08-06 10:20:53,297 | INFO | DataFrame criado com 10 registros.
2026-08-06 10:20:53,300 | INFO | Duplicados removidos: 0
2026-08-06 10:20:53,302 | INFO | Colunas padronizadas.
2026-08-06 10:20:53,303 | INFO | Metadados adicionados ao DataFrame.
2026-08-06 10:20:53,303 | INFO | Todas as colunas obrigatórias estão presentes.
2026-08-06 10:20:53,305 | INFO | Nenhum valor nulo encontrado.
2026-08-06 10:20:53,307 | INFO | Nenhum registro duplicado encontrado.
2026-08-06 10:20:53,307 | INFO | ========================================
2026-08-06 10:20:53,307 | INFO | RESUMO DA VALIDAÇÃO
2026-08-06 10:20:53,307 | INFO | Linhas: 10
2026-08-06 10:20:53,307 | INFO | Colunas: 17
2026-08-06 10:20:53,307 | INFO | ========================================
2026-08-06 10:21:54,247 | INFO | ===== PIPELINE INICIADO =====
2026-08-06 10:21:54,247 | INFO | Iniciando extração dos dados...
2026-08-06 10:21:54,247 | INFO | GET -> https://jsonplaceholder.typicode.com/users
2026-08-06 10:21:54,320 | INFO | 10 registros encontrados.
2026-08-06 10:21:54,320 | INFO | Convertendo JSON para DataFrame...
2026-08-06 10:21:54,325 | INFO | DataFrame criado com 10 registros.
2026-08-06 10:21:54,328 | INFO | Duplicados removidos: 0
2026-08-06 10:21:54,330 | INFO | Colunas padronizadas.
2026-08-06 10:21:54,331 | INFO | Metadados adicionados ao DataFrame.
2026-08-06 10:21:54,331 | INFO | Todas as colunas obrigatórias estão presentes.
2026-08-06 10:21:54,333 | INFO | Nenhum valor nulo encontrado.
2026-08-06 10:21:54,336 | INFO | Nenhum registro duplicado encontrado.
2026-08-06 10:21:54,336 | INFO | ========================================
2026-08-06 10:21:54,336 | INFO | RESUMO DA VALIDAÇÃO
2026-08-06 10:21:54,336 | INFO | Linhas: 10
2026-08-06 10:21:54,336 | INFO | Colunas: 17
2026-08-06 10:21:54,336 | INFO | ========================================
2026-08-06 10:21:54,336 | INFO | Salvando 10 registros na tabela 'usuarios' (replace)...
2026-08-06 10:21:54,347 | INFO | Dados salvos com sucesso.
2026-08-06 10:21:54,348 | INFO | Iniciando exportação dos arquivos...
2026-08-06 10:21:54,348 | INFO | Exportando CSV: C:\Users\gabri\OneDrive\Área de Trabalho\Cursos\Pos Tech Data Analytics\Projetos GitHub\olist_finance_automation\dados\tratado\usuarios.csv
2026-08-06 10:21:54,354 | INFO | Exportando Excel: C:\Users\gabri\OneDrive\Área de Trabalho\Cursos\Pos Tech Data Analytics\Projetos GitHub\olist_finance_automation\dados\tratado\usuarios.xlsx
2026-08-06 10:21:54,380 | INFO | Exportando Parquet: C:\Users\gabri\OneDrive\Área de Trabalho\Cursos\Pos Tech Data Analytics\Projetos GitHub\olist_finance_automation\dados\tratado\usuarios.parquet
2026-08-06 10:21:54,395 | INFO | Exportações finalizadas com sucesso.
2026-08-06 10:21:54,395 | INFO | Atualizando Dashboard Excel...
2026-08-06 10:21:54,417 | INFO | Dashboard atualizado com sucesso.
2026-08-06 10:21:54,417 | INFO | ===== PIPELINE FINALIZADO =====
2026-08-06 10:28:21,039 | INFO | ==================================================
2026-08-06 10:28:21,039 | INFO | PIPELINE INICIADO
2026-08-06 10:28:21,039 | INFO | ==================================================
2026-08-06 10:28:21,039 | INFO | Iniciando extração dos dados...
2026-08-06 10:28:21,039 | INFO | GET -> https://jsonplaceholder.typicode.com/users
2026-08-06 10:28:21,130 | INFO | 10 registros encontrados.
2026-08-06 10:28:21,130 | INFO | Convertendo JSON para DataFrame...
2026-08-06 10:28:21,135 | INFO | DataFrame criado com 10 registros.
2026-08-06 10:28:21,138 | INFO | Duplicados removidos: 0
2026-08-06 10:28:21,140 | INFO | Colunas padronizadas.
2026-08-06 10:28:21,141 | INFO | Metadados adicionados ao DataFrame.
2026-08-06 10:28:21,141 | INFO | Todas as colunas obrigatórias estão presentes.
2026-08-06 10:28:21,143 | INFO | Nenhum valor nulo encontrado.
2026-08-06 10:28:21,145 | INFO | Nenhum registro duplicado encontrado.
2026-08-06 10:28:21,145 | INFO | ========================================
2026-08-06 10:28:21,145 | INFO | RESUMO DA VALIDAÇÃO
2026-08-06 10:28:21,145 | INFO | Linhas: 10
2026-08-06 10:28:21,145 | INFO | Colunas: 17
2026-08-06 10:28:21,145 | INFO | ========================================
2026-08-06 10:28:21,146 | INFO | Salvando 10 registros na tabela 'usuarios' (replace)...
2026-08-06 10:28:21,159 | INFO | Dados salvos com sucesso.
2026-08-06 10:28:21,159 | INFO | Iniciando exportação dos arquivos...
2026-08-06 10:28:21,160 | INFO | Exportando CSV: C:\Users\gabri\OneDrive\Área de Trabalho\Cursos\Pos Tech Data Analytics\Projetos GitHub\olist_finance_automation\dados\tratado\usuarios.csv
2026-08-06 10:28:21,164 | INFO | Exportando Excel: C:\Users\gabri\OneDrive\Área de Trabalho\Cursos\Pos Tech Data Analytics\Projetos GitHub\olist_finance_automation\dados\tratado\usuarios.xlsx
2026-08-06 10:28:21,189 | INFO | Exportando Parquet: C:\Users\gabri\OneDrive\Área de Trabalho\Cursos\Pos Tech Data Analytics\Projetos GitHub\olist_finance_automation\dados\tratado\usuarios.parquet
2026-08-06 10:28:21,203 | INFO | Exportações finalizadas com sucesso.
2026-08-06 10:28:21,203 | INFO | Atualizando Dashboard Excel...
2026-08-06 10:28:21,222 | INFO | Dashboard atualizado com sucesso.
2026-08-06 10:28:21,222 | INFO | ==================================================
2026-08-06 10:28:21,222 | INFO | PIPELINE FINALIZADO
2026-08-06 10:28:21,222 | INFO | ==================================================
2026-08-06 10:50:05,553 | INFO | ==================================================
2026-08-06 10:50:05,553 | INFO | PIPELINE INICIADO
2026-08-06 10:50:05,554 | INFO | ==================================================
2026-08-06 10:50:05,554 | INFO | Iniciando extração dos dados...
2026-08-06 10:50:05,554 | INFO | GET -> https://jsonplaceholder.typicode.com/users
2026-08-06 10:50:05,609 | INFO | 10 registros encontrados.
2026-08-06 10:50:05,610 | INFO | Convertendo JSON para DataFrame...
2026-08-06 10:50:05,616 | INFO | DataFrame criado com 10 registros.
2026-08-06 10:50:05,619 | INFO | Duplicados removidos: 0
2026-08-06 10:50:05,621 | INFO | Colunas padronizadas.
2026-08-06 10:50:05,622 | INFO | Metadados adicionados ao DataFrame.
2026-08-06 10:50:05,623 | INFO | Todas as colunas obrigatórias estão presentes.
2026-08-06 10:50:05,624 | INFO | Nenhum valor nulo encontrado.
2026-08-06 10:50:05,628 | INFO | Nenhum registro duplicado encontrado.
2026-08-06 10:50:05,628 | INFO | ========================================
2026-08-06 10:50:05,628 | INFO | RESUMO DA VALIDAÇÃO
2026-08-06 10:50:05,628 | INFO | Linhas: 10
2026-08-06 10:50:05,628 | INFO | Colunas: 17
2026-08-06 10:50:05,628 | INFO | ========================================
2026-08-06 10:50:05,628 | INFO | Salvando 10 registros na tabela 'usuarios' (replace)...
2026-08-06 10:50:05,639 | INFO | Dados salvos com sucesso em 'C:\Users\gabri\OneDrive\Área de Trabalho\Cursos\Pos Tech Data Analytics\Projetos GitHub\olist_finance_automation\database\olist.db'.
2026-08-06 10:50:05,639 | INFO | Iniciando exportação dos arquivos...
2026-08-06 10:50:05,639 | INFO | Exportando CSV: C:\Users\gabri\OneDrive\Área de Trabalho\Cursos\Pos Tech Data Analytics\Projetos GitHub\olist_finance_automation\dados\tratado\usuarios.csv
2026-08-06 10:50:05,644 | INFO | Exportando Excel: C:\Users\gabri\OneDrive\Área de Trabalho\Cursos\Pos Tech Data Analytics\Projetos GitHub\olist_finance_automation\dados\tratado\usuarios.xlsx
2026-08-06 10:50:05,675 | INFO | Exportando Parquet: C:\Users\gabri\OneDrive\Área de Trabalho\Cursos\Pos Tech Data Analytics\Projetos GitHub\olist_finance_automation\dados\tratado\usuarios.parquet
2026-08-06 10:50:05,691 | INFO | Exportações finalizadas com sucesso.
2026-08-06 10:50:05,691 | INFO | Atualizando Dashboard Excel...
2026-08-06 10:50:05,718 | INFO | Dashboard atualizado com sucesso.
2026-08-06 10:50:05,719 | INFO | ==================================================
2026-08-06 10:50:05,719 | INFO | PIPELINE FINALIZADO
2026-08-06 10:50:05,719 | INFO | ==================================================
2026-08-06 10:58:39,915 | INFO | ============================================================
2026-08-06 10:58:39,915 | INFO | INICIANDO APLICAÇÃO
2026-08-06 10:58:39,915 | INFO | ============================================================
2026-08-06 10:58:39,915 | INFO | ==================================================
2026-08-06 10:58:39,916 | INFO | PIPELINE INICIADO
2026-08-06 10:58:39,916 | INFO | ==================================================
2026-08-06 10:58:39,916 | INFO | Iniciando extração dos dados...
2026-08-06 10:58:39,916 | INFO | GET -> https://jsonplaceholder.typicode.com/users
2026-08-06 10:58:39,972 | INFO | 10 registros encontrados.
2026-08-06 10:58:39,973 | INFO | Convertendo JSON para DataFrame...
2026-08-06 10:58:39,977 | INFO | DataFrame criado com 10 registros.
2026-08-06 10:58:39,981 | INFO | Duplicados removidos: 0
2026-08-06 10:58:39,983 | INFO | Colunas padronizadas.
2026-08-06 10:58:39,984 | INFO | Metadados adicionados ao DataFrame.
2026-08-06 10:58:39,984 | INFO | Todas as colunas obrigatórias estão presentes.
2026-08-06 10:58:39,986 | INFO | Nenhum valor nulo encontrado.
2026-08-06 10:58:39,988 | INFO | Nenhum registro duplicado encontrado.
2026-08-06 10:58:39,988 | INFO | ========================================
2026-08-06 10:58:39,988 | INFO | RESUMO DA VALIDAÇÃO
2026-08-06 10:58:39,989 | INFO | Linhas: 10
2026-08-06 10:58:39,989 | INFO | Colunas: 17
2026-08-06 10:58:39,989 | INFO | ========================================
2026-08-06 10:58:39,989 | INFO | Salvando 10 registros na tabela 'usuarios' (replace)...
2026-08-06 10:58:40,003 | INFO | Dados salvos com sucesso em 'C:\Users\gabri\OneDrive\Área de Trabalho\Cursos\Pos Tech Data Analytics\Projetos GitHub\olist_finance_automation\database\olist.db'.
2026-08-06 10:58:40,003 | INFO | Iniciando exportação dos arquivos...
2026-08-06 10:58:40,003 | INFO | Exportando CSV: C:\Users\gabri\OneDrive\Área de Trabalho\Cursos\Pos Tech Data Analytics\Projetos GitHub\olist_finance_automation\dados\tratado\usuarios.csv
2026-08-06 10:58:40,007 | INFO | Exportando Excel: C:\Users\gabri\OneDrive\Área de Trabalho\Cursos\Pos Tech Data Analytics\Projetos GitHub\olist_finance_automation\dados\tratado\usuarios.xlsx
2026-08-06 10:58:40,032 | INFO | Exportando Parquet: C:\Users\gabri\OneDrive\Área de Trabalho\Cursos\Pos Tech Data Analytics\Projetos GitHub\olist_finance_automation\dados\tratado\usuarios.parquet
2026-08-06 10:58:40,045 | INFO | Exportações finalizadas com sucesso.
2026-08-06 10:58:40,045 | INFO | Atualizando Dashboard Excel...
2026-08-06 10:58:40,066 | INFO | Dashboard atualizado com sucesso.
2026-08-06 10:58:40,066 | INFO | ==================================================
2026-08-06 10:58:40,066 | INFO | PIPELINE FINALIZADO
2026-08-06 10:58:40,066 | INFO | ==================================================
2026-08-06 10:58:40,067 | INFO | Aplicação executada com sucesso.
2026-08-06 10:58:40,081 | INFO | ============================================================
2026-08-06 10:58:40,081 | INFO | FIM DA EXECUÇÃO
2026-08-06 10:58:40,082 | INFO | ============================================================
2026-08-07 09:58:08,071 | INFO | ============================================================
2026-08-07 09:58:08,071 | INFO | INICIANDO APLICAÇÃO
2026-08-07 09:58:08,072 | INFO | ============================================================
2026-08-07 09:58:08,072 | INFO | ==================================================
2026-08-07 09:58:08,072 | INFO | PIPELINE INICIADO
2026-08-07 09:58:08,072 | INFO | ==================================================
2026-08-07 09:58:08,072 | INFO | Iniciando extração dos dados...
2026-08-07 09:58:08,072 | INFO | GET -> https://jsonplaceholder.typicode.com/users
2026-08-07 09:58:08,171 | INFO | 10 registros encontrados.
2026-08-07 09:58:08,171 | INFO | Convertendo JSON para DataFrame...
2026-08-07 09:58:08,181 | INFO | DataFrame criado com 10 registros.
2026-08-07 09:58:08,202 | INFO | Duplicados removidos: 0
2026-08-07 09:58:08,210 | INFO | Colunas padronizadas.
2026-08-07 09:58:08,212 | INFO | Metadados adicionados ao DataFrame.
2026-08-07 09:58:08,212 | INFO | Todas as colunas obrigatórias estão presentes.
2026-08-07 09:58:08,216 | INFO | Nenhum valor nulo encontrado.
2026-08-07 09:58:08,218 | INFO | Nenhum registro duplicado encontrado.
2026-08-07 09:58:08,219 | INFO | ========================================
2026-08-07 09:58:08,219 | INFO | RESUMO DA VALIDAÇÃO
2026-08-07 09:58:08,219 | INFO | Linhas: 10
2026-08-07 09:58:08,219 | INFO | Colunas: 17
2026-08-07 09:58:08,219 | INFO | ========================================
2026-08-07 09:58:08,219 | INFO | Salvando 10 registros na tabela 'usuarios' (replace)...
2026-08-07 09:58:08,236 | INFO | Dados salvos com sucesso em 'C:\Users\gabri\OneDrive\Área de Trabalho\Cursos\Pos Tech Data Analytics\Projetos GitHub\Business Analytics Automation\database\olist.db'.
2026-08-07 09:58:08,236 | INFO | Iniciando exportação dos arquivos...
2026-08-07 09:58:08,236 | INFO | Exportando CSV: C:\Users\gabri\OneDrive\Área de Trabalho\Cursos\Pos Tech Data Analytics\Projetos GitHub\Business Analytics Automation\dados\tratado\usuarios.csv
2026-08-07 09:58:08,240 | INFO | Exportando Excel: C:\Users\gabri\OneDrive\Área de Trabalho\Cursos\Pos Tech Data Analytics\Projetos GitHub\Business Analytics Automation\dados\tratado\usuarios.xlsx
2026-08-07 09:58:08,267 | INFO | Exportando Parquet: C:\Users\gabri\OneDrive\Área de Trabalho\Cursos\Pos Tech Data Analytics\Projetos GitHub\Business Analytics Automation\dados\tratado\usuarios.parquet
2026-08-07 09:58:08,461 | INFO | Exportações finalizadas com sucesso.
2026-08-07 09:58:08,461 | INFO | Atualizando Dashboard Excel...
2026-08-07 09:58:08,492 | INFO | Dashboard atualizado com sucesso.
2026-08-07 09:58:08,492 | INFO | ==================================================
2026-08-07 09:58:08,492 | INFO | PIPELINE FINALIZADO
2026-08-07 09:58:08,493 | INFO | ==================================================
2026-08-07 09:58:08,493 | INFO | Aplicação executada com sucesso.
2026-08-07 09:58:08,513 | INFO | ============================================================
2026-08-07 09:58:08,513 | INFO | FIM DA EXECUÇÃO
2026-08-07 09:58:08,513 | INFO | ============================================================
2026-08-07 10:32:24,544 | INFO | ============================================================
2026-08-07 10:32:24,544 | INFO | INICIANDO APLICAÇÃO
2026-08-07 10:32:24,544 | INFO | ============================================================
2026-08-07 10:32:24,545 | INFO | ============================================================
2026-08-07 10:32:24,545 | INFO | PIPELINE INICIADO
2026-08-07 10:32:24,545 | INFO | ============================================================
2026-08-07 10:32:24,545 | INFO | Iniciando extração dos dados...
2026-08-07 10:32:24,545 | INFO | GET -> https://jsonplaceholder.typicode.com/users
2026-08-07 10:32:24,634 | INFO | 10 registros encontrados.
2026-08-07 10:32:24,634 | INFO | Convertendo JSON para DataFrame...
2026-08-07 10:32:24,638 | INFO | DataFrame criado com 10 registros.
2026-08-07 10:32:24,641 | INFO | Duplicados removidos: 0
2026-08-07 10:32:24,643 | INFO | Colunas padronizadas.
2026-08-07 10:32:24,645 | INFO | Metadados adicionados ao DataFrame.
2026-08-07 10:32:24,645 | INFO | Todas as colunas obrigatórias estão presentes.
2026-08-07 10:32:24,647 | INFO | Nenhum valor nulo encontrado.
2026-08-07 10:32:24,650 | INFO | Nenhum registro duplicado encontrado.
2026-08-07 10:32:24,650 | INFO | ========================================
2026-08-07 10:32:24,650 | INFO | RESUMO DA VALIDAÇÃO
2026-08-07 10:32:24,650 | INFO | Linhas: 10
2026-08-07 10:32:24,650 | INFO | Colunas: 17
2026-08-07 10:32:24,651 | INFO | ========================================
2026-08-07 10:32:24,651 | INFO | ============================================================
2026-08-07 10:32:24,652 | INFO | KPIs DO NEGÓCIO
2026-08-07 10:32:24,652 | INFO | ============================================================
2026-08-07 10:32:24,652 | INFO | total_registros: 10
2026-08-07 10:32:24,652 | INFO | total_colunas: 17
2026-08-07 10:32:24,652 | INFO | receita_total: 0.0
2026-08-07 10:32:24,652 | INFO | ticket_medio: 0.0
2026-08-07 10:32:24,652 | INFO | lucro_total: 0.0
2026-08-07 10:32:24,653 | INFO | clientes: 0
2026-08-07 10:32:24,653 | INFO | produtos: 0
2026-08-07 10:32:24,653 | INFO | categorias: 0
2026-08-07 10:32:24,653 | INFO | pedidos: 10
2026-08-07 10:32:24,653 | INFO | ============================================================
2026-08-07 10:32:24,653 | INFO | Salvando 10 registros na tabela 'usuarios' (replace)...
2026-08-07 10:32:24,666 | INFO | Dados salvos com sucesso em 'C:\Users\gabri\OneDrive\Área de Trabalho\Cursos\Pos Tech Data Analytics\Projetos GitHub\Business Analytics Automation\database\olist.db'.
2026-08-07 10:32:24,666 | INFO | Iniciando exportação dos arquivos...
2026-08-07 10:32:24,667 | INFO | Exportando CSV: C:\Users\gabri\OneDrive\Área de Trabalho\Cursos\Pos Tech Data Analytics\Projetos GitHub\Business Analytics Automation\dados\tratado\usuarios.csv
2026-08-07 10:32:24,670 | INFO | Exportando Excel: C:\Users\gabri\OneDrive\Área de Trabalho\Cursos\Pos Tech Data Analytics\Projetos GitHub\Business Analytics Automation\dados\tratado\usuarios.xlsx
2026-08-07 10:32:24,696 | INFO | Exportando Parquet: C:\Users\gabri\OneDrive\Área de Trabalho\Cursos\Pos Tech Data Analytics\Projetos GitHub\Business Analytics Automation\dados\tratado\usuarios.parquet
2026-08-07 10:32:24,710 | INFO | Exportações finalizadas com sucesso.
2026-08-07 10:32:24,710 | INFO | Atualizando Dashboard Excel...
2026-08-07 10:32:24,731 | INFO | Dashboard atualizado com sucesso.
2026-08-07 10:32:24,731 | INFO | ============================================================
2026-08-07 10:32:24,731 | INFO | PIPELINE FINALIZADO
2026-08-07 10:32:24,731 | INFO | ============================================================
2026-08-07 10:32:24,731 | INFO | Aplicação executada com sucesso.
2026-08-07 10:32:24,746 | INFO | ============================================================
2026-08-07 10:32:24,746 | INFO | FIM DA EXECUÇÃO
2026-08-07 10:32:24,746 | INFO | ============================================================
2026-08-07 10:36:54,950 | INFO | ============================================================
2026-08-07 10:36:54,950 | INFO | INICIANDO APLICAÇÃO
2026-08-07 10:36:54,950 | INFO | ============================================================
2026-08-07 10:36:54,951 | INFO | ============================================================
2026-08-07 10:36:54,951 | INFO | PIPELINE INICIADO
2026-08-07 10:36:54,951 | INFO | ============================================================
2026-08-07 10:36:54,951 | INFO | Iniciando extração dos dados...
2026-08-07 10:36:54,951 | INFO | GET -> https://jsonplaceholder.typicode.com/users
2026-08-07 10:36:55,029 | INFO | 10 registros encontrados.
2026-08-07 10:36:55,029 | INFO | Convertendo JSON para DataFrame...
2026-08-07 10:36:55,034 | INFO | DataFrame criado com 10 registros.
2026-08-07 10:36:55,036 | INFO | Duplicados removidos: 0
2026-08-07 10:36:55,038 | INFO | Colunas padronizadas.
2026-08-07 10:36:55,039 | INFO | Metadados adicionados ao DataFrame.
2026-08-07 10:36:55,040 | INFO | Todas as colunas obrigatórias estão presentes.
2026-08-07 10:36:55,041 | INFO | Nenhum valor nulo encontrado.
2026-08-07 10:36:55,044 | INFO | Nenhum registro duplicado encontrado.
2026-08-07 10:36:55,044 | INFO | ========================================
2026-08-07 10:36:55,044 | INFO | RESUMO DA VALIDAÇÃO
2026-08-07 10:36:55,044 | INFO | Linhas: 10
2026-08-07 10:36:55,044 | INFO | Colunas: 17
2026-08-07 10:36:55,044 | INFO | ========================================
2026-08-07 10:36:55,045 | INFO | ============================================================
2026-08-07 10:36:55,045 | INFO | KPIs DO NEGÓCIO
2026-08-07 10:36:55,045 | INFO | ============================================================
2026-08-07 10:36:55,045 | INFO | receita_total: 0.0
2026-08-07 10:36:55,045 | INFO | ticket_medio: 0.0
2026-08-07 10:36:55,045 | INFO | lucro_total: 0.0
2026-08-07 10:36:55,046 | INFO | clientes: 0
2026-08-07 10:36:55,046 | INFO | produtos: 0
2026-08-07 10:36:55,046 | INFO | categorias: 0
2026-08-07 10:36:55,046 | INFO | pedidos: 10
2026-08-07 10:36:55,046 | INFO | total_registros: 10
2026-08-07 10:36:55,046 | INFO | total_colunas: 17
2026-08-07 10:36:55,046 | INFO | ============================================================
2026-08-07 10:36:55,046 | INFO | Salvando 10 registros na tabela 'usuarios' (replace)...
2026-08-07 10:36:55,056 | INFO | Dados salvos com sucesso em 'C:\Users\gabri\OneDrive\Área de Trabalho\Cursos\Pos Tech Data Analytics\Projetos GitHub\Business Analytics Automation\database\olist.db'.
2026-08-07 10:36:55,056 | INFO | Iniciando exportação dos arquivos...
2026-08-07 10:36:55,056 | INFO | Exportando CSV: C:\Users\gabri\OneDrive\Área de Trabalho\Cursos\Pos Tech Data Analytics\Projetos GitHub\Business Analytics Automation\dados\tratado\usuarios.csv
2026-08-07 10:36:55,059 | INFO | Exportando Excel: C:\Users\gabri\OneDrive\Área de Trabalho\Cursos\Pos Tech Data Analytics\Projetos GitHub\Business Analytics Automation\dados\tratado\usuarios.xlsx
2026-08-07 10:36:55,085 | INFO | Exportando Parquet: C:\Users\gabri\OneDrive\Área de Trabalho\Cursos\Pos Tech Data Analytics\Projetos GitHub\Business Analytics Automation\dados\tratado\usuarios.parquet
2026-08-07 10:36:55,098 | INFO | Exportações finalizadas com sucesso.
2026-08-07 10:36:55,098 | INFO | Atualizando Dashboard Excel...
2026-08-07 10:36:55,118 | INFO | Dashboard atualizado com sucesso.
2026-08-07 10:36:55,118 | INFO | ============================================================
2026-08-07 10:36:55,118 | INFO | PIPELINE FINALIZADO
2026-08-07 10:36:55,118 | INFO | ============================================================
2026-08-07 10:36:55,118 | INFO | Aplicação executada com sucesso.
2026-08-07 10:36:55,132 | INFO | ============================================================
2026-08-07 10:36:55,132 | INFO | FIM DA EXECUÇÃO
2026-08-07 10:36:55,132 | INFO | ============================================================
2026-08-07 10:46:29,099 | INFO | ============================================================
2026-08-07 10:46:29,100 | INFO | INICIANDO APLICAÇÃO
2026-08-07 10:46:29,100 | INFO | ============================================================
2026-08-07 10:46:29,100 | INFO | ============================================================
2026-08-07 10:46:29,100 | INFO | PIPELINE INICIADO
2026-08-07 10:46:29,100 | INFO | ============================================================
2026-08-07 10:46:29,100 | INFO | Iniciando extração dos dados...
2026-08-07 10:46:29,100 | INFO | GET -> https://jsonplaceholder.typicode.com/users
2026-08-07 10:46:29,183 | INFO | 10 registros encontrados.
2026-08-07 10:46:29,183 | INFO | Convertendo JSON para DataFrame...
2026-08-07 10:46:29,188 | INFO | DataFrame criado com 10 registros.
2026-08-07 10:46:29,192 | INFO | Duplicados removidos: 0
2026-08-07 10:46:29,194 | INFO | Colunas padronizadas.
2026-08-07 10:46:29,195 | INFO | Metadados adicionados ao DataFrame.
2026-08-07 10:46:29,195 | INFO | Todas as colunas obrigatórias estão presentes.
2026-08-07 10:46:29,197 | INFO | Nenhum valor nulo encontrado.
2026-08-07 10:46:29,199 | INFO | Nenhum registro duplicado encontrado.
2026-08-07 10:46:29,199 | INFO | ========================================
2026-08-07 10:46:29,199 | INFO | RESUMO DA VALIDAÇÃO
2026-08-07 10:46:29,200 | INFO | Linhas: 10
2026-08-07 10:46:29,200 | INFO | Colunas: 17
2026-08-07 10:46:29,200 | INFO | ========================================
2026-08-07 10:46:29,201 | INFO | ============================================================
2026-08-07 10:46:29,201 | INFO | KPIs DO NEGÓCIO
2026-08-07 10:46:29,201 | INFO | ============================================================
2026-08-07 10:46:29,201 | INFO | receita_total: 0.0
2026-08-07 10:46:29,201 | INFO | ticket_medio: 0.0
2026-08-07 10:46:29,201 | INFO | lucro_total: 0.0
2026-08-07 10:46:29,201 | INFO | clientes: 0
2026-08-07 10:46:29,201 | INFO | produtos: 0
2026-08-07 10:46:29,201 | INFO | categorias: 0
2026-08-07 10:46:29,202 | INFO | pedidos: 10
2026-08-07 10:46:29,202 | INFO | total_registros: 10
2026-08-07 10:46:29,202 | INFO | total_colunas: 17
2026-08-07 10:46:29,202 | INFO | ============================================================
2026-08-07 10:46:29,202 | INFO | Salvando 10 registros na tabela 'usuarios' (replace)...
2026-08-07 10:46:29,212 | INFO | Dados salvos com sucesso em 'C:\Users\gabri\OneDrive\Área de Trabalho\Cursos\Pos Tech Data Analytics\Projetos GitHub\Business Analytics Automation\database\olist.db'.
2026-08-07 10:46:29,212 | INFO | Iniciando exportação dos arquivos...
2026-08-07 10:46:29,212 | INFO | Exportando CSV: C:\Users\gabri\OneDrive\Área de Trabalho\Cursos\Pos Tech Data Analytics\Projetos GitHub\Business Analytics Automation\dados\tratado\usuarios.csv
2026-08-07 10:46:29,216 | INFO | Exportando Excel: C:\Users\gabri\OneDrive\Área de Trabalho\Cursos\Pos Tech Data Analytics\Projetos GitHub\Business Analytics Automation\dados\tratado\usuarios.xlsx
2026-08-07 10:46:29,239 | INFO | Exportando Parquet: C:\Users\gabri\OneDrive\Área de Trabalho\Cursos\Pos Tech Data Analytics\Projetos GitHub\Business Analytics Automation\dados\tratado\usuarios.parquet
2026-08-07 10:46:29,252 | INFO | Exportações finalizadas com sucesso.
2026-08-07 10:46:29,252 | INFO | Atualizando Dashboard Excel...
2026-08-07 10:46:29,273 | INFO | Dashboard atualizado com sucesso.
2026-08-07 10:46:29,273 | INFO | ============================================================
2026-08-07 10:46:29,273 | INFO | PIPELINE FINALIZADO
2026-08-07 10:46:29,273 | INFO | ============================================================
2026-08-07 10:46:29,274 | INFO | Aplicação executada com sucesso.
2026-08-07 10:46:29,287 | INFO | ============================================================
2026-08-07 10:46:29,288 | INFO | FIM DA EXECUÇÃO
2026-08-07 10:46:29,288 | INFO | ============================================================
2026-08-07 10:47:43,305 | INFO | ============================================================
2026-08-07 10:47:43,305 | INFO | INICIANDO APLICAÇÃO
2026-08-07 10:47:43,305 | INFO | ============================================================
2026-08-07 10:47:43,305 | INFO | ======================================================================
2026-08-07 10:47:43,306 | INFO | PIPELINE INICIADO
2026-08-07 10:47:43,306 | INFO | ======================================================================
2026-08-07 10:47:43,306 | INFO | Iniciando extração dos dados...
2026-08-07 10:47:43,306 | INFO | GET -> https://jsonplaceholder.typicode.com/users
2026-08-07 10:47:43,361 | INFO | 10 registros encontrados.
2026-08-07 10:47:43,361 | INFO | Convertendo JSON para DataFrame...
2026-08-07 10:47:43,366 | INFO | DataFrame criado com 10 registros.
2026-08-07 10:47:43,369 | INFO | Duplicados removidos: 0
2026-08-07 10:47:43,371 | INFO | Colunas padronizadas.
2026-08-07 10:47:43,372 | INFO | Metadados adicionados ao DataFrame.
2026-08-07 10:47:43,372 | INFO | Todas as colunas obrigatórias estão presentes.
2026-08-07 10:47:43,375 | INFO | Nenhum valor nulo encontrado.
2026-08-07 10:47:43,378 | INFO | Nenhum registro duplicado encontrado.
2026-08-07 10:47:43,378 | INFO | ========================================
2026-08-07 10:47:43,378 | INFO | RESUMO DA VALIDAÇÃO
2026-08-07 10:47:43,378 | INFO | Linhas: 10
2026-08-07 10:47:43,378 | INFO | Colunas: 17
2026-08-07 10:47:43,378 | INFO | ========================================
2026-08-07 10:47:43,379 | INFO | ======================================================================
2026-08-07 10:47:43,379 | INFO | KPIs DO NEGÓCIO
2026-08-07 10:47:43,380 | INFO | ======================================================================
2026-08-07 10:47:43,380 | INFO | receita_total: 0.0
2026-08-07 10:47:43,380 | INFO | ticket_medio: 0.0
2026-08-07 10:47:43,380 | INFO | lucro_total: 0.0
2026-08-07 10:47:43,380 | INFO | clientes: 0
2026-08-07 10:47:43,380 | INFO | produtos: 0
2026-08-07 10:47:43,380 | INFO | categorias: 0
2026-08-07 10:47:43,380 | INFO | pedidos: 10
2026-08-07 10:47:43,380 | INFO | total_registros: 10
2026-08-07 10:47:43,381 | INFO | total_colunas: 17
2026-08-07 10:47:43,381 | INFO | ======================================================================
2026-08-07 10:47:43,381 | INFO | Salvando 10 registros na tabela 'usuarios' (replace)...
2026-08-07 10:47:43,396 | INFO | Dados salvos com sucesso em 'C:\Users\gabri\OneDrive\Área de Trabalho\Cursos\Pos Tech Data Analytics\Projetos GitHub\Business Analytics Automation\database\olist.db'.
2026-08-07 10:47:43,396 | INFO | Iniciando exportação dos arquivos...
2026-08-07 10:47:43,397 | INFO | Exportando CSV: C:\Users\gabri\OneDrive\Área de Trabalho\Cursos\Pos Tech Data Analytics\Projetos GitHub\Business Analytics Automation\dados\tratado\usuarios.csv
2026-08-07 10:47:43,401 | INFO | Exportando Excel: C:\Users\gabri\OneDrive\Área de Trabalho\Cursos\Pos Tech Data Analytics\Projetos GitHub\Business Analytics Automation\dados\tratado\usuarios.xlsx
2026-08-07 10:47:43,428 | INFO | Exportando Parquet: C:\Users\gabri\OneDrive\Área de Trabalho\Cursos\Pos Tech Data Analytics\Projetos GitHub\Business Analytics Automation\dados\tratado\usuarios.parquet
2026-08-07 10:47:43,441 | INFO | Exportações finalizadas com sucesso.
2026-08-07 10:47:43,441 | INFO | Atualizando Dashboard Excel...
2026-08-07 10:47:43,462 | INFO | Dashboard atualizado com sucesso.
2026-08-07 10:47:43,462 | INFO | ======================================================================
2026-08-07 10:47:43,462 | INFO | PIPELINE FINALIZADO
2026-08-07 10:47:43,462 | INFO | ======================================================================
2026-08-07 10:47:43,462 | INFO | Aplicação executada com sucesso.
2026-08-07 10:47:43,476 | INFO | ============================================================
2026-08-07 10:47:43,476 | INFO | FIM DA EXECUÇÃO
2026-08-07 10:47:43,476 | INFO | ============================================================
2026-08-07 10:53:54,835 | INFO | ============================================================
2026-08-07 10:53:54,835 | INFO | INICIANDO APLICAÇÃO
2026-08-07 10:53:54,835 | INFO | ============================================================
2026-08-07 10:53:54,836 | INFO | ======================================================================
2026-08-07 10:53:54,836 | INFO | PIPELINE INICIADO
2026-08-07 10:53:54,836 | INFO | ======================================================================
2026-08-07 10:53:54,836 | INFO | Iniciando extração dos dados...
2026-08-07 10:53:54,836 | INFO | GET -> https://jsonplaceholder.typicode.com/users
2026-08-07 10:53:54,896 | INFO | 10 registros encontrados.
2026-08-07 10:53:54,896 | INFO | Convertendo JSON para DataFrame...
2026-08-07 10:53:54,901 | INFO | DataFrame criado com 10 registros.
2026-08-07 10:53:54,904 | INFO | Duplicados removidos: 0
2026-08-07 10:53:54,906 | INFO | Colunas padronizadas.
2026-08-07 10:53:54,907 | INFO | Metadados adicionados ao DataFrame.
2026-08-07 10:53:54,907 | INFO | Todas as colunas obrigatórias estão presentes.
2026-08-07 10:53:54,909 | INFO | Nenhum valor nulo encontrado.
2026-08-07 10:53:54,911 | INFO | Nenhum registro duplicado encontrado.
2026-08-07 10:53:54,911 | INFO | ========================================
2026-08-07 10:53:54,911 | INFO | RESUMO DA VALIDAÇÃO
2026-08-07 10:53:54,911 | INFO | Linhas: 10
2026-08-07 10:53:54,911 | INFO | Colunas: 17
2026-08-07 10:53:54,912 | INFO | ========================================
2026-08-07 10:53:54,913 | INFO | ======================================================================
2026-08-07 10:53:54,913 | INFO | KPIs DO NEGÓCIO
2026-08-07 10:53:54,913 | INFO | ======================================================================
2026-08-07 10:53:54,913 | INFO | receita_total: 0.0
2026-08-07 10:53:54,913 | INFO | ticket_medio: 0.0
2026-08-07 10:53:54,913 | INFO | lucro_total: 0.0
2026-08-07 10:53:54,913 | INFO | clientes: 0
2026-08-07 10:53:54,913 | INFO | produtos: 0
2026-08-07 10:53:54,913 | INFO | categorias: 0
2026-08-07 10:53:54,913 | INFO | pedidos: 10
2026-08-07 10:53:54,914 | INFO | total_registros: 10
2026-08-07 10:53:54,914 | INFO | total_colunas: 17
2026-08-07 10:53:54,914 | INFO | ======================================================================
2026-08-07 10:53:54,914 | INFO | Salvando 10 registros na tabela 'usuarios' (replace)...
2026-08-07 10:53:54,923 | INFO | Dados salvos com sucesso em 'C:\Users\gabri\OneDrive\Área de Trabalho\Cursos\Pos Tech Data Analytics\Projetos GitHub\Business Analytics Automation\database\olist.db'.
2026-08-07 10:53:54,923 | INFO | Iniciando exportação dos arquivos...
2026-08-07 10:53:54,924 | INFO | Exportando CSV: C:\Users\gabri\OneDrive\Área de Trabalho\Cursos\Pos Tech Data Analytics\Projetos GitHub\Business Analytics Automation\dados\tratado\usuarios.csv
2026-08-07 10:53:54,927 | INFO | Exportando Excel: C:\Users\gabri\OneDrive\Área de Trabalho\Cursos\Pos Tech Data Analytics\Projetos GitHub\Business Analytics Automation\dados\tratado\usuarios.xlsx
2026-08-07 10:53:54,953 | INFO | Exportando Parquet: C:\Users\gabri\OneDrive\Área de Trabalho\Cursos\Pos Tech Data Analytics\Projetos GitHub\Business Analytics Automation\dados\tratado\usuarios.parquet
2026-08-07 10:53:54,966 | INFO | Exportações finalizadas com sucesso.
2026-08-07 10:53:54,966 | INFO | Atualizando Dashboard Excel...
2026-08-07 10:53:54,988 | INFO | Dashboard atualizado com sucesso.
2026-08-07 10:53:54,988 | INFO | ======================================================================
2026-08-07 10:53:54,988 | INFO | PIPELINE FINALIZADO
2026-08-07 10:53:54,988 | INFO | ======================================================================
2026-08-07 10:53:54,989 | INFO | Aplicação executada com sucesso.
2026-08-07 10:53:55,002 | INFO | ============================================================
2026-08-07 10:53:55,003 | INFO | FIM DA EXECUÇÃO
2026-08-07 10:53:55,003 | INFO | ============================================================
2026-08-07 11:57:37,165 | INFO | ============================================================
2026-08-07 11:57:37,165 | INFO | INICIANDO APLICAÇÃO
2026-08-07 11:57:37,166 | INFO | ============================================================
2026-08-07 11:57:37,166 | ERROR | Erro inesperado durante a execução da aplicação.
Traceback (most recent call last):
  File "C:\Users\gabri\OneDrive\Área de Trabalho\Cursos\Pos Tech Data Analytics\Projetos GitHub\Business Analytics Automation\main.py", line 20, in main
    pipeline = Pipeline(BASE_URL)
  File "C:\Users\gabri\OneDrive\Área de Trabalho\Cursos\Pos Tech Data Analytics\Projetos GitHub\Business Analytics Automation\src\pipeline\pipeline.py", line 55, in __init__
    self.source = JsonPlaceholderSource(base_url)
                  ~~~~~~~~~~~~~~~~~~~~~^^^^^^^^^^
TypeError: Can't instantiate abstract class JsonPlaceholderSource without an implementation for abstract methods 'connect', 'disconnect', 'read', 'source_name'
2026-08-07 11:57:37,167 | INFO | ============================================================
2026-08-07 11:57:37,167 | INFO | FIM DA EXECUÇÃO
2026-08-07 11:57:37,167 | INFO | ============================================================
2026-08-07 12:00:26,084 | INFO | ================================================================================
2026-08-07 12:00:26,084 | INFO | BUSINESS ANALYTICS AUTOMATION
2026-08-07 12:00:26,085 | INFO | ================================================================================
2026-08-07 12:00:26,085 | INFO | ============================================================
2026-08-07 12:00:26,085 | INFO | INICIANDO EXTRAÇÃO
2026-08-07 12:00:26,085 | INFO | ============================================================
2026-08-07 12:00:26,085 | INFO | Fonte CSV inicializada.
2026-08-07 12:00:26,085 | INFO | Lendo arquivo: dados\raw\olist\olist_orders_dataset.csv
2026-08-07 12:00:26,444 | INFO | 99441 registros carregados.
2026-08-07 12:00:26,445 | INFO | 99441 registros extraídos.
2026-08-07 12:00:26,445 | INFO | Fonte CSV finalizada.
2026-08-07 12:00:26,445 | INFO | Salvando dados brutos na tabela 'stg_orders'...
2026-08-07 12:00:26,445 | INFO | Salvando 99441 registros na tabela 'stg_orders' (replace)...
2026-08-07 12:00:26,718 | INFO | Dados salvos com sucesso em 'C:\Users\gabri\OneDrive\Área de Trabalho\Cursos\Pos Tech Data Analytics\Projetos GitHub\Business Analytics Automation\database\olist.db'.
2026-08-07 12:00:26,718 | INFO | Tabela stg_orders criada com sucesso.
2026-08-07 12:00:26,718 | INFO | ============================================================
2026-08-07 12:00:26,718 | INFO | INICIANDO VALIDAÇÃO
2026-08-07 12:00:26,718 | INFO | ============================================================
2026-08-07 12:00:26,718 | INFO | DataFrame contém 99441 registros.
2026-08-07 12:00:26,718 | INFO | 8 colunas encontradas.
2026-08-07 12:00:26,719 | INFO | Todas as colunas obrigatórias estão presentes.
2026-08-07 12:00:26,721 | WARNING | Valores nulos encontrados:
2026-08-07 12:00:26,721 | WARNING | 
order_approved_at                 160
order_delivered_carrier_date     1783
order_delivered_customer_date    2965
dtype: int64
2026-08-07 12:00:26,783 | INFO | Nenhum registro duplicado encontrado.
2026-08-07 12:00:26,783 | INFO | ============================================================
2026-08-07 12:00:26,783 | INFO | RESUMO
2026-08-07 12:00:26,783 | INFO | Linhas: 99441
2026-08-07 12:00:26,783 | INFO | Colunas: 8
2026-08-07 12:00:26,785 | INFO | Memória: 22473.48 KB
2026-08-07 12:00:26,785 | INFO | ============================================================
2026-08-07 12:00:26,785 | INFO | Validação concluída com sucesso.
2026-08-07 12:00:26,786 | INFO | ============================================================
2026-08-07 12:00:26,786 | INFO | INICIANDO TRANSFORMAÇÕES
2026-08-07 12:00:26,786 | INFO | ============================================================
2026-08-07 12:00:26,840 | INFO | Duplicados removidos: 0
2026-08-07 12:00:26,844 | INFO | Colunas padronizadas.
2026-08-07 12:00:26,970 | INFO | Metadados adicionados ao DataFrame.
2026-08-07 12:00:26,972 | INFO | Transformações finalizadas.
2026-08-07 12:00:26,976 | INFO | ================================================================================
2026-08-07 12:00:26,976 | INFO | KPIs
2026-08-07 12:00:26,976 | INFO | ================================================================================
2026-08-07 12:00:26,976 | INFO | receita_total : 0.0
2026-08-07 12:00:26,977 | INFO | ticket_medio : 0.0
2026-08-07 12:00:26,977 | INFO | lucro_total : 0.0
2026-08-07 12:00:26,977 | INFO | clientes : 0
2026-08-07 12:00:26,977 | INFO | produtos : 0
2026-08-07 12:00:26,977 | INFO | categorias : 0
2026-08-07 12:00:26,977 | INFO | pedidos : 99441
2026-08-07 12:00:26,978 | INFO | total_registros : 99441
2026-08-07 12:00:26,978 | INFO | total_colunas : 10
2026-08-07 12:00:26,978 | INFO | Iniciando exportação dos arquivos...
2026-08-07 12:00:26,978 | INFO | Exportando CSV: C:\Users\gabri\OneDrive\Área de Trabalho\Cursos\Pos Tech Data Analytics\Projetos GitHub\Business Analytics Automation\dados\tratado\orders.csv
2026-08-07 12:00:27,552 | INFO | Exportando Excel: C:\Users\gabri\OneDrive\Área de Trabalho\Cursos\Pos Tech Data Analytics\Projetos GitHub\Business Analytics Automation\dados\tratado\orders.xlsx
2026-08-07 12:00:53,010 | INFO | Exportando Parquet: C:\Users\gabri\OneDrive\Área de Trabalho\Cursos\Pos Tech Data Analytics\Projetos GitHub\Business Analytics Automation\dados\tratado\orders.parquet
2026-08-07 12:00:53,247 | INFO | Exportações finalizadas com sucesso.
2026-08-07 12:00:53,247 | INFO | Atualizando Dashboard Excel...
2026-08-07 12:01:16,333 | INFO | Dashboard atualizado com sucesso.
2026-08-07 12:01:16,333 | INFO | ================================================================================
2026-08-07 12:01:16,333 | INFO | PIPELINE FINALIZADO
2026-08-07 12:01:16,333 | INFO | ================================================================================
2026-08-07 12:08:25,959 | INFO | ================================================================================
2026-08-07 12:08:25,960 | INFO | BUSINESS ANALYTICS AUTOMATION
2026-08-07 12:08:25,960 | INFO | ================================================================================
2026-08-07 12:08:25,960 | INFO | ============================================================
2026-08-07 12:08:25,960 | INFO | INICIANDO EXTRAÇÃO
2026-08-07 12:08:25,960 | INFO | ============================================================
2026-08-07 12:08:25,960 | INFO | Fonte CSV inicializada.
2026-08-07 12:08:25,960 | INFO | Lendo arquivo: dados\raw\olist\olist_orders_dataset.csv
2026-08-07 12:08:26,253 | INFO | 99441 registros carregados.
2026-08-07 12:08:26,253 | INFO | 99441 registros extraídos.
2026-08-07 12:08:26,254 | INFO | Fonte CSV finalizada.
2026-08-07 12:08:26,254 | INFO | Salvando dados brutos na tabela 'stg_orders'...
2026-08-07 12:08:26,254 | INFO | Salvando 99441 registros na tabela 'stg_orders' (replace)...
2026-08-07 12:08:28,682 | INFO | Dados salvos com sucesso em 'C:\Users\gabri\OneDrive\Área de Trabalho\Cursos\Pos Tech Data Analytics\Projetos GitHub\Business Analytics Automation\database\olist.db'.
2026-08-07 12:08:28,682 | INFO | Tabela stg_orders criada com sucesso.
2026-08-07 12:08:28,682 | INFO | ============================================================
2026-08-07 12:08:28,682 | INFO | INICIANDO VALIDAÇÃO
2026-08-07 12:08:28,682 | INFO | ============================================================
2026-08-07 12:08:28,682 | INFO | DataFrame contém 99441 registros.
2026-08-07 12:08:28,682 | INFO | 8 colunas encontradas.
2026-08-07 12:08:28,683 | INFO | Todas as colunas obrigatórias estão presentes.
2026-08-07 12:08:28,685 | WARNING | Valores nulos encontrados:
2026-08-07 12:08:28,685 | WARNING | 
order_approved_at                 160
order_delivered_carrier_date     1783
order_delivered_customer_date    2965
dtype: int64
2026-08-07 12:08:28,744 | INFO | Nenhum registro duplicado encontrado.
2026-08-07 12:08:28,744 | INFO | ============================================================
2026-08-07 12:08:28,744 | INFO | RESUMO
2026-08-07 12:08:28,744 | INFO | Linhas: 99441
2026-08-07 12:08:28,745 | INFO | Colunas: 8
2026-08-07 12:08:28,746 | INFO | Memória: 22473.48 KB
2026-08-07 12:08:28,746 | INFO | ============================================================
2026-08-07 12:08:28,746 | INFO | Validação concluída com sucesso.
2026-08-07 12:08:28,746 | INFO | ============================================================
2026-08-07 12:08:28,746 | INFO | INICIANDO TRANSFORMAÇÕES
2026-08-07 12:08:28,746 | INFO | ============================================================
2026-08-07 12:08:28,806 | INFO | Duplicados removidos: 0
2026-08-07 12:08:28,809 | INFO | Colunas padronizadas.
2026-08-07 12:08:28,936 | INFO | Metadados adicionados ao DataFrame.
2026-08-07 12:08:28,939 | INFO | Transformações finalizadas.
2026-08-07 12:08:28,943 | INFO | ================================================================================
2026-08-07 12:08:28,943 | INFO | KPIs
2026-08-07 12:08:28,943 | INFO | ================================================================================
2026-08-07 12:08:28,943 | INFO | receita_total : 0.0
2026-08-07 12:08:28,943 | INFO | ticket_medio : 0.0
2026-08-07 12:08:28,944 | INFO | lucro_total : 0.0
2026-08-07 12:08:28,944 | INFO | clientes : 0
2026-08-07 12:08:28,944 | INFO | produtos : 0
2026-08-07 12:08:28,944 | INFO | categorias : 0
2026-08-07 12:08:28,944 | INFO | pedidos : 99441
2026-08-07 12:08:28,944 | INFO | total_registros : 99441
2026-08-07 12:08:28,944 | INFO | total_colunas : 10
2026-08-07 12:08:28,944 | INFO | Iniciando exportação dos arquivos...
2026-08-07 12:08:28,944 | INFO | Exportando CSV: C:\Users\gabri\OneDrive\Área de Trabalho\Cursos\Pos Tech Data Analytics\Projetos GitHub\Business Analytics Automation\dados\tratado\orders.csv
2026-08-07 12:08:29,527 | INFO | Exportando Excel: C:\Users\gabri\OneDrive\Área de Trabalho\Cursos\Pos Tech Data Analytics\Projetos GitHub\Business Analytics Automation\dados\tratado\orders.xlsx
2026-08-07 12:08:55,316 | INFO | Exportando Parquet: C:\Users\gabri\OneDrive\Área de Trabalho\Cursos\Pos Tech Data Analytics\Projetos GitHub\Business Analytics Automation\dados\tratado\orders.parquet
2026-08-07 12:08:55,417 | INFO | Exportações finalizadas com sucesso.
2026-08-07 12:08:55,417 | INFO | Atualizando Dashboard Excel...
2026-08-07 12:09:18,135 | INFO | Dashboard atualizado com sucesso.
2026-08-07 12:09:18,135 | INFO | ================================================================================
2026-08-07 12:09:18,135 | INFO | PIPELINE FINALIZADO
2026-08-07 12:09:18,135 | INFO | ================================================================================
2026-08-07 12:15:58,911 | INFO | ================================================================================
2026-08-07 12:15:58,912 | INFO | BUSINESS ANALYTICS AUTOMATION
2026-08-07 12:15:58,912 | INFO | ================================================================================
2026-08-07 12:15:58,912 | INFO | ============================================================
2026-08-07 12:15:58,912 | INFO | INICIANDO EXTRAÇÃO
2026-08-07 12:15:58,912 | INFO | ============================================================
2026-08-07 12:15:58,912 | INFO | Fonte CSV inicializada.
2026-08-07 12:15:58,912 | INFO | Lendo arquivo: dados\raw\olist\olist_orders_dataset.csv
2026-08-07 12:15:59,238 | INFO | 99441 registros carregados.
2026-08-07 12:15:59,238 | INFO | 99441 registros extraídos.
2026-08-07 12:15:59,239 | INFO | Fonte CSV finalizada.
2026-08-07 12:15:59,239 | INFO | Salvando dados brutos na tabela 'stg_orders'...
2026-08-07 12:15:59,239 | INFO | Salvando 99441 registros na tabela 'stg_orders' (replace)...
2026-08-07 12:15:59,506 | INFO | Dados salvos com sucesso em 'C:\Users\gabri\OneDrive\Área de Trabalho\Cursos\Pos Tech Data Analytics\Projetos GitHub\Business Analytics Automation\database\olist.db'.
2026-08-07 12:15:59,506 | INFO | Tabela stg_orders criada com sucesso.
2026-08-07 12:15:59,506 | INFO | ============================================================
2026-08-07 12:15:59,506 | INFO | INICIANDO VALIDAÇÃO
2026-08-07 12:15:59,506 | INFO | ============================================================
2026-08-07 12:15:59,506 | INFO | DataFrame contém 99441 registros.
2026-08-07 12:15:59,506 | INFO | 8 colunas encontradas.
2026-08-07 12:15:59,506 | INFO | Todas as colunas obrigatórias estão presentes.
2026-08-07 12:15:59,509 | WARNING | Valores nulos encontrados:
2026-08-07 12:15:59,509 | WARNING | 
order_approved_at                 160
order_delivered_carrier_date     1783
order_delivered_customer_date    2965
dtype: int64
2026-08-07 12:15:59,571 | INFO | Nenhum registro duplicado encontrado.
2026-08-07 12:15:59,571 | INFO | ============================================================
2026-08-07 12:15:59,571 | INFO | RESUMO
2026-08-07 12:15:59,571 | INFO | Linhas: 99441
2026-08-07 12:15:59,571 | INFO | Colunas: 8
2026-08-07 12:15:59,572 | INFO | Memória: 22473.48 KB
2026-08-07 12:15:59,572 | INFO | ============================================================
2026-08-07 12:15:59,573 | INFO | Validação concluída com sucesso.
2026-08-07 12:15:59,573 | INFO | ============================================================
2026-08-07 12:15:59,573 | INFO | INICIANDO TRANSFORMAÇÕES
2026-08-07 12:15:59,573 | INFO | ============================================================
2026-08-07 12:15:59,627 | INFO | Duplicados removidos: 0
2026-08-07 12:15:59,629 | INFO | Colunas padronizadas.
2026-08-07 12:15:59,752 | INFO | Metadados adicionados ao DataFrame.
2026-08-07 12:15:59,754 | INFO | Transformações finalizadas.
2026-08-07 12:15:59,758 | INFO | ================================================================================
2026-08-07 12:15:59,758 | INFO | KPIs
2026-08-07 12:15:59,758 | INFO | ================================================================================
2026-08-07 12:15:59,759 | INFO | receita_total : 0.0
2026-08-07 12:15:59,759 | INFO | ticket_medio : 0.0
2026-08-07 12:15:59,759 | INFO | lucro_total : 0.0
2026-08-07 12:15:59,759 | INFO | clientes : 0
2026-08-07 12:15:59,759 | INFO | produtos : 0
2026-08-07 12:15:59,759 | INFO | categorias : 0
2026-08-07 12:15:59,759 | INFO | pedidos : 99441
2026-08-07 12:15:59,759 | INFO | total_registros : 99441
2026-08-07 12:15:59,759 | INFO | total_colunas : 10
2026-08-07 12:15:59,759 | INFO | Iniciando exportação dos arquivos...
2026-08-07 12:15:59,760 | INFO | Exportando CSV: C:\Users\gabri\OneDrive\Área de Trabalho\Cursos\Pos Tech Data Analytics\Projetos GitHub\Business Analytics Automation\dados\tratado\orders.csv
2026-08-07 12:16:00,336 | INFO | Exportando Excel: C:\Users\gabri\OneDrive\Área de Trabalho\Cursos\Pos Tech Data Analytics\Projetos GitHub\Business Analytics Automation\dados\tratado\orders.xlsx
2026-08-07 12:16:26,201 | INFO | Exportando Parquet: C:\Users\gabri\OneDrive\Área de Trabalho\Cursos\Pos Tech Data Analytics\Projetos GitHub\Business Analytics Automation\dados\tratado\orders.parquet
2026-08-07 12:16:26,295 | INFO | Exportações finalizadas com sucesso.
2026-08-07 12:16:26,295 | INFO | Atualizando Dashboard Excel...
2026-08-07 12:16:49,155 | INFO | Dashboard atualizado com sucesso.
2026-08-07 12:16:49,156 | INFO | ================================================================================
2026-08-07 12:16:49,156 | INFO | PIPELINE FINALIZADO
2026-08-07 12:16:49,156 | INFO | ================================================================================
2026-08-07 12:20:57,720 | INFO | Lendo arquivo: dados\raw\olist\olist_orders_dataset.csv
2026-08-07 12:20:58,060 | INFO | 99441 registros carregados.
2026-08-07 12:20:58,060 | INFO | Lendo arquivo: dados\raw\olist\olist_order_items_dataset.csv
2026-08-07 12:20:58,265 | INFO | 112650 registros carregados.
2026-08-07 12:22:14,415 | INFO | Lendo arquivo: dados\raw\olist\olist_orders_dataset.csv
2026-08-07 12:22:14,750 | INFO | 99441 registros carregados.
2026-08-07 12:22:14,750 | INFO | Lendo arquivo: dados\raw\olist\olist_order_items_dataset.csv
2026-08-07 12:22:14,944 | INFO | 112650 registros carregados.
2026-08-07 12:22:14,945 | INFO | ============================================================
2026-08-07 12:22:14,945 | INFO | INTEGRANDO PEDIDOS + ITENS
2026-08-07 12:22:14,945 | INFO | ============================================================
2026-08-07 12:22:15,016 | INFO | 99441 pedidos enriquecidos.
2026-08-07 12:28:26,177 | INFO | Lendo arquivo: dados\raw\olist\olist_orders_dataset.csv
2026-08-07 12:28:26,494 | INFO | 99441 registros carregados.
2026-08-07 12:28:26,495 | INFO | Lendo arquivo: dados\raw\olist\olist_order_items_dataset.csv
2026-08-07 12:28:26,680 | INFO | 112650 registros carregados.
2026-08-07 12:28:26,680 | INFO | ============================================================
2026-08-07 12:28:26,681 | INFO | INTEGRANDO PEDIDOS + ITENS
2026-08-07 12:28:26,681 | INFO | ============================================================
2026-08-07 12:28:26,743 | INFO | 99441 pedidos enriquecidos.
2026-08-07 12:30:01,337 | INFO | Lendo arquivo: dados\raw\olist\olist_orders_dataset.csv
2026-08-07 12:30:01,628 | INFO | 99441 registros carregados.
2026-08-07 12:30:01,628 | INFO | Lendo arquivo: dados\raw\olist\olist_order_items_dataset.csv
2026-08-07 12:30:01,823 | INFO | 112650 registros carregados.
2026-08-07 12:30:01,823 | INFO | ============================================================
2026-08-07 12:30:01,823 | INFO | INTEGRANDO PEDIDOS + ITENS
2026-08-07 12:30:01,823 | INFO | ============================================================
2026-08-07 12:30:01,890 | INFO | 99441 pedidos enriquecidos.
2026-08-07 12:32:04,214 | INFO | Lendo arquivo: dados\raw\olist\olist_customers_dataset.csv
2026-08-07 12:32:04,349 | INFO | 99441 registros carregados.
2026-08-07 12:34:07,615 | INFO | Lendo arquivo: dados\raw\olist\olist_customers_dataset.csv
2026-08-07 12:34:07,744 | INFO | 99441 registros carregados.
2026-08-07 12:36:09,221 | INFO | ============================================================
2026-08-07 12:36:09,222 | INFO | CARREGANDO DATASETS
2026-08-07 12:36:09,222 | INFO | ============================================================
2026-08-07 12:36:09,223 | INFO | Fonte CSV inicializada.
2026-08-07 12:36:09,223 | INFO | Carregando orders...
2026-08-07 12:36:09,223 | INFO | Lendo arquivo: dados\raw\olist\olist_orders_dataset.csv
2026-08-07 12:36:09,570 | INFO | 99441 registros carregados.
2026-08-07 12:36:09,570 | INFO | 99441 registros carregados em 'orders'.
2026-08-07 12:36:09,570 | INFO | Carregando order_items...
2026-08-07 12:36:09,570 | INFO | Lendo arquivo: dados\raw\olist\olist_order_items_dataset.csv
2026-08-07 12:36:09,761 | INFO | 112650 registros carregados.
2026-08-07 12:36:09,972 | INFO | 112650 registros carregados em 'order_items'.
2026-08-07 12:36:09,972 | INFO | Carregando customers...
2026-08-07 12:36:09,972 | INFO | Lendo arquivo: dados\raw\olist\olist_customers_dataset.csv
2026-08-07 12:36:10,093 | INFO | 99441 registros carregados.
2026-08-07 12:36:10,093 | INFO | 99441 registros carregados em 'customers'.
2026-08-07 12:36:10,093 | INFO | Fonte CSV finalizada.
2026-08-07 12:36:10,093 | INFO | ============================================================
2026-08-07 12:36:10,094 | INFO | DATASETS CARREGADOS
2026-08-07 12:36:10,094 | INFO | ============================================================
2026-08-07 12:36:10,094 | INFO | ============================================================
2026-08-07 12:36:10,094 | INFO | INTEGRANDO PEDIDOS + ITENS
2026-08-07 12:36:10,094 | INFO | ============================================================
2026-08-07 12:36:10,157 | INFO | 99441 pedidos enriquecidos.
2026-08-07 12:38:04,359 | INFO | ============================================================
2026-08-07 12:38:04,359 | INFO | CARREGANDO DATASETS
2026-08-07 12:38:04,359 | INFO | ============================================================
2026-08-07 12:38:04,360 | INFO | Fonte CSV inicializada.
2026-08-07 12:38:04,360 | INFO | Carregando orders...
2026-08-07 12:38:04,360 | INFO | Lendo arquivo: dados\raw\olist\olist_orders_dataset.csv
2026-08-07 12:38:04,667 | INFO | 99441 registros carregados.
2026-08-07 12:38:04,667 | INFO | 99441 registros carregados em 'orders'.
2026-08-07 12:38:04,668 | INFO | Carregando order_items...
2026-08-07 12:38:04,668 | INFO | Lendo arquivo: dados\raw\olist\olist_order_items_dataset.csv
2026-08-07 12:38:04,875 | INFO | 112650 registros carregados.
2026-08-07 12:38:04,875 | INFO | 112650 registros carregados em 'order_items'.
2026-08-07 12:38:04,876 | INFO | Carregando customers...
2026-08-07 12:38:04,876 | INFO | Lendo arquivo: dados\raw\olist\olist_customers_dataset.csv
2026-08-07 12:38:05,002 | INFO | 99441 registros carregados.
2026-08-07 12:38:05,002 | INFO | 99441 registros carregados em 'customers'.
2026-08-07 12:38:05,002 | INFO | Fonte CSV finalizada.
2026-08-07 12:38:05,002 | INFO | ============================================================
2026-08-07 12:38:05,002 | INFO | DATASETS CARREGADOS
2026-08-07 12:38:05,002 | INFO | ============================================================
2026-08-07 12:38:05,002 | INFO | ============================================================
2026-08-07 12:38:05,002 | INFO | INTEGRANDO PEDIDOS + ITENS
2026-08-07 12:38:05,003 | INFO | ============================================================
2026-08-07 12:38:05,070 | INFO | 99441 pedidos enriquecidos com itens.
2026-08-07 12:38:05,071 | INFO | ============================================================
2026-08-07 12:38:05,071 | INFO | INTEGRANDO PEDIDOS + CLIENTES
2026-08-07 12:38:05,071 | INFO | ============================================================
2026-08-07 12:38:05,111 | INFO | 99441 pedidos enriquecidos com clientes.
2026-08-07 12:44:34,244 | INFO | ============================================================
2026-08-07 12:44:34,244 | INFO | CARREGANDO DATASETS
2026-08-07 12:44:34,244 | INFO | ============================================================
2026-08-07 12:44:34,245 | INFO | Fonte CSV inicializada.
2026-08-07 12:44:34,245 | INFO | Carregando orders...
2026-08-07 12:44:34,245 | INFO | Lendo arquivo: dados\raw\olist\olist_orders_dataset.csv
2026-08-07 12:44:34,543 | INFO | 99441 registros carregados.
2026-08-07 12:44:34,543 | INFO | 99441 registros carregados em 'orders'.
2026-08-07 12:44:34,543 | INFO | Carregando order_items...
2026-08-07 12:44:34,544 | INFO | Lendo arquivo: dados\raw\olist\olist_order_items_dataset.csv
2026-08-07 12:44:34,742 | INFO | 112650 registros carregados.
2026-08-07 12:44:34,742 | INFO | 112650 registros carregados em 'order_items'.
2026-08-07 12:44:34,743 | INFO | Carregando customers...
2026-08-07 12:44:34,743 | INFO | Lendo arquivo: dados\raw\olist\olist_customers_dataset.csv
2026-08-07 12:44:34,865 | INFO | 99441 registros carregados.
2026-08-07 12:44:34,865 | INFO | 99441 registros carregados em 'customers'.
2026-08-07 12:44:34,865 | INFO | Fonte CSV finalizada.
2026-08-07 12:44:34,865 | INFO | ============================================================
2026-08-07 12:44:34,865 | INFO | DATASETS CARREGADOS
2026-08-07 12:44:34,865 | INFO | ============================================================
2026-08-07 12:44:34,865 | INFO | ============================================================
2026-08-07 12:44:34,865 | INFO | INTEGRANDO PEDIDOS + ITENS
2026-08-07 12:44:34,865 | INFO | ============================================================
2026-08-07 12:44:34,929 | INFO | 99441 pedidos enriquecidos com itens.
2026-08-07 12:44:34,930 | INFO | ============================================================
2026-08-07 12:44:34,930 | INFO | INTEGRANDO PEDIDOS + CLIENTES
2026-08-07 12:44:34,930 | INFO | ============================================================
2026-08-07 12:44:34,968 | INFO | 99441 pedidos enriquecidos com clientes.
2026-08-07 12:45:49,215 | INFO | ============================================================
2026-08-07 12:45:49,215 | INFO | CARREGANDO DATASETS
2026-08-07 12:45:49,215 | INFO | ============================================================
2026-08-07 12:45:49,216 | INFO | Fonte CSV inicializada.
2026-08-07 12:45:49,216 | INFO | Carregando orders...
2026-08-07 12:45:49,216 | INFO | Lendo arquivo: dados\raw\olist\olist_orders_dataset.csv
2026-08-07 12:45:49,548 | INFO | 99441 registros carregados.
2026-08-07 12:45:49,548 | INFO | 99441 registros carregados em 'orders'.
2026-08-07 12:45:49,548 | INFO | Carregando order_items...
2026-08-07 12:45:49,548 | INFO | Lendo arquivo: dados\raw\olist\olist_order_items_dataset.csv
2026-08-07 12:45:49,763 | INFO | 112650 registros carregados.
2026-08-07 12:45:49,764 | INFO | 112650 registros carregados em 'order_items'.
2026-08-07 12:45:49,764 | INFO | Carregando customers...
2026-08-07 12:45:49,764 | INFO | Lendo arquivo: dados\raw\olist\olist_customers_dataset.csv
2026-08-07 12:45:49,897 | INFO | 99441 registros carregados.
2026-08-07 12:45:49,898 | INFO | 99441 registros carregados em 'customers'.
2026-08-07 12:45:49,898 | INFO | Fonte CSV finalizada.
2026-08-07 12:45:49,898 | INFO | ============================================================
2026-08-07 12:45:49,898 | INFO | DATASETS CARREGADOS
2026-08-07 12:45:49,898 | INFO | ============================================================
2026-08-07 12:45:49,898 | INFO | ============================================================
2026-08-07 12:45:49,898 | INFO | INTEGRANDO PEDIDOS + ITENS
2026-08-07 12:45:49,898 | INFO | ============================================================
2026-08-07 12:45:49,967 | INFO | 99441 pedidos enriquecidos com itens.
2026-08-07 12:45:49,967 | INFO | ============================================================
2026-08-07 12:45:49,967 | INFO | INTEGRANDO PEDIDOS + CLIENTES
2026-08-07 12:45:49,967 | INFO | ============================================================
2026-08-07 12:45:50,010 | INFO | 99441 pedidos enriquecidos com clientes.
2026-08-07 12:49:59,071 | INFO | Lendo arquivo: dados\raw\olist\olist_products_dataset.csv
2026-08-07 12:49:59,130 | INFO | 32951 registros carregados.
2026-08-07 12:50:55,383 | INFO | ============================================================
2026-08-07 12:50:55,383 | INFO | CARREGANDO DATASETS
2026-08-07 12:50:55,384 | INFO | ============================================================
2026-08-07 12:50:55,384 | INFO | Fonte CSV inicializada.
2026-08-07 12:50:55,384 | INFO | Carregando orders...
2026-08-07 12:50:55,384 | INFO | Lendo arquivo: dados\raw\olist\olist_orders_dataset.csv
2026-08-07 12:50:55,711 | INFO | 99441 registros carregados.
2026-08-07 12:50:55,711 | INFO | 99441 registros carregados em 'orders'.
2026-08-07 12:50:55,711 | INFO | Carregando order_items...
2026-08-07 12:50:55,711 | INFO | Lendo arquivo: dados\raw\olist\olist_order_items_dataset.csv
2026-08-07 12:50:55,912 | INFO | 112650 registros carregados.
2026-08-07 12:50:55,912 | INFO | 112650 registros carregados em 'order_items'.
2026-08-07 12:50:55,912 | INFO | Carregando customers...
2026-08-07 12:50:55,912 | INFO | Lendo arquivo: dados\raw\olist\olist_customers_dataset.csv
2026-08-07 12:50:56,039 | INFO | 99441 registros carregados.
2026-08-07 12:50:56,039 | INFO | 99441 registros carregados em 'customers'.
2026-08-07 12:50:56,039 | INFO | Carregando products...
2026-08-07 12:50:56,039 | INFO | Lendo arquivo: dados\raw\olist\olist_products_dataset.csv
2026-08-07 12:50:56,081 | INFO | 32951 registros carregados.
2026-08-07 12:50:56,081 | INFO | 32951 registros carregados em 'products'.
2026-08-07 12:50:56,081 | INFO | Fonte CSV finalizada.
2026-08-07 12:50:56,081 | INFO | ============================================================
2026-08-07 12:50:56,081 | INFO | DATASETS CARREGADOS
2026-08-07 12:50:56,082 | INFO | ============================================================
2026-08-07 12:50:56,082 | INFO | ============================================================
2026-08-07 12:50:56,082 | INFO | INTEGRANDO PEDIDOS + ITENS
2026-08-07 12:50:56,082 | INFO | ============================================================
2026-08-07 12:50:56,148 | INFO | 99441 pedidos enriquecidos com itens.
2026-08-07 12:50:56,149 | INFO | ============================================================
2026-08-07 12:50:56,149 | INFO | INTEGRANDO PEDIDOS + CLIENTES
2026-08-07 12:50:56,149 | INFO | ============================================================
2026-08-07 12:50:56,189 | INFO | 99441 pedidos enriquecidos com clientes.
2026-08-07 13:17:15,297 | INFO | ============================================================
2026-08-07 13:17:15,297 | INFO | CARREGANDO DATASETS
2026-08-07 13:17:15,297 | INFO | ============================================================
2026-08-07 13:17:15,298 | INFO | Fonte CSV inicializada.
2026-08-07 13:17:15,298 | INFO | Carregando orders...
2026-08-07 13:17:15,298 | INFO | Lendo arquivo: dados\raw\olist\olist_orders_dataset.csv
2026-08-07 13:17:15,624 | INFO | 99441 registros carregados.
2026-08-07 13:17:15,624 | INFO | 99441 registros carregados em 'orders'.
2026-08-07 13:17:15,624 | INFO | Carregando order_items...
2026-08-07 13:17:15,624 | INFO | Lendo arquivo: dados\raw\olist\olist_order_items_dataset.csv
2026-08-07 13:17:15,809 | INFO | 112650 registros carregados.
2026-08-07 13:17:15,809 | INFO | 112650 registros carregados em 'order_items'.
2026-08-07 13:17:15,810 | INFO | Carregando customers...
2026-08-07 13:17:15,810 | INFO | Lendo arquivo: dados\raw\olist\olist_customers_dataset.csv
2026-08-07 13:17:15,932 | INFO | 99441 registros carregados.
2026-08-07 13:17:15,932 | INFO | 99441 registros carregados em 'customers'.
2026-08-07 13:17:15,932 | INFO | Carregando products...
2026-08-07 13:17:15,932 | INFO | Lendo arquivo: dados\raw\olist\olist_products_dataset.csv
2026-08-07 13:17:15,974 | INFO | 32951 registros carregados.
2026-08-07 13:17:15,974 | INFO | 32951 registros carregados em 'products'.
2026-08-07 13:17:15,974 | INFO | Fonte CSV finalizada.
2026-08-07 13:17:15,974 | INFO | ============================================================
2026-08-07 13:17:15,974 | INFO | DATASETS CARREGADOS
2026-08-07 13:17:15,974 | INFO | ============================================================
2026-08-07 13:17:15,974 | INFO | ============================================================
2026-08-07 13:17:15,975 | INFO | INTEGRANDO PEDIDOS + ITENS
2026-08-07 13:17:15,975 | INFO | ============================================================
2026-08-07 13:17:16,116 | INFO | 99441 pedidos enriquecidos com itens.
2026-08-07 13:17:16,164 | INFO | ============================================================
2026-08-07 13:17:16,164 | INFO | INTEGRANDO PEDIDOS + CLIENTES
2026-08-07 13:17:16,164 | INFO | ============================================================
2026-08-07 13:17:16,206 | INFO | 99441 pedidos enriquecidos com clientes.
2026-08-07 13:17:16,206 | INFO | ============================================================
2026-08-07 13:17:16,206 | INFO | INTEGRANDO ITENS + PRODUTOS
2026-08-07 13:17:16,206 | INFO | ============================================================
2026-08-07 13:17:16,287 | INFO | 112650 itens enriquecidos com produtos.
2026-08-07 13:19:19,203 | INFO | ============================================================
2026-08-07 13:19:19,203 | INFO | CARREGANDO DATASETS
2026-08-07 13:19:19,204 | INFO | ============================================================
2026-08-07 13:19:19,204 | INFO | Fonte CSV inicializada.
2026-08-07 13:19:19,204 | INFO | Carregando orders...
2026-08-07 13:19:19,204 | INFO | Lendo arquivo: dados\raw\olist\olist_orders_dataset.csv
2026-08-07 13:19:19,532 | INFO | 99441 registros carregados.
2026-08-07 13:19:19,532 | INFO | 99441 registros carregados em 'orders'.
2026-08-07 13:19:19,532 | INFO | Carregando order_items...
2026-08-07 13:19:19,532 | INFO | Lendo arquivo: dados\raw\olist\olist_order_items_dataset.csv
2026-08-07 13:19:19,726 | INFO | 112650 registros carregados.
2026-08-07 13:19:19,726 | INFO | 112650 registros carregados em 'order_items'.
2026-08-07 13:19:19,727 | INFO | Carregando customers...
2026-08-07 13:19:19,727 | INFO | Lendo arquivo: dados\raw\olist\olist_customers_dataset.csv
2026-08-07 13:19:19,879 | INFO | 99441 registros carregados.
2026-08-07 13:19:19,880 | INFO | 99441 registros carregados em 'customers'.
2026-08-07 13:19:19,880 | INFO | Carregando products...
2026-08-07 13:19:19,880 | INFO | Lendo arquivo: dados\raw\olist\olist_products_dataset.csv
2026-08-07 13:19:19,921 | INFO | 32951 registros carregados.
2026-08-07 13:19:19,921 | INFO | 32951 registros carregados em 'products'.
2026-08-07 13:19:19,921 | INFO | Fonte CSV finalizada.
2026-08-07 13:19:19,921 | INFO | ============================================================
2026-08-07 13:19:19,922 | INFO | DATASETS CARREGADOS
2026-08-07 13:19:19,922 | INFO | ============================================================
2026-08-07 13:19:19,922 | INFO | ============================================================
2026-08-07 13:19:19,922 | INFO | INTEGRANDO PEDIDOS + ITENS
2026-08-07 13:19:19,922 | INFO | ============================================================
2026-08-07 13:19:19,986 | INFO | 99441 pedidos enriquecidos com itens.
2026-08-07 13:19:19,986 | INFO | ============================================================
2026-08-07 13:19:19,986 | INFO | INTEGRANDO PEDIDOS + CLIENTES
2026-08-07 13:19:19,987 | INFO | ============================================================
2026-08-07 13:19:20,027 | INFO | 99441 pedidos enriquecidos com clientes.
2026-08-07 13:19:20,027 | INFO | ============================================================
2026-08-07 13:19:20,027 | INFO | INTEGRANDO ITENS + PRODUTOS
2026-08-07 13:19:20,027 | INFO | ============================================================
2026-08-07 13:19:20,055 | INFO | 112650 itens enriquecidos com produtos.
2026-08-07 13:20:04,677 | INFO | ============================================================
2026-08-07 13:20:04,677 | INFO | CARREGANDO DATASETS
2026-08-07 13:20:04,677 | INFO | ============================================================
2026-08-07 13:20:04,678 | INFO | Fonte CSV inicializada.
2026-08-07 13:20:04,678 | INFO | Carregando orders...
2026-08-07 13:20:04,678 | INFO | Lendo arquivo: dados\raw\olist\olist_orders_dataset.csv
2026-08-07 13:20:04,974 | INFO | 99441 registros carregados.
2026-08-07 13:20:04,978 | INFO | 99441 registros carregados em 'orders'.
2026-08-07 13:20:04,978 | INFO | Carregando order_items...
2026-08-07 13:20:04,979 | INFO | Lendo arquivo: dados\raw\olist\olist_order_items_dataset.csv
2026-08-07 13:20:05,213 | INFO | 112650 registros carregados.
2026-08-07 13:20:05,213 | INFO | 112650 registros carregados em 'order_items'.
2026-08-07 13:20:05,213 | INFO | Carregando customers...
2026-08-07 13:20:05,213 | INFO | Lendo arquivo: dados\raw\olist\olist_customers_dataset.csv
2026-08-07 13:20:05,343 | INFO | 99441 registros carregados.
2026-08-07 13:20:05,343 | INFO | 99441 registros carregados em 'customers'.
2026-08-07 13:20:05,343 | INFO | Carregando products...
2026-08-07 13:20:05,343 | INFO | Lendo arquivo: dados\raw\olist\olist_products_dataset.csv
2026-08-07 13:20:05,385 | INFO | 32951 registros carregados.
2026-08-07 13:20:05,385 | INFO | 32951 registros carregados em 'products'.
2026-08-07 13:20:05,385 | INFO | Fonte CSV finalizada.
2026-08-07 13:20:05,386 | INFO | ============================================================
2026-08-07 13:20:05,386 | INFO | DATASETS CARREGADOS
2026-08-07 13:20:05,386 | INFO | ============================================================
2026-08-07 13:20:05,386 | INFO | ============================================================
2026-08-07 13:20:05,386 | INFO | INTEGRANDO PEDIDOS + ITENS
2026-08-07 13:20:05,386 | INFO | ============================================================
2026-08-07 13:20:05,450 | INFO | 99441 pedidos enriquecidos com itens.
2026-08-07 13:20:05,450 | INFO | ============================================================
2026-08-07 13:20:05,451 | INFO | INTEGRANDO PEDIDOS + CLIENTES
2026-08-07 13:20:05,451 | INFO | ============================================================
2026-08-07 13:20:05,493 | INFO | 99441 pedidos enriquecidos com clientes.
2026-08-07 13:20:05,493 | INFO | ============================================================
2026-08-07 13:20:05,493 | INFO | INTEGRANDO ITENS + PRODUTOS
2026-08-07 13:20:05,493 | INFO | ============================================================
2026-08-07 13:20:05,519 | INFO | 112650 itens enriquecidos com produtos.
2026-08-07 13:21:52,992 | INFO | Lendo arquivo: dados\raw\olist\olist_order_payments_dataset.csv
2026-08-07 13:21:53,088 | INFO | 103886 registros carregados.
2026-08-07 13:24:27,573 | INFO | ============================================================
2026-08-07 13:24:27,573 | INFO | CARREGANDO DATASETS
2026-08-07 13:24:27,573 | INFO | ============================================================
2026-08-07 13:24:27,574 | INFO | Fonte CSV inicializada.
2026-08-07 13:24:27,574 | INFO | Carregando orders...
2026-08-07 13:24:27,574 | INFO | Lendo arquivo: dados\raw\olist\olist_orders_dataset.csv
2026-08-07 13:24:27,909 | INFO | 99441 registros carregados.
2026-08-07 13:24:27,909 | INFO | 99441 registros carregados em 'orders'.
2026-08-07 13:24:27,909 | INFO | Carregando order_items...
2026-08-07 13:24:27,909 | INFO | Lendo arquivo: dados\raw\olist\olist_order_items_dataset.csv
2026-08-07 13:24:28,127 | INFO | 112650 registros carregados.
2026-08-07 13:24:28,127 | INFO | 112650 registros carregados em 'order_items'.
2026-08-07 13:24:28,127 | INFO | Carregando customers...
2026-08-07 13:24:28,127 | INFO | Lendo arquivo: dados\raw\olist\olist_customers_dataset.csv
2026-08-07 13:24:28,253 | INFO | 99441 registros carregados.
2026-08-07 13:24:28,254 | INFO | 99441 registros carregados em 'customers'.
2026-08-07 13:24:28,254 | INFO | Carregando products...
2026-08-07 13:24:28,254 | INFO | Lendo arquivo: dados\raw\olist\olist_products_dataset.csv
2026-08-07 13:24:28,296 | INFO | 32951 registros carregados.
2026-08-07 13:24:28,296 | INFO | 32951 registros carregados em 'products'.
2026-08-07 13:24:28,296 | INFO | Carregando payments...
2026-08-07 13:24:28,296 | INFO | Lendo arquivo: dados\raw\olist\olist_order_payments_dataset.csv
2026-08-07 13:24:28,378 | INFO | 103886 registros carregados.
2026-08-07 13:24:28,379 | INFO | 103886 registros carregados em 'payments'.
2026-08-07 13:24:28,379 | INFO | Fonte CSV finalizada.
2026-08-07 13:24:28,379 | INFO | ============================================================
2026-08-07 13:24:28,379 | INFO | DATASETS CARREGADOS
2026-08-07 13:24:28,379 | INFO | ============================================================
2026-08-07 13:24:28,379 | INFO | ============================================================
2026-08-07 13:24:28,379 | INFO | INTEGRANDO PEDIDOS + ITENS
2026-08-07 13:24:28,379 | INFO | ============================================================
2026-08-07 13:24:28,452 | INFO | 99441 pedidos enriquecidos com itens.
2026-08-07 13:24:28,453 | INFO | ============================================================
2026-08-07 13:24:28,453 | INFO | INTEGRANDO PEDIDOS + CLIENTES
2026-08-07 13:24:28,453 | INFO | ============================================================
2026-08-07 13:24:28,491 | INFO | 99441 pedidos enriquecidos com clientes.
2026-08-07 13:24:28,491 | INFO | ============================================================
2026-08-07 13:24:28,491 | INFO | INTEGRANDO ITENS + PRODUTOS
2026-08-07 13:24:28,491 | INFO | ============================================================
2026-08-07 13:24:28,519 | INFO | 112650 itens enriquecidos com produtos.
2026-08-07 13:24:28,519 | INFO | ============================================================
2026-08-07 13:24:28,519 | INFO | INTEGRANDO PEDIDOS + PAGAMENTOS
2026-08-07 13:24:28,519 | INFO | ============================================================
2026-08-07 13:24:28,650 | INFO | 99441 pedidos enriquecidos com pagamentos.
2026-08-07 14:07:38,208 | INFO | ================================================================================
2026-08-07 14:07:38,209 | INFO | BUSINESS ANALYTICS AUTOMATION
2026-08-07 14:07:38,209 | INFO | ================================================================================
2026-08-07 14:07:38,209 | INFO | ============================================================
2026-08-07 14:07:38,209 | INFO | CARREGANDO DATASETS
2026-08-07 14:07:38,209 | INFO | ============================================================
2026-08-07 14:07:38,210 | INFO | Fonte CSV inicializada.
2026-08-07 14:07:38,210 | INFO | Carregando orders...
2026-08-07 14:07:38,210 | INFO | Lendo arquivo: dados\raw\olist\olist_orders_dataset.csv
2026-08-07 14:07:38,517 | INFO | 99441 registros carregados.
2026-08-07 14:07:38,518 | INFO | 99441 registros carregados em 'orders'.
2026-08-07 14:07:38,518 | INFO | Carregando order_items...
2026-08-07 14:07:38,518 | INFO | Lendo arquivo: dados\raw\olist\olist_order_items_dataset.csv
2026-08-07 14:07:38,714 | INFO | 112650 registros carregados.
2026-08-07 14:07:38,714 | INFO | 112650 registros carregados em 'order_items'.
2026-08-07 14:07:38,714 | INFO | Carregando customers...
2026-08-07 14:07:38,714 | INFO | Lendo arquivo: dados\raw\olist\olist_customers_dataset.csv
2026-08-07 14:07:38,842 | INFO | 99441 registros carregados.
2026-08-07 14:07:38,842 | INFO | 99441 registros carregados em 'customers'.
2026-08-07 14:07:38,842 | INFO | Carregando products...
2026-08-07 14:07:38,843 | INFO | Lendo arquivo: dados\raw\olist\olist_products_dataset.csv
2026-08-07 14:07:38,883 | INFO | 32951 registros carregados.
2026-08-07 14:07:38,884 | INFO | 32951 registros carregados em 'products'.
2026-08-07 14:07:38,884 | INFO | Carregando payments...
2026-08-07 14:07:38,884 | INFO | Lendo arquivo: dados\raw\olist\olist_order_payments_dataset.csv
2026-08-07 14:07:38,965 | INFO | 103886 registros carregados.
2026-08-07 14:07:38,966 | INFO | 103886 registros carregados em 'payments'.
2026-08-07 14:07:38,966 | INFO | Fonte CSV finalizada.
2026-08-07 14:07:38,966 | INFO | ============================================================
2026-08-07 14:07:38,966 | INFO | DATASETS CARREGADOS
2026-08-07 14:07:38,966 | INFO | ============================================================
2026-08-07 14:07:38,966 | INFO | ============================================================
2026-08-07 14:07:38,966 | INFO | INTEGRANDO PEDIDOS + ITENS
2026-08-07 14:07:38,966 | INFO | ============================================================
2026-08-07 14:07:39,035 | INFO | 99441 pedidos enriquecidos com itens.
2026-08-07 14:07:39,036 | INFO | ============================================================
2026-08-07 14:07:39,036 | INFO | INTEGRANDO PEDIDOS + CLIENTES
2026-08-07 14:07:39,036 | INFO | ============================================================
2026-08-07 14:07:39,075 | INFO | 99441 pedidos enriquecidos com clientes.
2026-08-07 14:07:39,075 | INFO | ============================================================
2026-08-07 14:07:39,075 | INFO | INTEGRANDO ITENS + PRODUTOS
2026-08-07 14:07:39,075 | INFO | ============================================================
2026-08-07 14:07:39,102 | INFO | 112650 itens enriquecidos com produtos.
2026-08-07 14:07:39,103 | INFO | ============================================================
2026-08-07 14:07:39,103 | INFO | INTEGRANDO PEDIDOS + PAGAMENTOS
2026-08-07 14:07:39,103 | INFO | ============================================================
2026-08-07 14:07:39,223 | INFO | 99441 pedidos enriquecidos com pagamentos.
2026-08-07 14:07:39,279 | INFO | ================================================================================
2026-08-07 14:07:39,279 | INFO | PIPELINE FINALIZADO
2026-08-07 14:07:39,279 | INFO | ================================================================================
2026-08-07 18:46:24,926 | INFO | ================================================================================
2026-08-07 18:46:24,927 | INFO | BUSINESS ANALYTICS AUTOMATION
2026-08-07 18:46:24,927 | INFO | ================================================================================
2026-08-07 18:46:24,927 | INFO | ============================================================
2026-08-07 18:46:24,927 | INFO | CARREGANDO DATASETS
2026-08-07 18:46:24,927 | INFO | ============================================================
2026-08-07 18:46:24,928 | INFO | Fonte CSV inicializada.
2026-08-07 18:46:24,928 | INFO | Carregando orders...
2026-08-07 18:46:24,928 | INFO | Lendo arquivo: dados\raw\olist\olist_orders_dataset.csv
2026-08-07 18:46:25,214 | INFO | 99441 registros carregados.
2026-08-07 18:46:25,215 | INFO | 99441 registros carregados em 'orders'.
2026-08-07 18:46:25,215 | INFO | Carregando order_items...
2026-08-07 18:46:25,215 | INFO | Lendo arquivo: dados\raw\olist\olist_order_items_dataset.csv
2026-08-07 18:46:25,404 | INFO | 112650 registros carregados.
2026-08-07 18:46:25,404 | INFO | 112650 registros carregados em 'order_items'.
2026-08-07 18:46:25,405 | INFO | Carregando customers...
2026-08-07 18:46:25,405 | INFO | Lendo arquivo: dados\raw\olist\olist_customers_dataset.csv
2026-08-07 18:46:25,538 | INFO | 99441 registros carregados.
2026-08-07 18:46:25,538 | INFO | 99441 registros carregados em 'customers'.
2026-08-07 18:46:25,538 | INFO | Carregando products...
2026-08-07 18:46:25,538 | INFO | Lendo arquivo: dados\raw\olist\olist_products_dataset.csv
2026-08-07 18:46:25,596 | INFO | 32951 registros carregados.
2026-08-07 18:46:25,596 | INFO | 32951 registros carregados em 'products'.
2026-08-07 18:46:25,596 | INFO | Carregando payments...
2026-08-07 18:46:25,596 | INFO | Lendo arquivo: dados\raw\olist\olist_order_payments_dataset.csv
2026-08-07 18:46:25,689 | INFO | 103886 registros carregados.
2026-08-07 18:46:25,689 | INFO | 103886 registros carregados em 'payments'.
2026-08-07 18:46:25,690 | INFO | Fonte CSV finalizada.
2026-08-07 18:46:25,690 | INFO | ============================================================
2026-08-07 18:46:25,690 | INFO | DATASETS CARREGADOS
2026-08-07 18:46:25,690 | INFO | ============================================================
2026-08-07 18:46:25,690 | INFO | ============================================================
2026-08-07 18:46:25,690 | INFO | INTEGRANDO PEDIDOS + ITENS
2026-08-07 18:46:25,690 | INFO | ============================================================
2026-08-07 18:46:25,799 | INFO | 99441 pedidos enriquecidos com itens.
2026-08-07 18:46:25,800 | INFO | ============================================================
2026-08-07 18:46:25,800 | INFO | INTEGRANDO PEDIDOS + CLIENTES
2026-08-07 18:46:25,800 | INFO | ============================================================
2026-08-07 18:46:25,841 | INFO | 99441 pedidos enriquecidos com clientes.
2026-08-07 18:46:25,841 | INFO | ============================================================
2026-08-07 18:46:25,841 | INFO | INTEGRANDO ITENS + PRODUTOS
2026-08-07 18:46:25,841 | INFO | ============================================================
2026-08-07 18:46:25,869 | INFO | 112650 itens enriquecidos com produtos.
2026-08-07 18:46:25,869 | INFO | ============================================================
2026-08-07 18:46:25,869 | INFO | INTEGRANDO PEDIDOS + PAGAMENTOS
2026-08-07 18:46:25,869 | INFO | ============================================================
2026-08-07 18:46:25,996 | INFO | 99441 pedidos enriquecidos com pagamentos.
2026-08-07 18:46:26,054 | INFO | ================================================================================
2026-08-07 18:46:26,054 | INFO | PIPELINE FINALIZADO
2026-08-07 18:46:26,054 | INFO | ================================================================================
2026-08-07 18:47:27,407 | INFO | Lendo arquivo: dados\raw\olist\olist_order_reviews_dataset.csv
2026-08-07 18:47:27,715 | INFO | 99224 registros carregados.
2026-08-07 18:52:49,966 | INFO | Lendo arquivo: dados\raw\olist\olist_order_reviews_dataset.csv
2026-08-07 18:52:50,242 | INFO | 99224 registros carregados.
2026-08-07 18:53:33,904 | INFO | ================================================================================
2026-08-07 18:53:33,904 | INFO | BUSINESS ANALYTICS AUTOMATION
2026-08-07 18:53:33,905 | INFO | ================================================================================
2026-08-07 18:53:33,905 | INFO | ============================================================
2026-08-07 18:53:33,905 | INFO | CARREGANDO DATASETS
2026-08-07 18:53:33,905 | INFO | ============================================================
2026-08-07 18:53:33,906 | INFO | Fonte CSV inicializada.
2026-08-07 18:53:33,906 | INFO | Carregando orders...
2026-08-07 18:53:33,906 | INFO | Lendo arquivo: dados\raw\olist\olist_orders_dataset.csv
2026-08-07 18:53:34,217 | INFO | 99441 registros carregados.
2026-08-07 18:53:34,217 | INFO | 99441 registros carregados em 'orders'.
2026-08-07 18:53:34,217 | INFO | Carregando order_items...
2026-08-07 18:53:34,217 | INFO | Lendo arquivo: dados\raw\olist\olist_order_items_dataset.csv
2026-08-07 18:53:34,430 | INFO | 112650 registros carregados.
2026-08-07 18:53:34,430 | INFO | 112650 registros carregados em 'order_items'.
2026-08-07 18:53:34,430 | INFO | Carregando customers...
2026-08-07 18:53:34,430 | INFO | Lendo arquivo: dados\raw\olist\olist_customers_dataset.csv
2026-08-07 18:53:34,551 | INFO | 99441 registros carregados.
2026-08-07 18:53:34,551 | INFO | 99441 registros carregados em 'customers'.
2026-08-07 18:53:34,551 | INFO | Carregando products...
2026-08-07 18:53:34,551 | INFO | Lendo arquivo: dados\raw\olist\olist_products_dataset.csv
2026-08-07 18:53:34,593 | INFO | 32951 registros carregados.
2026-08-07 18:53:34,594 | INFO | 32951 registros carregados em 'products'.
2026-08-07 18:53:34,594 | INFO | Carregando payments...
2026-08-07 18:53:34,594 | INFO | Lendo arquivo: dados\raw\olist\olist_order_payments_dataset.csv
2026-08-07 18:53:34,673 | INFO | 103886 registros carregados.
2026-08-07 18:53:34,673 | INFO | 103886 registros carregados em 'payments'.
2026-08-07 18:53:34,673 | INFO | Carregando reviews...
2026-08-07 18:53:34,673 | INFO | Lendo arquivo: dados\raw\olist\olist_order_reviews_dataset.csv
2026-08-07 18:53:34,951 | INFO | 99224 registros carregados.
2026-08-07 18:53:34,951 | INFO | 99224 registros carregados em 'reviews'.
2026-08-07 18:53:34,951 | INFO | Fonte CSV finalizada.
2026-08-07 18:53:34,951 | INFO | ============================================================
2026-08-07 18:53:34,951 | INFO | DATASETS CARREGADOS
2026-08-07 18:53:34,952 | INFO | ============================================================
2026-08-07 18:53:34,952 | INFO | ============================================================
2026-08-07 18:53:34,952 | INFO | INTEGRANDO PEDIDOS + ITENS
2026-08-07 18:53:34,952 | INFO | ============================================================
2026-08-07 18:53:35,016 | INFO | 99441 pedidos enriquecidos com itens.
2026-08-07 18:53:35,017 | INFO | ============================================================
2026-08-07 18:53:35,017 | INFO | INTEGRANDO PEDIDOS + CLIENTES
2026-08-07 18:53:35,017 | INFO | ============================================================
2026-08-07 18:53:35,060 | INFO | 99441 pedidos enriquecidos com clientes.
2026-08-07 18:53:35,060 | INFO | ============================================================
2026-08-07 18:53:35,060 | INFO | INTEGRANDO ITENS + PRODUTOS
2026-08-07 18:53:35,060 | INFO | ============================================================
2026-08-07 18:53:35,088 | INFO | 112650 itens enriquecidos com produtos.
2026-08-07 18:53:35,088 | INFO | ============================================================
2026-08-07 18:53:35,088 | INFO | INTEGRANDO PEDIDOS + PAGAMENTOS
2026-08-07 18:53:35,088 | INFO | ============================================================
2026-08-07 18:53:35,218 | INFO | 99441 pedidos enriquecidos com pagamentos.
2026-08-07 18:53:35,219 | INFO | ============================================================
2026-08-07 18:53:35,219 | INFO | INTEGRANDO PEDIDOS + REVIEWS
2026-08-07 18:53:35,219 | INFO | ============================================================
2026-08-07 18:53:35,281 | INFO | 99992 pedidos enriquecidos com reviews.
2026-08-07 18:53:35,341 | INFO | ================================================================================
2026-08-07 18:53:35,341 | INFO | PIPELINE FINALIZADO
2026-08-07 18:53:35,342 | INFO | ================================================================================
2026-08-07 18:55:00,123 | INFO | ================================================================================
2026-08-07 18:55:00,123 | INFO | BUSINESS ANALYTICS AUTOMATION
2026-08-07 18:55:00,123 | INFO | ================================================================================
2026-08-07 18:55:00,124 | INFO | ============================================================
2026-08-07 18:55:00,124 | INFO | CARREGANDO DATASETS
2026-08-07 18:55:00,124 | INFO | ============================================================
2026-08-07 18:55:00,125 | INFO | Fonte CSV inicializada.
2026-08-07 18:55:00,125 | INFO | Carregando orders...
2026-08-07 18:55:00,125 | INFO | Lendo arquivo: dados\raw\olist\olist_orders_dataset.csv
2026-08-07 18:55:00,415 | INFO | 99441 registros carregados.
2026-08-07 18:55:00,415 | INFO | 99441 registros carregados em 'orders'.
2026-08-07 18:55:00,415 | INFO | Carregando order_items...
2026-08-07 18:55:00,416 | INFO | Lendo arquivo: dados\raw\olist\olist_order_items_dataset.csv
2026-08-07 18:55:00,607 | INFO | 112650 registros carregados.
2026-08-07 18:55:00,607 | INFO | 112650 registros carregados em 'order_items'.
2026-08-07 18:55:00,607 | INFO | Carregando customers...
2026-08-07 18:55:00,608 | INFO | Lendo arquivo: dados\raw\olist\olist_customers_dataset.csv
2026-08-07 18:55:00,727 | INFO | 99441 registros carregados.
2026-08-07 18:55:00,727 | INFO | 99441 registros carregados em 'customers'.
2026-08-07 18:55:00,727 | INFO | Carregando products...
2026-08-07 18:55:00,727 | INFO | Lendo arquivo: dados\raw\olist\olist_products_dataset.csv
2026-08-07 18:55:00,767 | INFO | 32951 registros carregados.
2026-08-07 18:55:00,768 | INFO | 32951 registros carregados em 'products'.
2026-08-07 18:55:00,768 | INFO | Carregando payments...
2026-08-07 18:55:00,768 | INFO | Lendo arquivo: dados\raw\olist\olist_order_payments_dataset.csv
2026-08-07 18:55:00,847 | INFO | 103886 registros carregados.
2026-08-07 18:55:00,848 | INFO | 103886 registros carregados em 'payments'.
2026-08-07 18:55:00,848 | INFO | Carregando reviews...
2026-08-07 18:55:00,848 | INFO | Lendo arquivo: dados\raw\olist\olist_order_reviews_dataset.csv
2026-08-07 18:55:01,128 | INFO | 99224 registros carregados.
2026-08-07 18:55:01,128 | INFO | 99224 registros carregados em 'reviews'.
2026-08-07 18:55:01,128 | INFO | Fonte CSV finalizada.
2026-08-07 18:55:01,128 | INFO | ============================================================
2026-08-07 18:55:01,128 | INFO | DATASETS CARREGADOS
2026-08-07 18:55:01,129 | INFO | ============================================================
2026-08-07 18:55:01,129 | INFO | ============================================================
2026-08-07 18:55:01,129 | INFO | INTEGRANDO PEDIDOS + ITENS
2026-08-07 18:55:01,129 | INFO | ============================================================
2026-08-07 18:55:01,199 | INFO | 99441 pedidos enriquecidos com itens.
2026-08-07 18:55:01,200 | INFO | ============================================================
2026-08-07 18:55:01,200 | INFO | INTEGRANDO PEDIDOS + CLIENTES
2026-08-07 18:55:01,200 | INFO | ============================================================
2026-08-07 18:55:01,251 | INFO | 99441 pedidos enriquecidos com clientes.
2026-08-07 18:55:01,251 | INFO | ============================================================
2026-08-07 18:55:01,251 | INFO | INTEGRANDO ITENS + PRODUTOS
2026-08-07 18:55:01,251 | INFO | ============================================================
2026-08-07 18:55:01,278 | INFO | 112650 itens enriquecidos com produtos.
2026-08-07 18:55:01,278 | INFO | ============================================================
2026-08-07 18:55:01,278 | INFO | INTEGRANDO PEDIDOS + PAGAMENTOS
2026-08-07 18:55:01,278 | INFO | ============================================================
2026-08-07 18:55:01,408 | INFO | 99441 pedidos enriquecidos com pagamentos.
2026-08-07 18:55:01,409 | INFO | ============================================================
2026-08-07 18:55:01,409 | INFO | INTEGRANDO PEDIDOS + REVIEWS
2026-08-07 18:55:01,409 | INFO | ============================================================
2026-08-07 18:55:01,529 | INFO | 99441 pedidos enriquecidos com reviews.
2026-08-07 18:55:01,587 | INFO | ================================================================================
2026-08-07 18:55:01,587 | INFO | PIPELINE FINALIZADO
2026-08-07 18:55:01,587 | INFO | ================================================================================
2026-08-10 14:37:15,659 | INFO | ================================================================================
2026-08-10 14:37:15,659 | INFO | BUSINESS ANALYTICS AUTOMATION
2026-08-10 14:37:15,659 | INFO | ================================================================================
2026-08-10 14:37:15,660 | INFO | ============================================================
2026-08-10 14:37:15,660 | INFO | CARREGANDO DATASETS
2026-08-10 14:37:15,660 | INFO | ============================================================
2026-08-10 14:37:15,660 | INFO | Fonte CSV inicializada.
2026-08-10 14:37:15,661 | INFO | Carregando orders...
2026-08-10 14:37:15,661 | INFO | Lendo arquivo: dados\raw\olist\olist_orders_dataset.csv
2026-08-10 14:37:15,977 | INFO | 99441 registros carregados.
2026-08-10 14:37:15,977 | INFO | 99441 registros carregados em 'orders'.
2026-08-10 14:37:15,977 | INFO | Carregando order_items...
2026-08-10 14:37:15,977 | INFO | Lendo arquivo: dados\raw\olist\olist_order_items_dataset.csv
2026-08-10 14:37:16,174 | INFO | 112650 registros carregados.
2026-08-10 14:37:16,174 | INFO | 112650 registros carregados em 'order_items'.
2026-08-10 14:37:16,174 | INFO | Carregando customers...
2026-08-10 14:37:16,174 | INFO | Lendo arquivo: dados\raw\olist\olist_customers_dataset.csv
2026-08-10 14:37:16,315 | INFO | 99441 registros carregados.
2026-08-10 14:37:16,315 | INFO | 99441 registros carregados em 'customers'.
2026-08-10 14:37:16,315 | INFO | Carregando products...
2026-08-10 14:37:16,316 | INFO | Lendo arquivo: dados\raw\olist\olist_products_dataset.csv
2026-08-10 14:37:16,368 | INFO | 32951 registros carregados.
2026-08-10 14:37:16,368 | INFO | 32951 registros carregados em 'products'.
2026-08-10 14:37:16,368 | INFO | Carregando payments...
2026-08-10 14:37:16,368 | INFO | Lendo arquivo: dados\raw\olist\olist_order_payments_dataset.csv
2026-08-10 14:37:16,461 | INFO | 103886 registros carregados.
2026-08-10 14:37:16,462 | INFO | 103886 registros carregados em 'payments'.
2026-08-10 14:37:16,462 | INFO | Carregando reviews...
2026-08-10 14:37:16,462 | INFO | Lendo arquivo: dados\raw\olist\olist_order_reviews_dataset.csv
2026-08-10 14:37:16,752 | INFO | 99224 registros carregados.
2026-08-10 14:37:16,752 | INFO | 99224 registros carregados em 'reviews'.
2026-08-10 14:37:16,752 | INFO | Fonte CSV finalizada.
2026-08-10 14:37:16,752 | INFO | ============================================================
2026-08-10 14:37:16,753 | INFO | DATASETS CARREGADOS
2026-08-10 14:37:16,753 | INFO | ============================================================
2026-08-10 14:37:16,753 | INFO | ============================================================
2026-08-10 14:37:16,753 | INFO | INTEGRANDO PEDIDOS + ITENS
2026-08-10 14:37:16,753 | INFO | ============================================================
2026-08-10 14:37:16,858 | INFO | 99441 pedidos enriquecidos com itens.
2026-08-10 14:37:16,858 | INFO | ============================================================
2026-08-10 14:37:16,858 | INFO | INTEGRANDO PEDIDOS + CLIENTES
2026-08-10 14:37:16,858 | INFO | ============================================================
2026-08-10 14:37:16,904 | INFO | 99441 pedidos enriquecidos com clientes.
2026-08-10 14:37:16,905 | INFO | ============================================================
2026-08-10 14:37:16,905 | INFO | INTEGRANDO ITENS + PRODUTOS
2026-08-10 14:37:16,905 | INFO | ============================================================
2026-08-10 14:37:16,937 | INFO | 112650 itens enriquecidos com produtos.
2026-08-10 14:37:16,937 | INFO | ============================================================
2026-08-10 14:37:16,938 | INFO | INTEGRANDO PEDIDOS + PAGAMENTOS
2026-08-10 14:37:16,938 | INFO | ============================================================
2026-08-10 14:37:17,065 | INFO | 99441 pedidos enriquecidos com pagamentos.
2026-08-10 14:37:17,066 | INFO | ============================================================
2026-08-10 14:37:17,066 | INFO | INTEGRANDO PEDIDOS + REVIEWS
2026-08-10 14:37:17,066 | INFO | ============================================================
2026-08-10 14:37:17,185 | INFO | 99441 pedidos enriquecidos com reviews.
2026-08-10 14:37:17,251 | INFO | ================================================================================
2026-08-10 14:37:17,251 | INFO | PIPELINE FINALIZADO
2026-08-10 14:37:17,252 | INFO | ================================================================================
2026-08-13 09:19:30,401 | INFO | ================================================================================
2026-08-13 09:19:30,401 | INFO | BUSINESS ANALYTICS AUTOMATION
2026-08-13 09:19:30,402 | INFO | ================================================================================
2026-08-13 09:19:30,402 | INFO | ============================================================
2026-08-13 09:19:30,402 | INFO | CARREGANDO DATASETS
2026-08-13 09:19:30,402 | INFO | ============================================================
2026-08-13 09:19:30,403 | INFO | Fonte CSV inicializada.
2026-08-13 09:19:30,403 | INFO | Carregando orders...
2026-08-13 09:19:30,403 | INFO | Lendo arquivo: dados\raw\olist\olist_orders_dataset.csv
2026-08-13 09:19:30,720 | INFO | 99441 registros carregados.
2026-08-13 09:19:30,720 | INFO | 99441 registros carregados em 'orders'.
2026-08-13 09:19:30,720 | INFO | Carregando order_items...
2026-08-13 09:19:30,720 | INFO | Lendo arquivo: dados\raw\olist\olist_order_items_dataset.csv
2026-08-13 09:19:30,915 | INFO | 112650 registros carregados.
2026-08-13 09:19:30,915 | INFO | 112650 registros carregados em 'order_items'.
2026-08-13 09:19:30,915 | INFO | Carregando customers...
2026-08-13 09:19:30,915 | INFO | Lendo arquivo: dados\raw\olist\olist_customers_dataset.csv
2026-08-13 09:19:31,052 | INFO | 99441 registros carregados.
2026-08-13 09:19:31,052 | INFO | 99441 registros carregados em 'customers'.
2026-08-13 09:19:31,052 | INFO | Carregando products...
2026-08-13 09:19:31,052 | INFO | Lendo arquivo: dados\raw\olist\olist_products_dataset.csv
2026-08-13 09:19:31,109 | INFO | 32951 registros carregados.
2026-08-13 09:19:31,109 | INFO | 32951 registros carregados em 'products'.
2026-08-13 09:19:31,109 | INFO | Carregando payments...
2026-08-13 09:19:31,109 | INFO | Lendo arquivo: dados\raw\olist\olist_order_payments_dataset.csv
2026-08-13 09:19:31,210 | INFO | 103886 registros carregados.
2026-08-13 09:19:31,211 | INFO | 103886 registros carregados em 'payments'.
2026-08-13 09:19:31,211 | INFO | Carregando reviews...
2026-08-13 09:19:31,211 | INFO | Lendo arquivo: dados\raw\olist\olist_order_reviews_dataset.csv
2026-08-13 09:19:31,512 | INFO | 99224 registros carregados.
2026-08-13 09:19:31,512 | INFO | 99224 registros carregados em 'reviews'.
2026-08-13 09:19:31,512 | INFO | Fonte CSV finalizada.
2026-08-13 09:19:31,512 | INFO | ============================================================
2026-08-13 09:19:31,512 | INFO | DATASETS CARREGADOS
2026-08-13 09:19:31,512 | INFO | ============================================================
2026-08-13 09:19:31,512 | INFO | ============================================================
2026-08-13 09:19:31,512 | INFO | INTEGRANDO PEDIDOS + ITENS
2026-08-13 09:19:31,513 | INFO | ============================================================
2026-08-13 09:19:31,607 | INFO | 99441 pedidos enriquecidos com itens.
2026-08-13 09:19:31,607 | INFO | ============================================================
2026-08-13 09:19:31,607 | INFO | INTEGRANDO PEDIDOS + CLIENTES
2026-08-13 09:19:31,607 | INFO | ============================================================
2026-08-13 09:19:31,662 | INFO | 99441 pedidos enriquecidos com clientes.
2026-08-13 09:19:31,662 | INFO | ============================================================
2026-08-13 09:19:31,662 | INFO | INTEGRANDO ITENS + PRODUTOS
2026-08-13 09:19:31,662 | INFO | ============================================================
2026-08-13 09:19:31,693 | INFO | 112650 itens enriquecidos com produtos.
2026-08-13 09:19:31,693 | INFO | ============================================================
2026-08-13 09:19:31,693 | INFO | INTEGRANDO PEDIDOS + PAGAMENTOS
2026-08-13 09:19:31,693 | INFO | ============================================================
2026-08-13 09:19:31,834 | INFO | 99441 pedidos enriquecidos com pagamentos.
2026-08-13 09:19:31,834 | INFO | ============================================================
2026-08-13 09:19:31,835 | INFO | INTEGRANDO PEDIDOS + REVIEWS
2026-08-13 09:19:31,835 | INFO | ============================================================
2026-08-13 09:19:31,959 | INFO | 99441 pedidos enriquecidos com reviews.
2026-08-13 09:19:32,022 | INFO | ================================================================================
2026-08-13 09:19:32,022 | INFO | PIPELINE FINALIZADO
2026-08-13 09:19:32,022 | INFO | ================================================================================
2026-08-13 09:22:44,712 | INFO | ================================================================================
2026-08-13 09:22:44,712 | INFO | BUSINESS ANALYTICS AUTOMATION
2026-08-13 09:22:44,712 | INFO | ================================================================================
2026-08-13 09:22:44,713 | INFO | ============================================================
2026-08-13 09:22:44,713 | INFO | CARREGANDO DATASETS
2026-08-13 09:22:44,713 | INFO | ============================================================
2026-08-13 09:22:44,713 | INFO | ============================================================
2026-08-13 09:22:44,713 | INFO | CARREGANDO DATASETS
2026-08-13 09:22:44,713 | INFO | ============================================================
2026-08-13 09:22:44,714 | INFO | Fonte CSV inicializada.
2026-08-13 09:22:44,714 | INFO | Carregando orders...
2026-08-13 09:22:44,714 | INFO | Lendo arquivo: dados\raw\olist\olist_orders_dataset.csv
2026-08-13 09:22:45,014 | INFO | 99441 registros carregados.
2026-08-13 09:22:45,014 | INFO | 99441 registros carregados em 'orders'.
2026-08-13 09:22:45,014 | INFO | Carregando order_items...
2026-08-13 09:22:45,014 | INFO | Lendo arquivo: dados\raw\olist\olist_order_items_dataset.csv
2026-08-13 09:22:45,209 | INFO | 112650 registros carregados.
2026-08-13 09:22:45,209 | INFO | 112650 registros carregados em 'order_items'.
2026-08-13 09:22:45,209 | INFO | Carregando customers...
2026-08-13 09:22:45,209 | INFO | Lendo arquivo: dados\raw\olist\olist_customers_dataset.csv
2026-08-13 09:22:45,333 | INFO | 99441 registros carregados.
2026-08-13 09:22:45,333 | INFO | 99441 registros carregados em 'customers'.
2026-08-13 09:22:45,333 | INFO | Carregando products...
2026-08-13 09:22:45,333 | INFO | Lendo arquivo: dados\raw\olist\olist_products_dataset.csv
2026-08-13 09:22:45,374 | INFO | 32951 registros carregados.
2026-08-13 09:22:45,374 | INFO | 32951 registros carregados em 'products'.
2026-08-13 09:22:45,374 | INFO | Carregando payments...
2026-08-13 09:22:45,374 | INFO | Lendo arquivo: dados\raw\olist\olist_order_payments_dataset.csv
2026-08-13 09:22:45,456 | INFO | 103886 registros carregados.
2026-08-13 09:22:45,456 | INFO | 103886 registros carregados em 'payments'.
2026-08-13 09:22:45,457 | INFO | Carregando reviews...
2026-08-13 09:22:45,457 | INFO | Lendo arquivo: dados\raw\olist\olist_order_reviews_dataset.csv
2026-08-13 09:22:45,730 | INFO | 99224 registros carregados.
2026-08-13 09:22:45,730 | INFO | 99224 registros carregados em 'reviews'.
2026-08-13 09:22:45,731 | INFO | Carregando sellers...
2026-08-13 09:22:45,731 | INFO | Lendo arquivo: dados\raw\olist\olist_sellers_dataset.csv
2026-08-13 09:22:45,745 | INFO | 3095 registros carregados.
2026-08-13 09:22:45,745 | INFO | 3095 registros carregados em 'sellers'.
2026-08-13 09:22:45,745 | INFO | Fonte CSV finalizada.
2026-08-13 09:22:45,745 | INFO | ============================================================
2026-08-13 09:22:45,745 | INFO | DATASETS CARREGADOS
2026-08-13 09:22:45,745 | INFO | ============================================================
2026-08-13 09:22:45,745 | INFO | ============================================================
2026-08-13 09:22:45,746 | INFO | INTEGRANDO PEDIDOS + ITENS
2026-08-13 09:22:45,746 | INFO | ============================================================
2026-08-13 09:22:45,811 | INFO | 99441 pedidos enriquecidos com itens.
2026-08-13 09:22:45,812 | INFO | ============================================================
2026-08-13 09:22:45,812 | INFO | INTEGRANDO PEDIDOS + CLIENTES
2026-08-13 09:22:45,812 | INFO | ============================================================
2026-08-13 09:22:45,867 | INFO | 99441 pedidos enriquecidos com clientes.
2026-08-13 09:22:45,867 | INFO | ============================================================
2026-08-13 09:22:45,867 | INFO | INTEGRANDO ITENS + PRODUTOS
2026-08-13 09:22:45,867 | INFO | ============================================================
2026-08-13 09:22:45,894 | INFO | 112650 itens enriquecidos com produtos.
2026-08-13 09:22:45,894 | INFO | ============================================================
2026-08-13 09:22:45,894 | INFO | INTEGRANDO PEDIDOS + PAGAMENTOS
2026-08-13 09:22:45,894 | INFO | ============================================================
2026-08-13 09:22:46,015 | INFO | 99441 pedidos enriquecidos com pagamentos.
2026-08-13 09:22:46,016 | INFO | ============================================================
2026-08-13 09:22:46,016 | INFO | INTEGRANDO PEDIDOS + REVIEWS
2026-08-13 09:22:46,016 | INFO | ============================================================
2026-08-13 09:22:46,119 | INFO | 99441 pedidos enriquecidos com reviews.
2026-08-13 09:22:46,177 | INFO | ================================================================================
2026-08-13 09:22:46,177 | INFO | PIPELINE FINALIZADO
2026-08-13 09:22:46,177 | INFO | ================================================================================
2026-08-13 09:25:11,641 | INFO | ============================================================
2026-08-13 09:25:11,641 | INFO | CARREGANDO DATASETS
2026-08-13 09:25:11,641 | INFO | ============================================================
2026-08-13 09:25:11,642 | INFO | Fonte CSV inicializada.
2026-08-13 09:25:11,642 | INFO | Carregando orders...
2026-08-13 09:25:11,642 | INFO | Lendo arquivo: dados\raw\olist\olist_orders_dataset.csv
2026-08-13 09:25:11,943 | INFO | 99441 registros carregados.
2026-08-13 09:25:11,944 | INFO | 99441 registros carregados em 'orders'.
2026-08-13 09:25:11,944 | INFO | Carregando order_items...
2026-08-13 09:25:11,944 | INFO | Lendo arquivo: dados\raw\olist\olist_order_items_dataset.csv
2026-08-13 09:25:12,130 | INFO | 112650 registros carregados.
2026-08-13 09:25:12,130 | INFO | 112650 registros carregados em 'order_items'.
2026-08-13 09:25:12,130 | INFO | Carregando customers...
2026-08-13 09:25:12,130 | INFO | Lendo arquivo: dados\raw\olist\olist_customers_dataset.csv
2026-08-13 09:25:12,252 | INFO | 99441 registros carregados.
2026-08-13 09:25:12,252 | INFO | 99441 registros carregados em 'customers'.
2026-08-13 09:25:12,252 | INFO | Carregando products...
2026-08-13 09:25:12,252 | INFO | Lendo arquivo: dados\raw\olist\olist_products_dataset.csv
2026-08-13 09:25:12,294 | INFO | 32951 registros carregados.
2026-08-13 09:25:12,294 | INFO | 32951 registros carregados em 'products'.
2026-08-13 09:25:12,294 | INFO | Carregando payments...
2026-08-13 09:25:12,294 | INFO | Lendo arquivo: dados\raw\olist\olist_order_payments_dataset.csv
2026-08-13 09:25:12,375 | INFO | 103886 registros carregados.
2026-08-13 09:25:12,376 | INFO | 103886 registros carregados em 'payments'.
2026-08-13 09:25:12,376 | INFO | Carregando reviews...
2026-08-13 09:25:12,376 | INFO | Lendo arquivo: dados\raw\olist\olist_order_reviews_dataset.csv
2026-08-13 09:25:12,651 | INFO | 99224 registros carregados.
2026-08-13 09:25:12,651 | INFO | 99224 registros carregados em 'reviews'.
2026-08-13 09:25:12,651 | INFO | Carregando sellers...
2026-08-13 09:25:12,651 | INFO | Lendo arquivo: dados\raw\olist\olist_sellers_dataset.csv
2026-08-13 09:25:12,656 | INFO | 3095 registros carregados.
2026-08-13 09:25:12,656 | INFO | 3095 registros carregados em 'sellers'.
2026-08-13 09:25:12,656 | INFO | Fonte CSV finalizada.
2026-08-13 09:25:12,656 | INFO | ============================================================
2026-08-13 09:25:12,656 | INFO | DATASETS CARREGADOS
2026-08-13 09:25:12,656 | INFO | ============================================================
2026-08-13 09:25:12,657 | INFO | ============================================================
2026-08-13 09:25:12,657 | INFO | INTEGRANDO PEDIDOS + ITENS
2026-08-13 09:25:12,657 | INFO | ============================================================
2026-08-13 09:25:12,730 | INFO | 99441 pedidos enriquecidos com itens.
2026-08-13 09:25:12,731 | INFO | ============================================================
2026-08-13 09:25:12,731 | INFO | INTEGRANDO PEDIDOS + CLIENTES
2026-08-13 09:25:12,731 | INFO | ============================================================
2026-08-13 09:25:12,783 | INFO | 99441 pedidos enriquecidos com clientes.
2026-08-13 09:25:12,783 | INFO | ============================================================
2026-08-13 09:25:12,783 | INFO | INTEGRANDO ITENS + PRODUTOS
2026-08-13 09:25:12,783 | INFO | ============================================================
2026-08-13 09:25:12,811 | INFO | 112650 itens enriquecidos com produtos.
2026-08-13 09:25:12,812 | INFO | ============================================================
2026-08-13 09:25:12,812 | INFO | INTEGRANDO PEDIDOS + PAGAMENTOS
2026-08-13 09:25:12,812 | INFO | ============================================================
2026-08-13 09:25:12,943 | INFO | 99441 pedidos enriquecidos com pagamentos.
2026-08-13 09:25:12,944 | INFO | ============================================================
2026-08-13 09:25:12,944 | INFO | INTEGRANDO PEDIDOS + REVIEWS
2026-08-13 09:25:12,944 | INFO | ============================================================
2026-08-13 09:25:13,004 | INFO | 99441 pedidos enriquecidos com reviews.
2026-08-13 09:25:13,004 | INFO | ============================================================
2026-08-13 09:25:13,004 | INFO | INTEGRANDO ITENS + SELLERS
2026-08-13 09:25:13,004 | INFO | ============================================================
2026-08-13 09:25:13,024 | INFO | 112650 itens enriquecidos com sellers.
2026-08-13 09:29:08,319 | INFO | ============================================================
2026-08-13 09:29:08,319 | INFO | CARREGANDO DATASETS
2026-08-13 09:29:08,319 | INFO | ============================================================
2026-08-13 09:30:10,767 | INFO | ============================================================
2026-08-13 09:30:10,768 | INFO | CARREGANDO DATASETS
2026-08-13 09:30:10,768 | INFO | ============================================================
2026-08-13 09:30:10,768 | INFO | Carregando orders...
2026-08-13 09:31:39,947 | INFO | ============================================================
2026-08-13 09:31:39,948 | INFO | CARREGANDO DATASETS
2026-08-13 09:31:39,948 | INFO | ============================================================
2026-08-13 09:31:39,948 | INFO | Fonte CSV inicializada.
2026-08-13 09:31:39,949 | INFO | Carregando orders...
2026-08-13 09:31:39,949 | INFO | Lendo arquivo: dados\raw\olist\olist_orders_dataset.csv
2026-08-13 09:31:40,259 | INFO | 99441 registros carregados.
2026-08-13 09:31:40,259 | INFO | 99441 registros carregados em 'orders'.
2026-08-13 09:31:40,259 | INFO | Carregando order_items...
2026-08-13 09:31:40,259 | INFO | Lendo arquivo: dados\raw\olist\olist_order_items_dataset.csv
2026-08-13 09:31:40,475 | INFO | 112650 registros carregados.
2026-08-13 09:31:40,475 | INFO | 112650 registros carregados em 'order_items'.
2026-08-13 09:31:40,475 | INFO | Carregando customers...
2026-08-13 09:31:40,476 | INFO | Lendo arquivo: dados\raw\olist\olist_customers_dataset.csv
2026-08-13 09:31:40,600 | INFO | 99441 registros carregados.
2026-08-13 09:31:40,600 | INFO | 99441 registros carregados em 'customers'.
2026-08-13 09:31:40,600 | INFO | Carregando products...
2026-08-13 09:31:40,600 | INFO | Lendo arquivo: dados\raw\olist\olist_products_dataset.csv
2026-08-13 09:31:40,643 | INFO | 32951 registros carregados.
2026-08-13 09:31:40,644 | INFO | 32951 registros carregados em 'products'.
2026-08-13 09:31:40,644 | INFO | Carregando payments...
2026-08-13 09:31:40,644 | INFO | Lendo arquivo: dados\raw\olist\olist_order_payments_dataset.csv
2026-08-13 09:31:40,726 | INFO | 103886 registros carregados.
2026-08-13 09:31:40,726 | INFO | 103886 registros carregados em 'payments'.
2026-08-13 09:31:40,726 | INFO | Carregando reviews...
2026-08-13 09:31:40,726 | INFO | Lendo arquivo: dados\raw\olist\olist_order_reviews_dataset.csv
2026-08-13 09:31:41,010 | INFO | 99224 registros carregados.
2026-08-13 09:31:41,010 | INFO | 99224 registros carregados em 'reviews'.
2026-08-13 09:31:41,010 | INFO | Carregando sellers...
2026-08-13 09:31:41,010 | INFO | Lendo arquivo: dados\raw\olist\olist_sellers_dataset.csv
2026-08-13 09:31:41,015 | INFO | 3095 registros carregados.
2026-08-13 09:31:41,015 | INFO | 3095 registros carregados em 'sellers'.
2026-08-13 09:31:41,015 | INFO | Carregando geolocation...
2026-08-13 09:31:41,015 | INFO | Lendo arquivo: dados\raw\olist\olist_geolocation_dataset.csv
2026-08-13 09:31:41,598 | INFO | 1000163 registros carregados.
2026-08-13 09:31:41,598 | INFO | 1000163 registros carregados em 'geolocation'.
2026-08-13 09:31:41,598 | INFO | Fonte CSV finalizada.
2026-08-13 09:31:41,598 | INFO | ============================================================
2026-08-13 09:31:41,599 | INFO | DATASETS CARREGADOS
2026-08-13 09:31:41,599 | INFO | ============================================================
2026-08-13 09:31:41,599 | INFO | ============================================================
2026-08-13 09:31:41,599 | INFO | INTEGRANDO PEDIDOS + ITENS
2026-08-13 09:31:41,599 | INFO | ============================================================
2026-08-13 09:31:41,666 | INFO | 99441 pedidos enriquecidos com itens.
2026-08-13 09:31:41,667 | INFO | ============================================================
2026-08-13 09:31:41,667 | INFO | INTEGRANDO PEDIDOS + CLIENTES
2026-08-13 09:31:41,667 | INFO | ============================================================
2026-08-13 09:31:41,718 | INFO | 99441 pedidos enriquecidos com clientes.
2026-08-13 09:31:41,719 | INFO | ============================================================
2026-08-13 09:31:41,719 | INFO | INTEGRANDO ITENS + PRODUTOS
2026-08-13 09:31:41,719 | INFO | ============================================================
2026-08-13 09:31:41,748 | INFO | 112650 itens enriquecidos com produtos.
2026-08-13 09:31:41,748 | INFO | ============================================================
2026-08-13 09:31:41,749 | INFO | INTEGRANDO PEDIDOS + PAGAMENTOS
2026-08-13 09:31:41,749 | INFO | ============================================================
2026-08-13 09:31:41,867 | INFO | 99441 pedidos enriquecidos com pagamentos.
2026-08-13 09:31:41,867 | INFO | ============================================================
2026-08-13 09:31:41,867 | INFO | INTEGRANDO PEDIDOS + REVIEWS
2026-08-13 09:31:41,867 | INFO | ============================================================
2026-08-13 09:31:41,926 | INFO | 99441 pedidos enriquecidos com reviews.
2026-08-13 09:31:41,927 | INFO | ============================================================
2026-08-13 09:31:41,927 | INFO | INTEGRANDO ITENS + SELLERS
2026-08-13 09:31:41,927 | INFO | ============================================================
2026-08-13 09:31:41,946 | INFO | 112650 itens enriquecidos com sellers.
2026-08-13 09:31:41,946 | INFO | ============================================================
2026-08-13 09:31:41,947 | INFO | INTEGRANDO SELLERS + GEOLOCATION
2026-08-13 09:31:41,947 | INFO | ============================================================
2026-08-13 09:31:42,169 | INFO | 3095 sellers enriquecidos com geolocation.
2026-08-13 09:33:37,269 | INFO | ============================================================
2026-08-13 09:33:37,269 | INFO | CARREGANDO DATASETS
2026-08-13 09:33:37,269 | INFO | ============================================================
2026-08-13 09:33:37,269 | INFO | Fonte CSV inicializada.
2026-08-13 09:33:37,270 | INFO | Carregando orders...
2026-08-13 09:33:37,270 | INFO | Lendo arquivo: dados\raw\olist\olist_orders_dataset.csv
2026-08-13 09:33:37,582 | INFO | 99441 registros carregados.
2026-08-13 09:33:37,582 | INFO | 99441 registros carregados em 'orders'.
2026-08-13 09:33:37,582 | INFO | Carregando order_items...
2026-08-13 09:33:37,582 | INFO | Lendo arquivo: dados\raw\olist\olist_order_items_dataset.csv
2026-08-13 09:33:37,768 | INFO | 112650 registros carregados.
2026-08-13 09:33:37,768 | INFO | 112650 registros carregados em 'order_items'.
2026-08-13 09:33:37,768 | INFO | Carregando customers...
2026-08-13 09:33:37,768 | INFO | Lendo arquivo: dados\raw\olist\olist_customers_dataset.csv
2026-08-13 09:33:37,890 | INFO | 99441 registros carregados.
2026-08-13 09:33:37,891 | INFO | 99441 registros carregados em 'customers'.
2026-08-13 09:33:37,891 | INFO | Carregando products...
2026-08-13 09:33:37,891 | INFO | Lendo arquivo: dados\raw\olist\olist_products_dataset.csv
2026-08-13 09:33:37,931 | INFO | 32951 registros carregados.
2026-08-13 09:33:37,932 | INFO | 32951 registros carregados em 'products'.
2026-08-13 09:33:37,932 | INFO | Carregando payments...
2026-08-13 09:33:37,932 | INFO | Lendo arquivo: dados\raw\olist\olist_order_payments_dataset.csv
2026-08-13 09:33:38,018 | INFO | 103886 registros carregados.
2026-08-13 09:33:38,018 | INFO | 103886 registros carregados em 'payments'.
2026-08-13 09:33:38,018 | INFO | Carregando reviews...
2026-08-13 09:33:38,018 | INFO | Lendo arquivo: dados\raw\olist\olist_order_reviews_dataset.csv
2026-08-13 09:33:38,299 | INFO | 99224 registros carregados.
2026-08-13 09:33:38,299 | INFO | 99224 registros carregados em 'reviews'.
2026-08-13 09:33:38,300 | INFO | Carregando sellers...
2026-08-13 09:33:38,300 | INFO | Lendo arquivo: dados\raw\olist\olist_sellers_dataset.csv
2026-08-13 09:33:38,304 | INFO | 3095 registros carregados.
2026-08-13 09:33:38,304 | INFO | 3095 registros carregados em 'sellers'.
2026-08-13 09:33:38,304 | INFO | Carregando geolocation...
2026-08-13 09:33:38,304 | INFO | Lendo arquivo: dados\raw\olist\olist_geolocation_dataset.csv
2026-08-13 09:33:38,894 | INFO | 1000163 registros carregados.
2026-08-13 09:33:38,894 | INFO | 1000163 registros carregados em 'geolocation'.
2026-08-13 09:33:38,894 | INFO | Fonte CSV finalizada.
2026-08-13 09:33:38,895 | INFO | ============================================================
2026-08-13 09:33:38,895 | INFO | DATASETS CARREGADOS
2026-08-13 09:33:38,895 | INFO | ============================================================
2026-08-13 09:33:38,895 | INFO | ============================================================
2026-08-13 09:33:38,895 | INFO | INTEGRANDO PEDIDOS + ITENS
2026-08-13 09:33:38,895 | INFO | ============================================================
2026-08-13 09:33:38,957 | INFO | 99441 pedidos enriquecidos com itens.
2026-08-13 09:33:38,957 | INFO | ============================================================
2026-08-13 09:33:38,958 | INFO | INTEGRANDO PEDIDOS + CLIENTES
2026-08-13 09:33:38,958 | INFO | ============================================================
2026-08-13 09:33:39,001 | INFO | 99441 pedidos enriquecidos com clientes.
2026-08-13 09:33:39,001 | INFO | ============================================================
2026-08-13 09:33:39,002 | INFO | INTEGRANDO ITENS + PRODUTOS
2026-08-13 09:33:39,002 | INFO | ============================================================
2026-08-13 09:33:39,027 | INFO | 112650 itens enriquecidos com produtos.
2026-08-13 09:33:39,027 | INFO | ============================================================
2026-08-13 09:33:39,027 | INFO | INTEGRANDO PEDIDOS + PAGAMENTOS
2026-08-13 09:33:39,027 | INFO | ============================================================
2026-08-13 09:33:39,149 | INFO | 99441 pedidos enriquecidos com pagamentos.
2026-08-13 09:33:39,149 | INFO | ============================================================
2026-08-13 09:33:39,150 | INFO | INTEGRANDO PEDIDOS + REVIEWS
2026-08-13 09:33:39,150 | INFO | ============================================================
2026-08-13 09:33:39,260 | INFO | 99441 pedidos enriquecidos com reviews.
2026-08-13 09:33:39,260 | INFO | ============================================================
2026-08-13 09:33:39,260 | INFO | INTEGRANDO ITENS + SELLERS
2026-08-13 09:33:39,260 | INFO | ============================================================
2026-08-13 09:33:39,280 | INFO | 112650 itens enriquecidos com sellers.
2026-08-13 09:35:22,171 | INFO | ============================================================
2026-08-13 09:35:22,171 | INFO | CARREGANDO DATASETS
2026-08-13 09:35:22,171 | INFO | ============================================================
2026-08-13 09:35:22,171 | INFO | Fonte CSV inicializada.
2026-08-13 09:35:22,172 | INFO | Carregando orders...
2026-08-13 09:35:22,172 | INFO | Lendo arquivo: dados\raw\olist\olist_orders_dataset.csv
2026-08-13 09:35:22,463 | INFO | 99441 registros carregados.
2026-08-13 09:35:22,463 | INFO | 99441 registros carregados em 'orders'.
2026-08-13 09:35:22,463 | INFO | Carregando order_items...
2026-08-13 09:35:22,463 | INFO | Lendo arquivo: dados\raw\olist\olist_order_items_dataset.csv
2026-08-13 09:35:22,679 | INFO | 112650 registros carregados.
2026-08-13 09:35:22,679 | INFO | 112650 registros carregados em 'order_items'.
2026-08-13 09:35:22,680 | INFO | Carregando customers...
2026-08-13 09:35:22,680 | INFO | Lendo arquivo: dados\raw\olist\olist_customers_dataset.csv
2026-08-13 09:35:22,802 | INFO | 99441 registros carregados.
2026-08-13 09:35:22,803 | INFO | 99441 registros carregados em 'customers'.
2026-08-13 09:35:22,803 | INFO | Carregando products...
2026-08-13 09:35:22,803 | INFO | Lendo arquivo: dados\raw\olist\olist_products_dataset.csv
2026-08-13 09:35:22,843 | INFO | 32951 registros carregados.
2026-08-13 09:35:22,843 | INFO | 32951 registros carregados em 'products'.
2026-08-13 09:35:22,843 | INFO | Carregando payments...
2026-08-13 09:35:22,843 | INFO | Lendo arquivo: dados\raw\olist\olist_order_payments_dataset.csv
2026-08-13 09:35:22,922 | INFO | 103886 registros carregados.
2026-08-13 09:35:22,922 | INFO | 103886 registros carregados em 'payments'.
2026-08-13 09:35:22,922 | INFO | Carregando reviews...
2026-08-13 09:35:22,923 | INFO | Lendo arquivo: dados\raw\olist\olist_order_reviews_dataset.csv
2026-08-13 09:35:23,191 | INFO | 99224 registros carregados.
2026-08-13 09:35:23,191 | INFO | 99224 registros carregados em 'reviews'.
2026-08-13 09:35:23,192 | INFO | Carregando sellers...
2026-08-13 09:35:23,192 | INFO | Lendo arquivo: dados\raw\olist\olist_sellers_dataset.csv
2026-08-13 09:35:23,196 | INFO | 3095 registros carregados.
2026-08-13 09:35:23,196 | INFO | 3095 registros carregados em 'sellers'.
2026-08-13 09:35:23,196 | INFO | Carregando geolocation...
2026-08-13 09:35:23,196 | INFO | Lendo arquivo: dados\raw\olist\olist_geolocation_dataset.csv
2026-08-13 09:35:23,759 | INFO | 1000163 registros carregados.
2026-08-13 09:35:23,759 | INFO | 1000163 registros carregados em 'geolocation'.
2026-08-13 09:35:23,759 | INFO | Fonte CSV finalizada.
2026-08-13 09:35:23,759 | INFO | ============================================================
2026-08-13 09:35:23,760 | INFO | DATASETS CARREGADOS
2026-08-13 09:35:23,760 | INFO | ============================================================
2026-08-13 09:35:23,760 | INFO | ============================================================
2026-08-13 09:35:23,760 | INFO | INTEGRANDO PEDIDOS + ITENS
2026-08-13 09:35:23,760 | INFO | ============================================================
2026-08-13 09:35:23,822 | INFO | 99441 pedidos enriquecidos com itens.
2026-08-13 09:35:23,823 | INFO | ============================================================
2026-08-13 09:35:23,823 | INFO | INTEGRANDO PEDIDOS + CLIENTES
2026-08-13 09:35:23,823 | INFO | ============================================================
2026-08-13 09:35:23,860 | INFO | 99441 pedidos enriquecidos com clientes.
2026-08-13 09:35:23,860 | INFO | ============================================================
2026-08-13 09:35:23,860 | INFO | INTEGRANDO ITENS + PRODUTOS
2026-08-13 09:35:23,860 | INFO | ============================================================
2026-08-13 09:35:23,886 | INFO | 112650 itens enriquecidos com produtos.
2026-08-13 09:35:23,886 | INFO | ============================================================
2026-08-13 09:35:23,887 | INFO | INTEGRANDO PEDIDOS + PAGAMENTOS
2026-08-13 09:35:23,887 | INFO | ============================================================
2026-08-13 09:35:23,998 | INFO | 99441 pedidos enriquecidos com pagamentos.
2026-08-13 09:35:23,999 | INFO | ============================================================
2026-08-13 09:35:23,999 | INFO | INTEGRANDO PEDIDOS + REVIEWS
2026-08-13 09:35:23,999 | INFO | ============================================================
2026-08-13 09:35:24,107 | INFO | 99441 pedidos enriquecidos com reviews.
2026-08-13 09:35:24,107 | INFO | ============================================================
2026-08-13 09:35:24,107 | INFO | INTEGRANDO ITENS + SELLERS
2026-08-13 09:35:24,108 | INFO | ============================================================
2026-08-13 09:35:24,127 | INFO | 112650 itens enriquecidos com sellers.
2026-08-13 09:35:24,127 | INFO | ============================================================
2026-08-13 09:35:24,127 | INFO | INTEGRANDO SELLERS + GEOLOCATION
2026-08-13 09:35:24,127 | INFO | ============================================================
2026-08-13 09:35:24,332 | INFO | 3095 sellers enriquecidos com geolocation.
2026-08-13 09:37:03,710 | INFO | ============================================================
2026-08-13 09:37:03,710 | INFO | CARREGANDO DATASETS
2026-08-13 09:37:03,710 | INFO | ============================================================
2026-08-13 09:37:03,710 | INFO | Fonte CSV inicializada.
2026-08-13 09:37:03,711 | INFO | Carregando orders...
2026-08-13 09:37:03,711 | INFO | Lendo arquivo: dados\raw\olist\olist_orders_dataset.csv
2026-08-13 09:37:04,001 | INFO | 99441 registros carregados.
2026-08-13 09:37:04,002 | INFO | 99441 registros carregados em 'orders'.
2026-08-13 09:37:04,002 | INFO | Carregando order_items...
2026-08-13 09:37:04,002 | INFO | Lendo arquivo: dados\raw\olist\olist_order_items_dataset.csv
2026-08-13 09:37:04,193 | INFO | 112650 registros carregados.
2026-08-13 09:37:04,193 | INFO | 112650 registros carregados em 'order_items'.
2026-08-13 09:37:04,193 | INFO | Carregando customers...
2026-08-13 09:37:04,193 | INFO | Lendo arquivo: dados\raw\olist\olist_customers_dataset.csv
2026-08-13 09:37:04,315 | INFO | 99441 registros carregados.
2026-08-13 09:37:04,315 | INFO | 99441 registros carregados em 'customers'.
2026-08-13 09:37:04,315 | INFO | Carregando products...
2026-08-13 09:37:04,315 | INFO | Lendo arquivo: dados\raw\olist\olist_products_dataset.csv
2026-08-13 09:37:04,355 | INFO | 32951 registros carregados.
2026-08-13 09:37:04,355 | INFO | 32951 registros carregados em 'products'.
2026-08-13 09:37:04,356 | INFO | Carregando payments...
2026-08-13 09:37:04,356 | INFO | Lendo arquivo: dados\raw\olist\olist_order_payments_dataset.csv
2026-08-13 09:37:04,436 | INFO | 103886 registros carregados.
2026-08-13 09:37:04,436 | INFO | 103886 registros carregados em 'payments'.
2026-08-13 09:37:04,436 | INFO | Carregando reviews...
2026-08-13 09:37:04,436 | INFO | Lendo arquivo: dados\raw\olist\olist_order_reviews_dataset.csv
2026-08-13 09:37:04,714 | INFO | 99224 registros carregados.
2026-08-13 09:37:04,715 | INFO | 99224 registros carregados em 'reviews'.
2026-08-13 09:37:04,715 | INFO | Carregando sellers...
2026-08-13 09:37:04,715 | INFO | Lendo arquivo: dados\raw\olist\olist_sellers_dataset.csv
2026-08-13 09:37:04,720 | INFO | 3095 registros carregados.
2026-08-13 09:37:04,720 | INFO | 3095 registros carregados em 'sellers'.
2026-08-13 09:37:04,720 | INFO | Carregando geolocation...
2026-08-13 09:37:04,720 | INFO | Lendo arquivo: dados\raw\olist\olist_geolocation_dataset.csv
2026-08-13 09:37:05,275 | INFO | 1000163 registros carregados.
2026-08-13 09:37:05,276 | INFO | 1000163 registros carregados em 'geolocation'.
2026-08-13 09:37:05,276 | INFO | Fonte CSV finalizada.
2026-08-13 09:37:05,276 | INFO | ============================================================
2026-08-13 09:37:05,276 | INFO | DATASETS CARREGADOS
2026-08-13 09:37:05,276 | INFO | ============================================================
2026-08-13 09:37:05,276 | INFO | ============================================================
2026-08-13 09:37:05,276 | INFO | INTEGRANDO PEDIDOS + ITENS
2026-08-13 09:37:05,276 | INFO | ============================================================
2026-08-13 09:37:05,341 | INFO | 99441 pedidos enriquecidos com itens.
2026-08-13 09:37:05,341 | INFO | ============================================================
2026-08-13 09:37:05,341 | INFO | INTEGRANDO PEDIDOS + CLIENTES
2026-08-13 09:37:05,341 | INFO | ============================================================
2026-08-13 09:37:05,383 | INFO | 99441 pedidos enriquecidos com clientes.
2026-08-13 09:37:05,384 | INFO | ============================================================
2026-08-13 09:37:05,384 | INFO | INTEGRANDO ITENS + PRODUTOS
2026-08-13 09:37:05,384 | INFO | ============================================================
2026-08-13 09:37:05,409 | INFO | 112650 itens enriquecidos com produtos.
2026-08-13 09:37:05,410 | INFO | ============================================================
2026-08-13 09:37:05,410 | INFO | INTEGRANDO PEDIDOS + PAGAMENTOS
2026-08-13 09:37:05,410 | INFO | ============================================================
2026-08-13 09:37:05,528 | INFO | 99441 pedidos enriquecidos com pagamentos.
2026-08-13 09:37:05,529 | INFO | ============================================================
2026-08-13 09:37:05,529 | INFO | INTEGRANDO PEDIDOS + REVIEWS
2026-08-13 09:37:05,529 | INFO | ============================================================
2026-08-13 09:37:05,636 | INFO | 99441 pedidos enriquecidos com reviews.
2026-08-13 09:37:05,637 | INFO | ============================================================
2026-08-13 09:37:05,637 | INFO | INTEGRANDO ITENS + SELLERS
2026-08-13 09:37:05,637 | INFO | ============================================================
2026-08-13 09:37:05,655 | INFO | 112650 itens enriquecidos com sellers.
2026-08-13 09:37:05,656 | INFO | ============================================================
2026-08-13 09:37:05,656 | INFO | INTEGRANDO SELLERS + GEOLOCATION
2026-08-13 09:37:05,656 | INFO | ============================================================
2026-08-13 09:37:05,868 | INFO | 3095 sellers enriquecidos com geolocation.
2026-08-13 09:38:33,243 | INFO | ============================================================
2026-08-13 09:38:33,243 | INFO | CARREGANDO DATASETS
2026-08-13 09:38:33,243 | INFO | ============================================================
2026-08-13 09:38:33,243 | INFO | Fonte CSV inicializada.
2026-08-13 09:38:33,244 | INFO | Carregando orders...
2026-08-13 09:38:33,244 | INFO | Lendo arquivo: dados\raw\olist\olist_orders_dataset.csv
2026-08-13 09:38:33,537 | INFO | 99441 registros carregados.
2026-08-13 09:38:33,537 | INFO | 99441 registros carregados em 'orders'.
2026-08-13 09:38:33,537 | INFO | Carregando order_items...
2026-08-13 09:38:33,537 | INFO | Lendo arquivo: dados\raw\olist\olist_order_items_dataset.csv
2026-08-13 09:38:33,726 | INFO | 112650 registros carregados.
2026-08-13 09:38:33,727 | INFO | 112650 registros carregados em 'order_items'.
2026-08-13 09:38:33,727 | INFO | Carregando customers...
2026-08-13 09:38:33,727 | INFO | Lendo arquivo: dados\raw\olist\olist_customers_dataset.csv
2026-08-13 09:38:33,851 | INFO | 99441 registros carregados.
2026-08-13 09:38:33,851 | INFO | 99441 registros carregados em 'customers'.
2026-08-13 09:38:33,851 | INFO | Carregando products...
2026-08-13 09:38:33,851 | INFO | Lendo arquivo: dados\raw\olist\olist_products_dataset.csv
2026-08-13 09:38:33,891 | INFO | 32951 registros carregados.
2026-08-13 09:38:33,891 | INFO | 32951 registros carregados em 'products'.
2026-08-13 09:38:33,892 | INFO | Carregando payments...
2026-08-13 09:38:33,892 | INFO | Lendo arquivo: dados\raw\olist\olist_order_payments_dataset.csv
2026-08-13 09:38:33,971 | INFO | 103886 registros carregados.
2026-08-13 09:38:33,972 | INFO | 103886 registros carregados em 'payments'.
2026-08-13 09:38:33,972 | INFO | Carregando reviews...
2026-08-13 09:38:33,972 | INFO | Lendo arquivo: dados\raw\olist\olist_order_reviews_dataset.csv
2026-08-13 09:38:34,240 | INFO | 99224 registros carregados.
2026-08-13 09:38:34,241 | INFO | 99224 registros carregados em 'reviews'.
2026-08-13 09:38:34,241 | INFO | Carregando sellers...
2026-08-13 09:38:34,241 | INFO | Lendo arquivo: dados\raw\olist\olist_sellers_dataset.csv
2026-08-13 09:38:34,245 | INFO | 3095 registros carregados.
2026-08-13 09:38:34,245 | INFO | 3095 registros carregados em 'sellers'.
2026-08-13 09:38:34,246 | INFO | Carregando geolocation...
2026-08-13 09:38:34,246 | INFO | Lendo arquivo: dados\raw\olist\olist_geolocation_dataset.csv
2026-08-13 09:38:34,812 | INFO | 1000163 registros carregados.
2026-08-13 09:38:34,812 | INFO | 1000163 registros carregados em 'geolocation'.
2026-08-13 09:38:34,812 | INFO | Fonte CSV finalizada.
2026-08-13 09:38:34,812 | INFO | ============================================================
2026-08-13 09:38:34,812 | INFO | DATASETS CARREGADOS
2026-08-13 09:38:34,812 | INFO | ============================================================
2026-08-13 09:38:34,812 | INFO | ============================================================
2026-08-13 09:38:34,812 | INFO | INTEGRANDO PEDIDOS + ITENS
2026-08-13 09:38:34,812 | INFO | ============================================================
2026-08-13 09:38:34,876 | INFO | 99441 pedidos enriquecidos com itens.
2026-08-13 09:38:34,876 | INFO | ============================================================
2026-08-13 09:38:34,876 | INFO | INTEGRANDO PEDIDOS + CLIENTES
2026-08-13 09:38:34,876 | INFO | ============================================================
2026-08-13 09:38:34,913 | INFO | 99441 pedidos enriquecidos com clientes.
2026-08-13 09:38:34,913 | INFO | ============================================================
2026-08-13 09:38:34,913 | INFO | INTEGRANDO ITENS + PRODUTOS
2026-08-13 09:38:34,913 | INFO | ============================================================
2026-08-13 09:38:34,938 | INFO | 112650 itens enriquecidos com produtos.
2026-08-13 09:38:34,938 | INFO | ============================================================
2026-08-13 09:38:34,938 | INFO | INTEGRANDO PEDIDOS + PAGAMENTOS
2026-08-13 09:38:34,939 | INFO | ============================================================
2026-08-13 09:38:35,059 | INFO | 99441 pedidos enriquecidos com pagamentos.
2026-08-13 09:38:35,059 | INFO | ============================================================
2026-08-13 09:38:35,059 | INFO | INTEGRANDO PEDIDOS + REVIEWS
2026-08-13 09:38:35,059 | INFO | ============================================================
2026-08-13 09:38:35,195 | INFO | 99441 pedidos enriquecidos com reviews.
2026-08-13 09:38:35,195 | INFO | ============================================================
2026-08-13 09:38:35,195 | INFO | INTEGRANDO ITENS + SELLERS
2026-08-13 09:38:35,196 | INFO | ============================================================
2026-08-13 09:38:35,214 | INFO | 112650 itens enriquecidos com sellers.
2026-08-13 09:38:35,214 | INFO | ============================================================
2026-08-13 09:38:35,214 | INFO | INTEGRANDO SELLERS + GEOLOCATION
2026-08-13 09:38:35,214 | INFO | ============================================================
2026-08-13 09:38:35,423 | INFO | 3095 sellers enriquecidos com geolocation.
2026-08-13 09:39:47,919 | INFO | ============================================================
2026-08-13 09:39:47,919 | INFO | CARREGANDO DATASETS
2026-08-13 09:39:47,919 | INFO | ============================================================
2026-08-13 09:39:47,919 | INFO | Fonte CSV inicializada.
2026-08-13 09:39:47,920 | INFO | Carregando orders...
2026-08-13 09:39:47,920 | INFO | Lendo arquivo: dados\raw\olist\olist_orders_dataset.csv
2026-08-13 09:39:48,237 | INFO | 99441 registros carregados.
2026-08-13 09:39:48,237 | INFO | 99441 registros carregados em 'orders'.
2026-08-13 09:39:48,237 | INFO | Carregando order_items...
2026-08-13 09:39:48,237 | INFO | Lendo arquivo: dados\raw\olist\olist_order_items_dataset.csv
2026-08-13 09:39:48,426 | INFO | 112650 registros carregados.
2026-08-13 09:39:48,426 | INFO | 112650 registros carregados em 'order_items'.
2026-08-13 09:39:48,427 | INFO | Carregando customers...
2026-08-13 09:39:48,427 | INFO | Lendo arquivo: dados\raw\olist\olist_customers_dataset.csv
2026-08-13 09:39:48,549 | INFO | 99441 registros carregados.
2026-08-13 09:39:48,549 | INFO | 99441 registros carregados em 'customers'.
2026-08-13 09:39:48,549 | INFO | Carregando products...
2026-08-13 09:39:48,549 | INFO | Lendo arquivo: dados\raw\olist\olist_products_dataset.csv
2026-08-13 09:39:48,591 | INFO | 32951 registros carregados.
2026-08-13 09:39:48,591 | INFO | 32951 registros carregados em 'products'.
2026-08-13 09:39:48,591 | INFO | Carregando payments...
2026-08-13 09:39:48,591 | INFO | Lendo arquivo: dados\raw\olist\olist_order_payments_dataset.csv
2026-08-13 09:39:48,673 | INFO | 103886 registros carregados.
2026-08-13 09:39:48,673 | INFO | 103886 registros carregados em 'payments'.
2026-08-13 09:39:48,673 | INFO | Carregando reviews...
2026-08-13 09:39:48,674 | INFO | Lendo arquivo: dados\raw\olist\olist_order_reviews_dataset.csv
2026-08-13 09:39:48,955 | INFO | 99224 registros carregados.
2026-08-13 09:39:48,955 | INFO | 99224 registros carregados em 'reviews'.
2026-08-13 09:39:48,955 | INFO | Carregando sellers...
2026-08-13 09:39:48,955 | INFO | Lendo arquivo: dados\raw\olist\olist_sellers_dataset.csv
2026-08-13 09:39:48,960 | INFO | 3095 registros carregados.
2026-08-13 09:39:48,960 | INFO | 3095 registros carregados em 'sellers'.
2026-08-13 09:39:48,960 | INFO | Carregando geolocation...
2026-08-13 09:39:48,960 | INFO | Lendo arquivo: dados\raw\olist\olist_geolocation_dataset.csv
2026-08-13 09:39:49,521 | INFO | 1000163 registros carregados.
2026-08-13 09:39:49,521 | INFO | 1000163 registros carregados em 'geolocation'.
2026-08-13 09:39:49,522 | INFO | Fonte CSV finalizada.
2026-08-13 09:39:49,522 | INFO | ============================================================
2026-08-13 09:39:49,522 | INFO | DATASETS CARREGADOS
2026-08-13 09:39:49,522 | INFO | ============================================================
2026-08-13 09:39:49,522 | INFO | ============================================================
2026-08-13 09:39:49,522 | INFO | INTEGRANDO PEDIDOS + ITENS
2026-08-13 09:39:49,522 | INFO | ============================================================
2026-08-13 09:39:49,587 | INFO | 99441 pedidos enriquecidos com itens.
2026-08-13 09:39:49,588 | INFO | ============================================================
2026-08-13 09:39:49,588 | INFO | INTEGRANDO PEDIDOS + CLIENTES
2026-08-13 09:39:49,588 | INFO | ============================================================
2026-08-13 09:39:49,628 | INFO | 99441 pedidos enriquecidos com clientes.
2026-08-13 09:39:49,628 | INFO | ============================================================
2026-08-13 09:39:49,629 | INFO | INTEGRANDO ITENS + PRODUTOS
2026-08-13 09:39:49,629 | INFO | ============================================================
2026-08-13 09:39:49,654 | INFO | 112650 itens enriquecidos com produtos.
2026-08-13 09:39:49,654 | INFO | ============================================================
2026-08-13 09:39:49,654 | INFO | INTEGRANDO PEDIDOS + PAGAMENTOS
2026-08-13 09:39:49,655 | INFO | ============================================================
2026-08-13 09:39:49,769 | INFO | 99441 pedidos enriquecidos com pagamentos.
2026-08-13 09:39:49,770 | INFO | ============================================================
2026-08-13 09:39:49,770 | INFO | INTEGRANDO PEDIDOS + REVIEWS
2026-08-13 09:39:49,770 | INFO | ============================================================
2026-08-13 09:39:49,884 | INFO | 99441 pedidos enriquecidos com reviews.
2026-08-13 09:39:49,884 | INFO | ============================================================
2026-08-13 09:39:49,884 | INFO | INTEGRANDO ITENS + SELLERS
2026-08-13 09:39:49,884 | INFO | ============================================================
2026-08-13 09:39:49,904 | INFO | 112650 itens enriquecidos com sellers.
2026-08-13 09:39:49,905 | INFO | ============================================================
2026-08-13 09:39:49,905 | INFO | INTEGRANDO SELLERS + GEOLOCATION
2026-08-13 09:39:49,905 | INFO | ============================================================
2026-08-13 09:39:50,112 | INFO | 3095 sellers enriquecidos com geolocation.
2026-08-13 09:41:57,088 | INFO | ============================================================
2026-08-13 09:41:57,088 | INFO | CARREGANDO DATASETS
2026-08-13 09:41:57,088 | INFO | ============================================================
2026-08-13 09:41:57,088 | INFO | Fonte CSV inicializada.
2026-08-13 09:41:57,089 | INFO | Carregando orders...
2026-08-13 09:41:57,089 | INFO | Lendo arquivo: dados\raw\olist\olist_orders_dataset.csv
2026-08-13 09:41:57,380 | INFO | 99441 registros carregados.
2026-08-13 09:41:57,380 | INFO | 99441 registros carregados em 'orders'.
2026-08-13 09:41:57,381 | INFO | Carregando order_items...
2026-08-13 09:41:57,381 | INFO | Lendo arquivo: dados\raw\olist\olist_order_items_dataset.csv
2026-08-13 09:41:57,584 | INFO | 112650 registros carregados.
2026-08-13 09:41:57,585 | INFO | 112650 registros carregados em 'order_items'.
2026-08-13 09:41:57,585 | INFO | Carregando customers...
2026-08-13 09:41:57,585 | INFO | Lendo arquivo: dados\raw\olist\olist_customers_dataset.csv
2026-08-13 09:41:57,708 | INFO | 99441 registros carregados.
2026-08-13 09:41:57,708 | INFO | 99441 registros carregados em 'customers'.
2026-08-13 09:41:57,708 | INFO | Carregando products...
2026-08-13 09:41:57,708 | INFO | Lendo arquivo: dados\raw\olist\olist_products_dataset.csv
2026-08-13 09:41:57,749 | INFO | 32951 registros carregados.
2026-08-13 09:41:57,749 | INFO | 32951 registros carregados em 'products'.
2026-08-13 09:41:57,749 | INFO | Carregando payments...
2026-08-13 09:41:57,749 | INFO | Lendo arquivo: dados\raw\olist\olist_order_payments_dataset.csv
2026-08-13 09:41:57,829 | INFO | 103886 registros carregados.
2026-08-13 09:41:57,829 | INFO | 103886 registros carregados em 'payments'.
2026-08-13 09:41:57,829 | INFO | Carregando reviews...
2026-08-13 09:41:57,830 | INFO | Lendo arquivo: dados\raw\olist\olist_order_reviews_dataset.csv
2026-08-13 09:41:58,121 | INFO | 99224 registros carregados.
2026-08-13 09:41:58,122 | INFO | 99224 registros carregados em 'reviews'.
2026-08-13 09:41:58,122 | INFO | Carregando sellers...
2026-08-13 09:41:58,122 | INFO | Lendo arquivo: dados\raw\olist\olist_sellers_dataset.csv
2026-08-13 09:41:58,126 | INFO | 3095 registros carregados.
2026-08-13 09:41:58,127 | INFO | 3095 registros carregados em 'sellers'.
2026-08-13 09:41:58,127 | INFO | Carregando geolocation...
2026-08-13 09:41:58,127 | INFO | Lendo arquivo: dados\raw\olist\olist_geolocation_dataset.csv
2026-08-13 09:41:58,693 | INFO | 1000163 registros carregados.
2026-08-13 09:41:58,693 | INFO | 1000163 registros carregados em 'geolocation'.
2026-08-13 09:41:58,694 | INFO | Fonte CSV finalizada.
2026-08-13 09:41:58,694 | INFO | ============================================================
2026-08-13 09:41:58,694 | INFO | DATASETS CARREGADOS
2026-08-13 09:41:58,694 | INFO | ============================================================
2026-08-13 09:41:58,694 | INFO | ============================================================
2026-08-13 09:41:58,694 | INFO | INTEGRANDO PEDIDOS + ITENS
2026-08-13 09:41:58,694 | INFO | ============================================================
2026-08-13 09:41:58,763 | INFO | 99441 pedidos enriquecidos com itens.
2026-08-13 09:41:58,763 | INFO | ============================================================
2026-08-13 09:41:58,763 | INFO | INTEGRANDO PEDIDOS + CLIENTES
2026-08-13 09:41:58,763 | INFO | ============================================================
2026-08-13 09:41:58,803 | INFO | 99441 pedidos enriquecidos com clientes.
2026-08-13 09:41:58,803 | INFO | ============================================================
2026-08-13 09:41:58,803 | INFO | INTEGRANDO ITENS + PRODUTOS
2026-08-13 09:41:58,803 | INFO | ============================================================
2026-08-13 09:41:58,829 | INFO | 112650 itens enriquecidos com produtos.
2026-08-13 09:41:58,829 | INFO | ============================================================
2026-08-13 09:41:58,830 | INFO | INTEGRANDO PEDIDOS + PAGAMENTOS
2026-08-13 09:41:58,830 | INFO | ============================================================
2026-08-13 09:41:58,949 | INFO | 99441 pedidos enriquecidos com pagamentos.
2026-08-13 09:41:58,949 | INFO | ============================================================
2026-08-13 09:41:58,949 | INFO | INTEGRANDO PEDIDOS + REVIEWS
2026-08-13 09:41:58,949 | INFO | ============================================================
2026-08-13 09:41:59,056 | INFO | 99441 pedidos enriquecidos com reviews.
2026-08-13 09:41:59,056 | INFO | ============================================================
2026-08-13 09:41:59,056 | INFO | INTEGRANDO ITENS + SELLERS
2026-08-13 09:41:59,056 | INFO | ============================================================
2026-08-13 09:41:59,076 | INFO | 112650 itens enriquecidos com sellers.
2026-08-13 09:41:59,076 | INFO | ============================================================
2026-08-13 09:41:59,076 | INFO | INTEGRANDO SELLERS + GEOLOCATION
2026-08-13 09:41:59,076 | INFO | ============================================================
2026-08-13 09:41:59,288 | INFO | 3095 sellers enriquecidos com geolocation.
2026-08-13 09:47:06,602 | INFO | ============================================================
2026-08-13 09:47:06,602 | INFO | CARREGANDO DATASETS
2026-08-13 09:47:06,602 | INFO | ============================================================
2026-08-13 09:47:06,602 | INFO | Fonte CSV inicializada.
2026-08-13 09:47:06,603 | INFO | Carregando orders...
2026-08-13 09:47:06,603 | INFO | Lendo arquivo: dados\raw\olist\olist_orders_dataset.csv
2026-08-13 09:47:06,895 | INFO | 99441 registros carregados.
2026-08-13 09:47:06,896 | INFO | 99441 registros carregados em 'orders'.
2026-08-13 09:47:06,896 | INFO | Carregando order_items...
2026-08-13 09:47:06,896 | INFO | Lendo arquivo: dados\raw\olist\olist_order_items_dataset.csv
2026-08-13 09:47:07,103 | INFO | 112650 registros carregados.
2026-08-13 09:47:07,103 | INFO | 112650 registros carregados em 'order_items'.
2026-08-13 09:47:07,103 | INFO | Carregando customers...
2026-08-13 09:47:07,103 | INFO | Lendo arquivo: dados\raw\olist\olist_customers_dataset.csv
2026-08-13 09:47:07,226 | INFO | 99441 registros carregados.
2026-08-13 09:47:07,226 | INFO | 99441 registros carregados em 'customers'.
2026-08-13 09:47:07,226 | INFO | Carregando products...
2026-08-13 09:47:07,226 | INFO | Lendo arquivo: dados\raw\olist\olist_products_dataset.csv
2026-08-13 09:47:07,267 | INFO | 32951 registros carregados.
2026-08-13 09:47:07,267 | INFO | 32951 registros carregados em 'products'.
2026-08-13 09:47:07,267 | INFO | Carregando payments...
2026-08-13 09:47:07,267 | INFO | Lendo arquivo: dados\raw\olist\olist_order_payments_dataset.csv
2026-08-13 09:47:07,346 | INFO | 103886 registros carregados.
2026-08-13 09:47:07,347 | INFO | 103886 registros carregados em 'payments'.
2026-08-13 09:47:07,347 | INFO | Carregando reviews...
2026-08-13 09:47:07,347 | INFO | Lendo arquivo: dados\raw\olist\olist_order_reviews_dataset.csv
2026-08-13 09:47:07,617 | INFO | 99224 registros carregados.
2026-08-13 09:47:07,617 | INFO | 99224 registros carregados em 'reviews'.
2026-08-13 09:47:07,617 | INFO | Carregando sellers...
2026-08-13 09:47:07,617 | INFO | Lendo arquivo: dados\raw\olist\olist_sellers_dataset.csv
2026-08-13 09:47:07,622 | INFO | 3095 registros carregados.
2026-08-13 09:47:07,622 | INFO | 3095 registros carregados em 'sellers'.
2026-08-13 09:47:07,622 | INFO | Carregando geolocation...
2026-08-13 09:47:07,622 | INFO | Lendo arquivo: dados\raw\olist\olist_geolocation_dataset.csv
2026-08-13 09:47:08,201 | INFO | 1000163 registros carregados.
2026-08-13 09:47:08,201 | INFO | 1000163 registros carregados em 'geolocation'.
2026-08-13 09:47:08,201 | INFO | Fonte CSV finalizada.
2026-08-13 09:47:08,202 | INFO | ============================================================
2026-08-13 09:47:08,202 | INFO | DATASETS CARREGADOS
2026-08-13 09:47:08,202 | INFO | ============================================================
2026-08-13 09:47:08,202 | INFO | ============================================================
2026-08-13 09:47:08,202 | INFO | INTEGRANDO PEDIDOS + ITENS
2026-08-13 09:47:08,202 | INFO | ============================================================
2026-08-13 09:47:08,266 | INFO | 99441 pedidos enriquecidos com itens.
2026-08-13 09:47:08,267 | INFO | ============================================================
2026-08-13 09:47:08,267 | INFO | INTEGRANDO PEDIDOS + CLIENTES
2026-08-13 09:47:08,267 | INFO | ============================================================
2026-08-13 09:47:08,304 | INFO | 99441 pedidos enriquecidos com clientes.
2026-08-13 09:47:08,304 | INFO | ============================================================
2026-08-13 09:47:08,305 | INFO | INTEGRANDO ITENS + PRODUTOS
2026-08-13 09:47:08,305 | INFO | ============================================================
2026-08-13 09:47:08,331 | INFO | 112650 itens enriquecidos com produtos.
2026-08-13 09:47:08,331 | INFO | ============================================================
2026-08-13 09:47:08,331 | INFO | INTEGRANDO PEDIDOS + PAGAMENTOS
2026-08-13 09:47:08,331 | INFO | ============================================================
2026-08-13 09:47:08,464 | INFO | 99441 pedidos enriquecidos com pagamentos.
2026-08-13 09:47:08,464 | INFO | ============================================================
2026-08-13 09:47:08,464 | INFO | INTEGRANDO PEDIDOS + REVIEWS
2026-08-13 09:47:08,464 | INFO | ============================================================
2026-08-13 09:47:08,574 | INFO | 99441 pedidos enriquecidos com reviews.
2026-08-13 09:47:08,574 | INFO | ============================================================
2026-08-13 09:47:08,575 | INFO | INTEGRANDO ITENS + SELLERS
2026-08-13 09:47:08,575 | INFO | ============================================================
2026-08-13 09:47:08,593 | INFO | 112650 itens enriquecidos com sellers.
2026-08-13 09:47:08,593 | INFO | ============================================================
2026-08-13 09:47:08,593 | INFO | INTEGRANDO SELLERS + GEOLOCATION
2026-08-13 09:47:08,593 | INFO | ============================================================
2026-08-13 09:47:08,802 | INFO | 3095 sellers enriquecidos com geolocation.
2026-08-13 09:47:08,836 | INFO | Iniciando exportação para Excel: dados\processed\business_analytics.xlsx
2026-08-13 09:47:09,039 | INFO | Exportando aba 'Resumo' com 1 registros.
2026-08-13 09:47:09,043 | INFO | Exportando aba 'Top_Sellers' com 10 registros.
2026-08-13 09:47:09,045 | INFO | Exportando aba 'Frete' com 10 registros.
2026-08-13 09:47:09,046 | INFO | Exportando aba 'Preco_Medio' com 10 registros.
2026-08-13 09:47:09,048 | INFO | Exportando aba 'Por_Estado' com 23 registros.
2026-08-13 09:47:09,108 | INFO | Arquivo Excel gerado com sucesso: dados\processed\business_analytics.xlsx
2026-08-13 09:49:38,097 | INFO | ============================================================
2026-08-13 09:49:38,097 | INFO | CARREGANDO DATASETS
2026-08-13 09:49:38,098 | INFO | ============================================================
2026-08-13 09:49:38,098 | INFO | Fonte CSV inicializada.
2026-08-13 09:49:38,098 | INFO | Carregando orders...
2026-08-13 09:49:38,098 | INFO | Lendo arquivo: dados\raw\olist\olist_orders_dataset.csv
2026-08-13 09:49:38,416 | INFO | 99441 registros carregados.
2026-08-13 09:49:38,417 | INFO | 99441 registros carregados em 'orders'.
2026-08-13 09:49:38,417 | INFO | Carregando order_items...
2026-08-13 09:49:38,417 | INFO | Lendo arquivo: dados\raw\olist\olist_order_items_dataset.csv
2026-08-13 09:49:38,595 | INFO | 112650 registros carregados.
2026-08-13 09:49:38,595 | INFO | 112650 registros carregados em 'order_items'.
2026-08-13 09:49:38,595 | INFO | Carregando customers...
2026-08-13 09:49:38,595 | INFO | Lendo arquivo: dados\raw\olist\olist_customers_dataset.csv
2026-08-13 09:49:38,718 | INFO | 99441 registros carregados.
2026-08-13 09:49:38,719 | INFO | 99441 registros carregados em 'customers'.
2026-08-13 09:49:38,719 | INFO | Carregando products...
2026-08-13 09:49:38,719 | INFO | Lendo arquivo: dados\raw\olist\olist_products_dataset.csv
2026-08-13 09:49:38,760 | INFO | 32951 registros carregados.
2026-08-13 09:49:38,760 | INFO | 32951 registros carregados em 'products'.
2026-08-13 09:49:38,760 | INFO | Carregando payments...
2026-08-13 09:49:38,760 | INFO | Lendo arquivo: dados\raw\olist\olist_order_payments_dataset.csv
2026-08-13 09:49:38,840 | INFO | 103886 registros carregados.
2026-08-13 09:49:38,841 | INFO | 103886 registros carregados em 'payments'.
2026-08-13 09:49:38,841 | INFO | Carregando reviews...
2026-08-13 09:49:38,841 | INFO | Lendo arquivo: dados\raw\olist\olist_order_reviews_dataset.csv
2026-08-13 09:49:39,112 | INFO | 99224 registros carregados.
2026-08-13 09:49:39,113 | INFO | 99224 registros carregados em 'reviews'.
2026-08-13 09:49:39,113 | INFO | Carregando sellers...
2026-08-13 09:49:39,113 | INFO | Lendo arquivo: dados\raw\olist\olist_sellers_dataset.csv
2026-08-13 09:49:39,117 | INFO | 3095 registros carregados.
2026-08-13 09:49:39,118 | INFO | 3095 registros carregados em 'sellers'.
2026-08-13 09:49:39,118 | INFO | Carregando geolocation...
2026-08-13 09:49:39,118 | INFO | Lendo arquivo: dados\raw\olist\olist_geolocation_dataset.csv
2026-08-13 09:49:39,681 | INFO | 1000163 registros carregados.
2026-08-13 09:49:39,681 | INFO | 1000163 registros carregados em 'geolocation'.
2026-08-13 09:49:39,682 | INFO | Fonte CSV finalizada.
2026-08-13 09:49:39,682 | INFO | ============================================================
2026-08-13 09:49:39,682 | INFO | DATASETS CARREGADOS
2026-08-13 09:49:39,682 | INFO | ============================================================
2026-08-13 09:49:39,682 | INFO | ============================================================
2026-08-13 09:49:39,682 | INFO | INTEGRANDO PEDIDOS + ITENS
2026-08-13 09:49:39,682 | INFO | ============================================================
2026-08-13 09:49:39,748 | INFO | 99441 pedidos enriquecidos com itens.
2026-08-13 09:49:39,748 | INFO | ============================================================
2026-08-13 09:49:39,748 | INFO | INTEGRANDO PEDIDOS + CLIENTES
2026-08-13 09:49:39,748 | INFO | ============================================================
2026-08-13 09:49:39,786 | INFO | 99441 pedidos enriquecidos com clientes.
2026-08-13 09:49:39,786 | INFO | ============================================================
2026-08-13 09:49:39,787 | INFO | INTEGRANDO ITENS + PRODUTOS
2026-08-13 09:49:39,787 | INFO | ============================================================
2026-08-13 09:49:39,813 | INFO | 112650 itens enriquecidos com produtos.
2026-08-13 09:49:39,813 | INFO | ============================================================
2026-08-13 09:49:39,813 | INFO | INTEGRANDO PEDIDOS + PAGAMENTOS
2026-08-13 09:49:39,813 | INFO | ============================================================
2026-08-13 09:49:39,928 | INFO | 99441 pedidos enriquecidos com pagamentos.
2026-08-13 09:49:39,928 | INFO | ============================================================
2026-08-13 09:49:39,928 | INFO | INTEGRANDO PEDIDOS + REVIEWS
2026-08-13 09:49:39,928 | INFO | ============================================================
2026-08-13 09:49:40,039 | INFO | 99441 pedidos enriquecidos com reviews.
2026-08-13 09:49:40,039 | INFO | ============================================================
2026-08-13 09:49:40,040 | INFO | INTEGRANDO ITENS + SELLERS
2026-08-13 09:49:40,040 | INFO | ============================================================
2026-08-13 09:49:40,058 | INFO | 112650 itens enriquecidos com sellers.
2026-08-13 09:49:40,058 | INFO | ============================================================
2026-08-13 09:49:40,058 | INFO | INTEGRANDO SELLERS + GEOLOCATION
2026-08-13 09:49:40,058 | INFO | ============================================================
2026-08-13 09:49:40,268 | INFO | 3095 sellers enriquecidos com geolocation.
2026-08-13 09:49:40,302 | INFO | Iniciando exportação para Excel: dados\processed\business_analytics.xlsx
2026-08-13 09:49:40,304 | INFO | Exportando aba 'Resumo' com 1 registros.
2026-08-13 09:49:40,308 | INFO | Exportando aba 'Top_Sellers' com 10 registros.
2026-08-13 09:49:40,309 | INFO | Exportando aba 'Frete' com 10 registros.
2026-08-13 09:49:40,311 | INFO | Exportando aba 'Preco_Medio' com 10 registros.
2026-08-13 09:49:40,312 | INFO | Exportando aba 'Por_Estado' com 23 registros.
2026-08-13 09:49:40,421 | INFO | Arquivo Excel gerado com sucesso: dados\processed\business_analytics.xlsx
2026-08-13 09:55:01,703 | INFO | ============================================================
2026-08-13 09:55:01,703 | INFO | CARREGANDO DATASETS
2026-08-13 09:55:01,704 | INFO | ============================================================
2026-08-13 09:55:01,704 | INFO | Fonte CSV inicializada.
2026-08-13 09:55:01,704 | INFO | Carregando orders...
2026-08-13 09:55:01,705 | INFO | Lendo arquivo: dados\raw\olist\olist_orders_dataset.csv
2026-08-13 09:55:02,068 | INFO | 99441 registros carregados.
2026-08-13 09:55:02,069 | INFO | 99441 registros carregados em 'orders'.
2026-08-13 09:55:02,069 | INFO | Carregando order_items...
2026-08-13 09:55:02,069 | INFO | Lendo arquivo: dados\raw\olist\olist_order_items_dataset.csv
2026-08-13 09:55:02,254 | INFO | 112650 registros carregados.
2026-08-13 09:55:02,255 | INFO | 112650 registros carregados em 'order_items'.
2026-08-13 09:55:02,255 | INFO | Carregando customers...
2026-08-13 09:55:02,255 | INFO | Lendo arquivo: dados\raw\olist\olist_customers_dataset.csv
2026-08-13 09:55:02,385 | INFO | 99441 registros carregados.
2026-08-13 09:55:02,385 | INFO | 99441 registros carregados em 'customers'.
2026-08-13 09:55:02,385 | INFO | Carregando products...
2026-08-13 09:55:02,385 | INFO | Lendo arquivo: dados\raw\olist\olist_products_dataset.csv
2026-08-13 09:55:02,436 | INFO | 32951 registros carregados.
2026-08-13 09:55:02,436 | INFO | 32951 registros carregados em 'products'.
2026-08-13 09:55:02,436 | INFO | Carregando payments...
2026-08-13 09:55:02,436 | INFO | Lendo arquivo: dados\raw\olist\olist_order_payments_dataset.csv
2026-08-13 09:55:02,521 | INFO | 103886 registros carregados.
2026-08-13 09:55:02,521 | INFO | 103886 registros carregados em 'payments'.
2026-08-13 09:55:02,521 | INFO | Carregando reviews...
2026-08-13 09:55:02,522 | INFO | Lendo arquivo: dados\raw\olist\olist_order_reviews_dataset.csv
2026-08-13 09:55:02,804 | INFO | 99224 registros carregados.
2026-08-13 09:55:02,804 | INFO | 99224 registros carregados em 'reviews'.
2026-08-13 09:55:02,804 | INFO | Carregando sellers...
2026-08-13 09:55:02,805 | INFO | Lendo arquivo: dados\raw\olist\olist_sellers_dataset.csv
2026-08-13 09:55:02,809 | INFO | 3095 registros carregados.
2026-08-13 09:55:02,809 | INFO | 3095 registros carregados em 'sellers'.
2026-08-13 09:55:02,809 | INFO | Carregando geolocation...
2026-08-13 09:55:02,809 | INFO | Lendo arquivo: dados\raw\olist\olist_geolocation_dataset.csv
2026-08-13 09:55:03,372 | INFO | 1000163 registros carregados.
2026-08-13 09:55:03,372 | INFO | 1000163 registros carregados em 'geolocation'.
2026-08-13 09:55:03,372 | INFO | Fonte CSV finalizada.
2026-08-13 09:55:03,373 | INFO | ============================================================
2026-08-13 09:55:03,373 | INFO | DATASETS CARREGADOS
2026-08-13 09:55:03,373 | INFO | ============================================================
2026-08-13 09:55:03,373 | INFO | ============================================================
2026-08-13 09:55:03,373 | INFO | INTEGRANDO PEDIDOS + ITENS
2026-08-13 09:55:03,373 | INFO | ============================================================
2026-08-13 09:55:03,450 | INFO | 99441 pedidos enriquecidos com itens.
2026-08-13 09:55:03,451 | INFO | ============================================================
2026-08-13 09:55:03,451 | INFO | INTEGRANDO PEDIDOS + CLIENTES
2026-08-13 09:55:03,451 | INFO | ============================================================
2026-08-13 09:55:03,492 | INFO | 99441 pedidos enriquecidos com clientes.
2026-08-13 09:55:03,493 | INFO | ============================================================
2026-08-13 09:55:03,493 | INFO | INTEGRANDO ITENS + PRODUTOS
2026-08-13 09:55:03,493 | INFO | ============================================================
2026-08-13 09:55:03,518 | INFO | 112650 itens enriquecidos com produtos.
2026-08-13 09:55:03,518 | INFO | ============================================================
2026-08-13 09:55:03,519 | INFO | INTEGRANDO PEDIDOS + PAGAMENTOS
2026-08-13 09:55:03,519 | INFO | ============================================================
2026-08-13 09:55:03,634 | INFO | 99441 pedidos enriquecidos com pagamentos.
2026-08-13 09:55:03,634 | INFO | ============================================================
2026-08-13 09:55:03,634 | INFO | INTEGRANDO PEDIDOS + REVIEWS
2026-08-13 09:55:03,634 | INFO | ============================================================
2026-08-13 09:55:03,742 | INFO | 99441 pedidos enriquecidos com reviews.
2026-08-13 09:55:03,742 | INFO | ============================================================
2026-08-13 09:55:03,742 | INFO | INTEGRANDO ITENS + SELLERS
2026-08-13 09:55:03,743 | INFO | ============================================================
2026-08-13 09:55:03,760 | INFO | 112650 itens enriquecidos com sellers.
2026-08-13 09:55:03,761 | INFO | ============================================================
2026-08-13 09:55:03,761 | INFO | INTEGRANDO SELLERS + GEOLOCATION
2026-08-13 09:55:03,761 | INFO | ============================================================
2026-08-13 09:55:03,971 | INFO | 3095 sellers enriquecidos com geolocation.
2026-08-13 09:55:04,333 | INFO | Iniciando exportação para Excel: dados\processed\business_analytics.xlsx
2026-08-13 09:55:04,334 | INFO | Exportando aba 'Resumo' com 1 registros.
2026-08-13 09:55:04,337 | INFO | Exportando aba 'Top_Sellers' com 10 registros.
2026-08-13 09:55:04,339 | INFO | Exportando aba 'Frete' com 10 registros.
2026-08-13 09:55:04,340 | INFO | Exportando aba 'Preco_Medio' com 10 registros.
2026-08-13 09:55:04,341 | INFO | Exportando aba 'Por_Estado' com 23 registros.
2026-08-13 09:55:04,434 | INFO | Arquivo Excel gerado com sucesso: dados\processed\business_analytics.xlsx
2026-08-13 09:57:37,841 | INFO | ============================================================
2026-08-13 09:57:37,842 | INFO | CARREGANDO DATASETS
2026-08-13 09:57:37,842 | INFO | ============================================================
2026-08-13 09:57:37,842 | INFO | Fonte CSV inicializada.
2026-08-13 09:57:37,843 | INFO | Carregando orders...
2026-08-13 09:57:37,843 | INFO | Lendo arquivo: dados\raw\olist\olist_orders_dataset.csv
2026-08-13 09:57:38,177 | INFO | 99441 registros carregados.
2026-08-13 09:57:38,177 | INFO | 99441 registros carregados em 'orders'.
2026-08-13 09:57:38,178 | INFO | Carregando order_items...
2026-08-13 09:57:38,178 | INFO | Lendo arquivo: dados\raw\olist\olist_order_items_dataset.csv
2026-08-13 09:57:38,355 | INFO | 112650 registros carregados.
2026-08-13 09:57:38,355 | INFO | 112650 registros carregados em 'order_items'.
2026-08-13 09:57:38,355 | INFO | Carregando customers...
2026-08-13 09:57:38,355 | INFO | Lendo arquivo: dados\raw\olist\olist_customers_dataset.csv
2026-08-13 09:57:38,482 | INFO | 99441 registros carregados.
2026-08-13 09:57:38,483 | INFO | 99441 registros carregados em 'customers'.
2026-08-13 09:57:38,483 | INFO | Carregando products...
2026-08-13 09:57:38,483 | INFO | Lendo arquivo: dados\raw\olist\olist_products_dataset.csv
2026-08-13 09:57:38,524 | INFO | 32951 registros carregados.
2026-08-13 09:57:38,524 | INFO | 32951 registros carregados em 'products'.
2026-08-13 09:57:38,524 | INFO | Carregando payments...
2026-08-13 09:57:38,524 | INFO | Lendo arquivo: dados\raw\olist\olist_order_payments_dataset.csv
2026-08-13 09:57:38,603 | INFO | 103886 registros carregados.
2026-08-13 09:57:38,604 | INFO | 103886 registros carregados em 'payments'.
2026-08-13 09:57:38,604 | INFO | Carregando reviews...
2026-08-13 09:57:38,604 | INFO | Lendo arquivo: dados\raw\olist\olist_order_reviews_dataset.csv
2026-08-13 09:57:38,875 | INFO | 99224 registros carregados.
2026-08-13 09:57:38,875 | INFO | 99224 registros carregados em 'reviews'.
2026-08-13 09:57:38,875 | INFO | Carregando sellers...
2026-08-13 09:57:38,875 | INFO | Lendo arquivo: dados\raw\olist\olist_sellers_dataset.csv
2026-08-13 09:57:38,879 | INFO | 3095 registros carregados.
2026-08-13 09:57:38,879 | INFO | 3095 registros carregados em 'sellers'.
2026-08-13 09:57:38,880 | INFO | Carregando geolocation...
2026-08-13 09:57:38,880 | INFO | Lendo arquivo: dados\raw\olist\olist_geolocation_dataset.csv
2026-08-13 09:57:39,436 | INFO | 1000163 registros carregados.
2026-08-13 09:57:39,436 | INFO | 1000163 registros carregados em 'geolocation'.
2026-08-13 09:57:39,436 | INFO | Fonte CSV finalizada.
2026-08-13 09:57:39,437 | INFO | ============================================================
2026-08-13 09:57:39,437 | INFO | DATASETS CARREGADOS
2026-08-13 09:57:39,437 | INFO | ============================================================
2026-08-13 09:57:39,437 | INFO | ============================================================
2026-08-13 09:57:39,437 | INFO | INTEGRANDO PEDIDOS + ITENS
2026-08-13 09:57:39,437 | INFO | ============================================================
2026-08-13 09:57:39,512 | INFO | 99441 pedidos enriquecidos com itens.
2026-08-13 09:57:39,513 | INFO | ============================================================
2026-08-13 09:57:39,513 | INFO | INTEGRANDO PEDIDOS + CLIENTES
2026-08-13 09:57:39,513 | INFO | ============================================================
2026-08-13 09:57:39,550 | INFO | 99441 pedidos enriquecidos com clientes.
2026-08-13 09:57:39,550 | INFO | ============================================================
2026-08-13 09:57:39,550 | INFO | INTEGRANDO ITENS + PRODUTOS
2026-08-13 09:57:39,550 | INFO | ============================================================
2026-08-13 09:57:39,575 | INFO | 112650 itens enriquecidos com produtos.
2026-08-13 09:57:39,576 | INFO | ============================================================
2026-08-13 09:57:39,576 | INFO | INTEGRANDO PEDIDOS + PAGAMENTOS
2026-08-13 09:57:39,576 | INFO | ============================================================
2026-08-13 09:57:39,688 | INFO | 99441 pedidos enriquecidos com pagamentos.
2026-08-13 09:57:39,689 | INFO | ============================================================
2026-08-13 09:57:39,689 | INFO | INTEGRANDO PEDIDOS + REVIEWS
2026-08-13 09:57:39,689 | INFO | ============================================================
2026-08-13 09:57:39,795 | INFO | 99441 pedidos enriquecidos com reviews.
2026-08-13 09:57:39,796 | INFO | ============================================================
2026-08-13 09:57:39,796 | INFO | INTEGRANDO ITENS + SELLERS
2026-08-13 09:57:39,796 | INFO | ============================================================
2026-08-13 09:57:39,815 | INFO | 112650 itens enriquecidos com sellers.
2026-08-13 09:57:39,815 | INFO | ============================================================
2026-08-13 09:57:39,816 | INFO | INTEGRANDO SELLERS + GEOLOCATION
2026-08-13 09:57:39,816 | INFO | ============================================================
2026-08-13 09:57:40,023 | INFO | 3095 sellers enriquecidos com geolocation.
2026-08-13 09:57:40,404 | INFO | Iniciando exportação para Excel: dados\processed\business_analytics.xlsx
2026-08-13 09:57:40,405 | INFO | Exportando aba 'Resumo' com 1 registros.
2026-08-13 09:57:40,408 | INFO | Exportando aba 'Top_Sellers' com 10 registros.
2026-08-13 09:57:40,410 | INFO | Exportando aba 'Frete' com 10 registros.
2026-08-13 09:57:40,411 | INFO | Exportando aba 'Preco_Medio' com 10 registros.
2026-08-13 09:57:40,413 | INFO | Exportando aba 'Por_Estado' com 23 registros.
2026-08-13 09:57:40,414 | INFO | Exportando aba 'Fato_Vendas' com 112650 registros.
2026-08-13 10:01:10,148 | INFO | Arquivo Excel gerado com sucesso: dados\processed\business_analytics.xlsx
2026-08-13 10:42:44,435 | INFO | ============================================================
2026-08-13 10:42:44,435 | INFO | CARREGANDO DATASETS
2026-08-13 10:42:44,435 | INFO | ============================================================
2026-08-13 10:42:44,435 | INFO | Fonte CSV inicializada.
2026-08-13 10:42:44,436 | INFO | Carregando orders...
2026-08-13 10:42:44,436 | INFO | Lendo arquivo: dados\raw\olist\olist_orders_dataset.csv
2026-08-13 10:42:44,729 | INFO | 99441 registros carregados.
2026-08-13 10:42:44,729 | INFO | 99441 registros carregados em 'orders'.
2026-08-13 10:42:44,729 | INFO | Carregando order_items...
2026-08-13 10:42:44,729 | INFO | Lendo arquivo: dados\raw\olist\olist_order_items_dataset.csv
2026-08-13 10:42:44,915 | INFO | 112650 registros carregados.
2026-08-13 10:42:44,915 | INFO | 112650 registros carregados em 'order_items'.
2026-08-13 10:42:44,916 | INFO | Carregando customers...
2026-08-13 10:42:44,916 | INFO | Lendo arquivo: dados\raw\olist\olist_customers_dataset.csv
2026-08-13 10:42:45,044 | INFO | 99441 registros carregados.
2026-08-13 10:42:45,044 | INFO | 99441 registros carregados em 'customers'.
2026-08-13 10:42:45,044 | INFO | Carregando products...
2026-08-13 10:42:45,045 | INFO | Lendo arquivo: dados\raw\olist\olist_products_dataset.csv
2026-08-13 10:42:45,091 | INFO | 32951 registros carregados.
2026-08-13 10:42:45,091 | INFO | 32951 registros carregados em 'products'.
2026-08-13 10:42:45,091 | INFO | Carregando payments...
2026-08-13 10:42:45,091 | INFO | Lendo arquivo: dados\raw\olist\olist_order_payments_dataset.csv
2026-08-13 10:42:45,179 | INFO | 103886 registros carregados.
2026-08-13 10:42:45,179 | INFO | 103886 registros carregados em 'payments'.
2026-08-13 10:42:45,179 | INFO | Carregando reviews...
2026-08-13 10:42:45,179 | INFO | Lendo arquivo: dados\raw\olist\olist_order_reviews_dataset.csv
2026-08-13 10:42:45,463 | INFO | 99224 registros carregados.
2026-08-13 10:42:45,463 | INFO | 99224 registros carregados em 'reviews'.
2026-08-13 10:42:45,463 | INFO | Carregando sellers...
2026-08-13 10:42:45,464 | INFO | Lendo arquivo: dados\raw\olist\olist_sellers_dataset.csv
2026-08-13 10:42:45,475 | INFO | 3095 registros carregados.
2026-08-13 10:42:45,475 | INFO | 3095 registros carregados em 'sellers'.
2026-08-13 10:42:45,475 | INFO | Carregando geolocation...
2026-08-13 10:42:45,475 | INFO | Lendo arquivo: dados\raw\olist\olist_geolocation_dataset.csv
2026-08-13 10:42:46,044 | INFO | 1000163 registros carregados.
2026-08-13 10:42:46,044 | INFO | 1000163 registros carregados em 'geolocation'.
2026-08-13 10:42:46,045 | INFO | Fonte CSV finalizada.
2026-08-13 10:42:46,045 | INFO | ============================================================
2026-08-13 10:42:46,045 | INFO | DATASETS CARREGADOS
2026-08-13 10:42:46,045 | INFO | ============================================================
2026-08-13 10:42:46,045 | INFO | ============================================================
2026-08-13 10:42:46,045 | INFO | INTEGRANDO PEDIDOS + ITENS
2026-08-13 10:42:46,045 | INFO | ============================================================
2026-08-13 10:42:46,108 | INFO | 99441 pedidos enriquecidos com itens.
2026-08-13 10:42:46,108 | INFO | ============================================================
2026-08-13 10:42:46,108 | INFO | INTEGRANDO PEDIDOS + CLIENTES
2026-08-13 10:42:46,108 | INFO | ============================================================
2026-08-13 10:42:46,151 | INFO | 99441 pedidos enriquecidos com clientes.
2026-08-13 10:42:46,151 | INFO | ============================================================
2026-08-13 10:42:46,151 | INFO | INTEGRANDO ITENS + PRODUTOS
2026-08-13 10:42:46,151 | INFO | ============================================================
2026-08-13 10:42:46,177 | INFO | 112650 itens enriquecidos com produtos.
2026-08-13 10:42:46,177 | INFO | ============================================================
2026-08-13 10:42:46,177 | INFO | INTEGRANDO PEDIDOS + PAGAMENTOS
2026-08-13 10:42:46,177 | INFO | ============================================================
2026-08-13 10:42:46,311 | INFO | 99441 pedidos enriquecidos com pagamentos.
2026-08-13 10:42:46,311 | INFO | ============================================================
2026-08-13 10:42:46,311 | INFO | INTEGRANDO PEDIDOS + REVIEWS
2026-08-13 10:42:46,311 | INFO | ============================================================
2026-08-13 10:42:46,424 | INFO | 99441 pedidos enriquecidos com reviews.
2026-08-13 10:42:46,424 | INFO | ============================================================
2026-08-13 10:42:46,424 | INFO | INTEGRANDO ITENS + SELLERS
2026-08-13 10:42:46,424 | INFO | ============================================================
2026-08-13 10:42:46,444 | INFO | 112650 itens enriquecidos com sellers.
2026-08-13 10:42:46,444 | INFO | ============================================================
2026-08-13 10:42:46,445 | INFO | INTEGRANDO SELLERS + GEOLOCATION
2026-08-13 10:42:46,445 | INFO | ============================================================
2026-08-13 10:42:46,652 | INFO | 3095 sellers enriquecidos com geolocation.
2026-08-13 10:42:47,015 | INFO | Iniciando exportação para Excel: dados\processed\business_analytics.xlsx
2026-08-13 10:42:47,019 | INFO | Exportando aba 'Resumo' com 1 registros.
2026-08-13 10:42:47,022 | INFO | Exportando aba 'Top_Sellers' com 10 registros.
2026-08-13 10:42:47,024 | INFO | Exportando aba 'Frete' com 10 registros.
2026-08-13 10:42:47,025 | INFO | Exportando aba 'Preco_Medio' com 10 registros.
2026-08-13 10:42:47,027 | INFO | Exportando aba 'Por_Estado' com 23 registros.
2026-08-13 10:42:47,028 | INFO | Exportando aba 'Fato_Vendas' com 112650 registros.
2026-08-13 10:46:24,666 | INFO | Arquivo Excel gerado com sucesso: dados\processed\business_analytics.xlsx
2026-08-13 10:46:24,666 | INFO | Iniciando criação do Dashboard Excel.
2026-08-13 10:47:49,835 | INFO | Dashboard Excel criado com sucesso.
2026-08-13 10:57:15,847 | INFO | ============================================================
2026-08-13 10:57:15,847 | INFO | CARREGANDO DATASETS
2026-08-13 10:57:15,847 | INFO | ============================================================
2026-08-13 10:57:15,847 | INFO | Fonte CSV inicializada.
2026-08-13 10:57:15,848 | INFO | Carregando orders...
2026-08-13 10:57:15,848 | INFO | Lendo arquivo: dados\raw\olist\olist_orders_dataset.csv
2026-08-13 10:57:16,161 | INFO | 99441 registros carregados.
2026-08-13 10:57:16,161 | INFO | 99441 registros carregados em 'orders'.
2026-08-13 10:57:16,161 | INFO | Carregando order_items...
2026-08-13 10:57:16,161 | INFO | Lendo arquivo: dados\raw\olist\olist_order_items_dataset.csv
2026-08-13 10:57:16,342 | INFO | 112650 registros carregados.
2026-08-13 10:57:16,342 | INFO | 112650 registros carregados em 'order_items'.
2026-08-13 10:57:16,342 | INFO | Carregando customers...
2026-08-13 10:57:16,342 | INFO | Lendo arquivo: dados\raw\olist\olist_customers_dataset.csv
2026-08-13 10:57:16,472 | INFO | 99441 registros carregados.
2026-08-13 10:57:16,473 | INFO | 99441 registros carregados em 'customers'.
2026-08-13 10:57:16,473 | INFO | Carregando products...
2026-08-13 10:57:16,473 | INFO | Lendo arquivo: dados\raw\olist\olist_products_dataset.csv
2026-08-13 10:57:16,513 | INFO | 32951 registros carregados.
2026-08-13 10:57:16,514 | INFO | 32951 registros carregados em 'products'.
2026-08-13 10:57:16,514 | INFO | Carregando payments...
2026-08-13 10:57:16,514 | INFO | Lendo arquivo: dados\raw\olist\olist_order_payments_dataset.csv
2026-08-13 10:57:16,599 | INFO | 103886 registros carregados.
2026-08-13 10:57:16,599 | INFO | 103886 registros carregados em 'payments'.
2026-08-13 10:57:16,599 | INFO | Carregando reviews...
2026-08-13 10:57:16,599 | INFO | Lendo arquivo: dados\raw\olist\olist_order_reviews_dataset.csv
2026-08-13 10:57:16,900 | INFO | 99224 registros carregados.
2026-08-13 10:57:16,900 | INFO | 99224 registros carregados em 'reviews'.
2026-08-13 10:57:16,900 | INFO | Carregando sellers...
2026-08-13 10:57:16,900 | INFO | Lendo arquivo: dados\raw\olist\olist_sellers_dataset.csv
2026-08-13 10:57:16,905 | INFO | 3095 registros carregados.
2026-08-13 10:57:16,905 | INFO | 3095 registros carregados em 'sellers'.
2026-08-13 10:57:16,905 | INFO | Carregando geolocation...
2026-08-13 10:57:16,905 | INFO | Lendo arquivo: dados\raw\olist\olist_geolocation_dataset.csv
2026-08-13 10:57:17,477 | INFO | 1000163 registros carregados.
2026-08-13 10:57:17,477 | INFO | 1000163 registros carregados em 'geolocation'.
2026-08-13 10:57:17,477 | INFO | Fonte CSV finalizada.
2026-08-13 10:57:17,477 | INFO | ============================================================
2026-08-13 10:57:17,478 | INFO | DATASETS CARREGADOS
2026-08-13 10:57:17,478 | INFO | ============================================================
2026-08-13 10:57:17,478 | INFO | ============================================================
2026-08-13 10:57:17,478 | INFO | INTEGRANDO PEDIDOS + ITENS
2026-08-13 10:57:17,478 | INFO | ============================================================
2026-08-13 10:57:17,550 | INFO | 99441 pedidos enriquecidos com itens.
2026-08-13 10:57:17,550 | INFO | ============================================================
2026-08-13 10:57:17,550 | INFO | INTEGRANDO PEDIDOS + CLIENTES
2026-08-13 10:57:17,551 | INFO | ============================================================
2026-08-13 10:57:17,594 | INFO | 99441 pedidos enriquecidos com clientes.
2026-08-13 10:57:17,594 | INFO | ============================================================
2026-08-13 10:57:17,594 | INFO | INTEGRANDO ITENS + PRODUTOS
2026-08-13 10:57:17,595 | INFO | ============================================================
2026-08-13 10:57:17,624 | INFO | 112650 itens enriquecidos com produtos.
2026-08-13 10:57:17,625 | INFO | ============================================================
2026-08-13 10:57:17,625 | INFO | INTEGRANDO PEDIDOS + PAGAMENTOS
2026-08-13 10:57:17,625 | INFO | ============================================================
2026-08-13 10:57:17,757 | INFO | 99441 pedidos enriquecidos com pagamentos.
2026-08-13 10:57:17,758 | INFO | ============================================================
2026-08-13 10:57:17,758 | INFO | INTEGRANDO PEDIDOS + REVIEWS
2026-08-13 10:57:17,758 | INFO | ============================================================
2026-08-13 10:57:17,875 | INFO | 99441 pedidos enriquecidos com reviews.
2026-08-13 10:57:17,876 | INFO | ============================================================
2026-08-13 10:57:17,876 | INFO | INTEGRANDO ITENS + SELLERS
2026-08-13 10:57:17,876 | INFO | ============================================================
2026-08-13 10:57:17,897 | INFO | 112650 itens enriquecidos com sellers.
2026-08-13 10:57:17,897 | INFO | ============================================================
2026-08-13 10:57:17,897 | INFO | INTEGRANDO SELLERS + GEOLOCATION
2026-08-13 10:57:17,897 | INFO | ============================================================
2026-08-13 10:57:18,110 | INFO | 3095 sellers enriquecidos com geolocation.
2026-08-13 10:57:18,507 | INFO | Iniciando exportação para Excel: dados\processed\business_analytics.xlsx
2026-08-13 10:57:18,512 | INFO | Exportando aba 'Resumo' com 1 registros.
2026-08-13 10:57:18,515 | INFO | Exportando aba 'Top_Sellers' com 10 registros.
2026-08-13 10:57:18,517 | INFO | Exportando aba 'Frete' com 10 registros.
2026-08-13 10:57:18,518 | INFO | Exportando aba 'Preco_Medio' com 10 registros.
2026-08-13 10:57:18,520 | INFO | Exportando aba 'Por_Estado' com 23 registros.
2026-08-13 10:57:18,521 | INFO | Exportando aba 'Fato_Vendas' com 112650 registros.
2026-08-13 11:01:11,839 | INFO | Arquivo Excel gerado com sucesso: dados\processed\business_analytics.xlsx
2026-08-13 11:01:11,840 | INFO | Iniciando criação do Dashboard Excel.
2026-08-13 11:02:38,919 | INFO | Dashboard Excel criado com sucesso.
2026-08-13 11:10:10,401 | INFO | ============================================================
2026-08-13 11:10:10,401 | INFO | CARREGANDO DATASETS
2026-08-13 11:10:10,401 | INFO | ============================================================
2026-08-13 11:10:10,401 | INFO | Fonte CSV inicializada.
2026-08-13 11:10:10,402 | INFO | Carregando orders...
2026-08-13 11:10:10,402 | INFO | Lendo arquivo: dados\raw\olist\olist_orders_dataset.csv
2026-08-13 11:10:10,718 | INFO | 99441 registros carregados.
2026-08-13 11:10:10,718 | INFO | 99441 registros carregados em 'orders'.
2026-08-13 11:10:10,718 | INFO | Carregando order_items...
2026-08-13 11:10:10,719 | INFO | Lendo arquivo: dados\raw\olist\olist_order_items_dataset.csv
2026-08-13 11:10:10,904 | INFO | 112650 registros carregados.
2026-08-13 11:10:10,904 | INFO | 112650 registros carregados em 'order_items'.
2026-08-13 11:10:10,904 | INFO | Carregando customers...
2026-08-13 11:10:10,904 | INFO | Lendo arquivo: dados\raw\olist\olist_customers_dataset.csv
2026-08-13 11:10:11,029 | INFO | 99441 registros carregados.
2026-08-13 11:10:11,029 | INFO | 99441 registros carregados em 'customers'.
2026-08-13 11:10:11,030 | INFO | Carregando products...
2026-08-13 11:10:11,030 | INFO | Lendo arquivo: dados\raw\olist\olist_products_dataset.csv
2026-08-13 11:10:11,070 | INFO | 32951 registros carregados.
2026-08-13 11:10:11,071 | INFO | 32951 registros carregados em 'products'.
2026-08-13 11:10:11,071 | INFO | Carregando payments...
2026-08-13 11:10:11,071 | INFO | Lendo arquivo: dados\raw\olist\olist_order_payments_dataset.csv
2026-08-13 11:10:11,151 | INFO | 103886 registros carregados.
2026-08-13 11:10:11,151 | INFO | 103886 registros carregados em 'payments'.
2026-08-13 11:10:11,151 | INFO | Carregando reviews...
2026-08-13 11:10:11,151 | INFO | Lendo arquivo: dados\raw\olist\olist_order_reviews_dataset.csv
2026-08-13 11:10:11,425 | INFO | 99224 registros carregados.
2026-08-13 11:10:11,425 | INFO | 99224 registros carregados em 'reviews'.
2026-08-13 11:10:11,425 | INFO | Carregando sellers...
2026-08-13 11:10:11,425 | INFO | Lendo arquivo: dados\raw\olist\olist_sellers_dataset.csv
2026-08-13 11:10:11,430 | INFO | 3095 registros carregados.
2026-08-13 11:10:11,430 | INFO | 3095 registros carregados em 'sellers'.
2026-08-13 11:10:11,430 | INFO | Carregando geolocation...
2026-08-13 11:10:11,431 | INFO | Lendo arquivo: dados\raw\olist\olist_geolocation_dataset.csv
2026-08-13 11:10:12,006 | INFO | 1000163 registros carregados.
2026-08-13 11:10:12,006 | INFO | 1000163 registros carregados em 'geolocation'.
2026-08-13 11:10:12,006 | INFO | Fonte CSV finalizada.
2026-08-13 11:10:12,006 | INFO | ============================================================
2026-08-13 11:10:12,006 | INFO | DATASETS CARREGADOS
2026-08-13 11:10:12,006 | INFO | ============================================================
2026-08-13 11:10:12,007 | INFO | ============================================================
2026-08-13 11:10:12,007 | INFO | INTEGRANDO PEDIDOS + ITENS
2026-08-13 11:10:12,007 | INFO | ============================================================
2026-08-13 11:10:12,093 | INFO | 99441 pedidos enriquecidos com itens.
2026-08-13 11:10:12,094 | INFO | ============================================================
2026-08-13 11:10:12,094 | INFO | INTEGRANDO PEDIDOS + CLIENTES
2026-08-13 11:10:12,094 | INFO | ============================================================
2026-08-13 11:10:12,149 | INFO | 99441 pedidos enriquecidos com clientes.
2026-08-13 11:10:12,150 | INFO | ============================================================
2026-08-13 11:10:12,150 | INFO | INTEGRANDO ITENS + PRODUTOS
2026-08-13 11:10:12,150 | INFO | ============================================================
2026-08-13 11:10:12,178 | INFO | 112650 itens enriquecidos com produtos.
2026-08-13 11:10:12,178 | INFO | ============================================================
2026-08-13 11:10:12,178 | INFO | INTEGRANDO PEDIDOS + PAGAMENTOS
2026-08-13 11:10:12,178 | INFO | ============================================================
2026-08-13 11:10:12,334 | INFO | 99441 pedidos enriquecidos com pagamentos.
2026-08-13 11:10:12,335 | INFO | ============================================================
2026-08-13 11:10:12,335 | INFO | INTEGRANDO PEDIDOS + REVIEWS
2026-08-13 11:10:12,335 | INFO | ============================================================
2026-08-13 11:10:12,474 | INFO | 99441 pedidos enriquecidos com reviews.
2026-08-13 11:10:12,475 | INFO | ============================================================
2026-08-13 11:10:12,475 | INFO | INTEGRANDO ITENS + SELLERS
2026-08-13 11:10:12,475 | INFO | ============================================================
2026-08-13 11:10:12,496 | INFO | 112650 itens enriquecidos com sellers.
2026-08-13 11:10:12,497 | INFO | ============================================================
2026-08-13 11:10:12,497 | INFO | INTEGRANDO SELLERS + GEOLOCATION
2026-08-13 11:10:12,497 | INFO | ============================================================
2026-08-13 11:10:12,720 | INFO | 3095 sellers enriquecidos com geolocation.
2026-08-13 11:10:13,131 | INFO | Iniciando exportação para Excel: dados\processed\business_analytics.xlsx
2026-08-13 11:10:13,136 | INFO | Exportando aba 'Resumo' com 1 registros.
2026-08-13 11:10:13,140 | INFO | Exportando aba 'Top_Sellers' com 10 registros.
2026-08-13 11:10:13,141 | INFO | Exportando aba 'Frete' com 10 registros.
2026-08-13 11:10:13,143 | INFO | Exportando aba 'Preco_Medio' com 10 registros.
2026-08-13 11:10:13,144 | INFO | Exportando aba 'Por_Estado' com 23 registros.
2026-08-13 11:10:13,146 | INFO | Exportando aba 'Fato_Vendas' com 112650 registros.
2026-08-13 11:13:29,522 | INFO | ============================================================
2026-08-13 11:13:29,522 | INFO | CARREGANDO DATASETS
2026-08-13 11:13:29,522 | INFO | ============================================================
2026-08-13 11:13:29,522 | INFO | Fonte CSV inicializada.
2026-08-13 11:13:29,523 | INFO | Carregando orders...
2026-08-13 11:13:29,523 | INFO | Lendo arquivo: dados\raw\olist\olist_orders_dataset.csv
2026-08-13 11:13:29,826 | INFO | 99441 registros carregados.
2026-08-13 11:13:29,826 | INFO | 99441 registros carregados em 'orders'.
2026-08-13 11:13:29,826 | INFO | Carregando order_items...
2026-08-13 11:13:29,826 | INFO | Lendo arquivo: dados\raw\olist\olist_order_items_dataset.csv
2026-08-13 11:13:30,006 | INFO | 112650 registros carregados.
2026-08-13 11:13:30,006 | INFO | 112650 registros carregados em 'order_items'.
2026-08-13 11:13:30,006 | INFO | Carregando customers...
2026-08-13 11:13:30,006 | INFO | Lendo arquivo: dados\raw\olist\olist_customers_dataset.csv
2026-08-13 11:13:30,129 | INFO | 99441 registros carregados.
2026-08-13 11:13:30,129 | INFO | 99441 registros carregados em 'customers'.
2026-08-13 11:13:30,130 | INFO | Carregando products...
2026-08-13 11:13:30,130 | INFO | Lendo arquivo: dados\raw\olist\olist_products_dataset.csv
2026-08-13 11:13:30,170 | INFO | 32951 registros carregados.
2026-08-13 11:13:30,170 | INFO | 32951 registros carregados em 'products'.
2026-08-13 11:13:30,170 | INFO | Carregando payments...
2026-08-13 11:13:30,170 | INFO | Lendo arquivo: dados\raw\olist\olist_order_payments_dataset.csv
2026-08-13 11:13:30,251 | INFO | 103886 registros carregados.
2026-08-13 11:13:30,251 | INFO | 103886 registros carregados em 'payments'.
2026-08-13 11:13:30,251 | INFO | Carregando reviews...
2026-08-13 11:13:30,251 | INFO | Lendo arquivo: dados\raw\olist\olist_order_reviews_dataset.csv
2026-08-13 11:13:30,529 | INFO | 99224 registros carregados.
2026-08-13 11:13:30,529 | INFO | 99224 registros carregados em 'reviews'.
2026-08-13 11:13:30,529 | INFO | Carregando sellers...
2026-08-13 11:13:30,529 | INFO | Lendo arquivo: dados\raw\olist\olist_sellers_dataset.csv
2026-08-13 11:13:30,534 | INFO | 3095 registros carregados.
2026-08-13 11:13:30,534 | INFO | 3095 registros carregados em 'sellers'.
2026-08-13 11:13:30,534 | INFO | Carregando geolocation...
2026-08-13 11:13:30,534 | INFO | Lendo arquivo: dados\raw\olist\olist_geolocation_dataset.csv
2026-08-13 11:13:31,103 | INFO | 1000163 registros carregados.
2026-08-13 11:13:31,104 | INFO | 1000163 registros carregados em 'geolocation'.
2026-08-13 11:13:31,104 | INFO | Fonte CSV finalizada.
2026-08-13 11:13:31,104 | INFO | ============================================================
2026-08-13 11:13:31,104 | INFO | DATASETS CARREGADOS
2026-08-13 11:13:31,104 | INFO | ============================================================
2026-08-13 11:13:31,104 | INFO | ============================================================
2026-08-13 11:13:31,104 | INFO | INTEGRANDO PEDIDOS + ITENS
2026-08-13 11:13:31,104 | INFO | ============================================================
2026-08-13 11:13:31,171 | INFO | 99441 pedidos enriquecidos com itens.
2026-08-13 11:13:31,171 | INFO | ============================================================
2026-08-13 11:13:31,171 | INFO | INTEGRANDO PEDIDOS + CLIENTES
2026-08-13 11:13:31,171 | INFO | ============================================================
2026-08-13 11:13:31,212 | INFO | 99441 pedidos enriquecidos com clientes.
2026-08-13 11:13:31,213 | INFO | ============================================================
2026-08-13 11:13:31,213 | INFO | INTEGRANDO ITENS + PRODUTOS
2026-08-13 11:13:31,213 | INFO | ============================================================
2026-08-13 11:13:31,238 | INFO | 112650 itens enriquecidos com produtos.
2026-08-13 11:13:31,239 | INFO | ============================================================
2026-08-13 11:13:31,239 | INFO | INTEGRANDO PEDIDOS + PAGAMENTOS
2026-08-13 11:13:31,239 | INFO | ============================================================
2026-08-13 11:13:31,357 | INFO | 99441 pedidos enriquecidos com pagamentos.
2026-08-13 11:13:31,357 | INFO | ============================================================
2026-08-13 11:13:31,357 | INFO | INTEGRANDO PEDIDOS + REVIEWS
2026-08-13 11:13:31,357 | INFO | ============================================================
2026-08-13 11:13:31,469 | INFO | 99441 pedidos enriquecidos com reviews.
2026-08-13 11:13:31,470 | INFO | ============================================================
2026-08-13 11:13:31,470 | INFO | INTEGRANDO ITENS + SELLERS
2026-08-13 11:13:31,470 | INFO | ============================================================
2026-08-13 11:13:31,489 | INFO | 112650 itens enriquecidos com sellers.
2026-08-13 11:13:31,489 | INFO | ============================================================
2026-08-13 11:13:31,489 | INFO | INTEGRANDO SELLERS + GEOLOCATION
2026-08-13 11:13:31,489 | INFO | ============================================================
2026-08-13 11:13:31,698 | INFO | 3095 sellers enriquecidos com geolocation.
2026-08-13 11:13:32,081 | INFO | Iniciando exportação para Excel: dados\processed\business_analytics.xlsx
2026-08-13 11:13:32,082 | INFO | Exportando aba 'Resumo' com 1 registros.
2026-08-13 11:13:32,085 | INFO | Exportando aba 'Top_Sellers' com 10 registros.
2026-08-13 11:13:32,086 | INFO | Exportando aba 'Frete' com 10 registros.
2026-08-13 11:13:32,088 | INFO | Exportando aba 'Preco_Medio' com 10 registros.
2026-08-13 11:13:32,089 | INFO | Exportando aba 'Por_Estado' com 23 registros.
2026-08-13 11:13:32,091 | INFO | Exportando aba 'Fato_Vendas' com 112650 registros.
2026-08-13 11:13:54,319 | INFO | Arquivo Excel gerado com sucesso: dados\processed\business_analytics.xlsx
2026-08-13 11:13:54,320 | INFO | Iniciando criação do Dashboard Excel.
2026-08-13 11:16:38,064 | INFO | ============================================================
2026-08-13 11:16:38,064 | INFO | CARREGANDO DATASETS
2026-08-13 11:16:38,065 | INFO | ============================================================
2026-08-13 11:16:38,065 | INFO | Fonte CSV inicializada.
2026-08-13 11:16:38,065 | INFO | Carregando orders...
2026-08-13 11:16:38,065 | INFO | Lendo arquivo: dados\raw\olist\olist_orders_dataset.csv
2026-08-13 11:16:38,402 | INFO | 99441 registros carregados.
2026-08-13 11:16:38,403 | INFO | 99441 registros carregados em 'orders'.
2026-08-13 11:16:38,403 | INFO | Carregando order_items...
2026-08-13 11:16:38,403 | INFO | Lendo arquivo: dados\raw\olist\olist_order_items_dataset.csv
2026-08-13 11:16:38,593 | INFO | 112650 registros carregados.
2026-08-13 11:16:38,594 | INFO | 112650 registros carregados em 'order_items'.
2026-08-13 11:16:38,594 | INFO | Carregando customers...
2026-08-13 11:16:38,594 | INFO | Lendo arquivo: dados\raw\olist\olist_customers_dataset.csv
2026-08-13 11:16:38,715 | INFO | 99441 registros carregados.
2026-08-13 11:16:38,716 | INFO | 99441 registros carregados em 'customers'.
2026-08-13 11:16:38,716 | INFO | Carregando products...
2026-08-13 11:16:38,716 | INFO | Lendo arquivo: dados\raw\olist\olist_products_dataset.csv
2026-08-13 11:16:38,756 | INFO | 32951 registros carregados.
2026-08-13 11:16:38,756 | INFO | 32951 registros carregados em 'products'.
2026-08-13 11:16:38,756 | INFO | Carregando payments...
2026-08-13 11:16:38,757 | INFO | Lendo arquivo: dados\raw\olist\olist_order_payments_dataset.csv
2026-08-13 11:16:38,838 | INFO | 103886 registros carregados.
2026-08-13 11:16:38,838 | INFO | 103886 registros carregados em 'payments'.
2026-08-13 11:16:38,838 | INFO | Carregando reviews...
2026-08-13 11:16:38,838 | INFO | Lendo arquivo: dados\raw\olist\olist_order_reviews_dataset.csv
2026-08-13 11:16:39,114 | INFO | 99224 registros carregados.
2026-08-13 11:16:39,114 | INFO | 99224 registros carregados em 'reviews'.
2026-08-13 11:16:39,114 | INFO | Carregando sellers...
2026-08-13 11:16:39,115 | INFO | Lendo arquivo: dados\raw\olist\olist_sellers_dataset.csv
2026-08-13 11:16:39,119 | INFO | 3095 registros carregados.
2026-08-13 11:16:39,119 | INFO | 3095 registros carregados em 'sellers'.
2026-08-13 11:16:39,119 | INFO | Carregando geolocation...
2026-08-13 11:16:39,119 | INFO | Lendo arquivo: dados\raw\olist\olist_geolocation_dataset.csv
2026-08-13 11:16:39,683 | INFO | 1000163 registros carregados.
2026-08-13 11:16:39,683 | INFO | 1000163 registros carregados em 'geolocation'.
2026-08-13 11:16:39,683 | INFO | Fonte CSV finalizada.
2026-08-13 11:16:39,684 | INFO | ============================================================
2026-08-13 11:16:39,684 | INFO | DATASETS CARREGADOS
2026-08-13 11:16:39,684 | INFO | ============================================================
2026-08-13 11:16:39,684 | INFO | ============================================================
2026-08-13 11:16:39,684 | INFO | INTEGRANDO PEDIDOS + ITENS
2026-08-13 11:16:39,684 | INFO | ============================================================
2026-08-13 11:16:39,749 | INFO | 99441 pedidos enriquecidos com itens.
2026-08-13 11:16:39,749 | INFO | ============================================================
2026-08-13 11:16:39,749 | INFO | INTEGRANDO PEDIDOS + CLIENTES
2026-08-13 11:16:39,749 | INFO | ============================================================
2026-08-13 11:16:39,791 | INFO | 99441 pedidos enriquecidos com clientes.
2026-08-13 11:16:39,791 | INFO | ============================================================
2026-08-13 11:16:39,791 | INFO | INTEGRANDO ITENS + PRODUTOS
2026-08-13 11:16:39,792 | INFO | ============================================================
2026-08-13 11:16:39,818 | INFO | 112650 itens enriquecidos com produtos.
2026-08-13 11:16:39,819 | INFO | ============================================================
2026-08-13 11:16:39,819 | INFO | INTEGRANDO PEDIDOS + PAGAMENTOS
2026-08-13 11:16:39,819 | INFO | ============================================================
2026-08-13 11:16:39,930 | INFO | 99441 pedidos enriquecidos com pagamentos.
2026-08-13 11:16:39,930 | INFO | ============================================================
2026-08-13 11:16:39,930 | INFO | INTEGRANDO PEDIDOS + REVIEWS
2026-08-13 11:16:39,930 | INFO | ============================================================
2026-08-13 11:16:40,037 | INFO | 99441 pedidos enriquecidos com reviews.
2026-08-13 11:16:40,038 | INFO | ============================================================
2026-08-13 11:16:40,038 | INFO | INTEGRANDO ITENS + SELLERS
2026-08-13 11:16:40,038 | INFO | ============================================================
2026-08-13 11:16:40,056 | INFO | 112650 itens enriquecidos com sellers.
2026-08-13 11:16:40,056 | INFO | ============================================================
2026-08-13 11:16:40,056 | INFO | INTEGRANDO SELLERS + GEOLOCATION
2026-08-13 11:16:40,056 | INFO | ============================================================
2026-08-13 11:16:40,265 | INFO | 3095 sellers enriquecidos com geolocation.
2026-08-13 11:16:40,622 | INFO | Iniciando exportação para Excel: dados\processed\business_analytics.xlsx
2026-08-13 11:16:40,624 | INFO | Exportando aba 'Resumo' com 1 registros.
2026-08-13 11:16:40,627 | INFO | Exportando aba 'Top_Sellers' com 10 registros.
2026-08-13 11:16:40,628 | INFO | Exportando aba 'Frete' com 10 registros.
2026-08-13 11:16:40,629 | INFO | Exportando aba 'Preco_Medio' com 10 registros.
2026-08-13 11:16:40,631 | INFO | Exportando aba 'Por_Estado' com 23 registros.
2026-08-13 11:16:40,633 | INFO | Exportando aba 'Fato_Vendas' com 112650 registros.
2026-08-13 11:17:35,592 | INFO | Arquivo base Excel criado.
2026-08-13 11:17:35,592 | INFO | Iniciando formatação do Excel.
2026-08-13 11:19:01,747 | INFO | Formatação do Excel concluída.
2026-08-13 11:19:01,747 | INFO | Arquivo Excel gerado com sucesso: dados\processed\business_analytics.xlsx
2026-08-13 11:19:01,747 | INFO | Iniciando criação do Dashboard Excel.
2026-08-13 11:20:56,089 | INFO | Dashboard Excel criado com sucesso.
2026-08-14 16:40:58,188 | INFO | ============================================================
2026-08-14 16:40:58,189 | INFO | CARREGANDO DATASETS
2026-08-14 16:40:58,189 | INFO | ============================================================
2026-08-14 16:40:58,189 | INFO | Fonte CSV inicializada.
2026-08-14 16:40:58,190 | INFO | Carregando orders...
2026-08-14 16:40:58,190 | INFO | Lendo arquivo: dados\raw\olist\olist_orders_dataset.csv
2026-08-14 16:40:58,515 | INFO | 99441 registros carregados.
2026-08-14 16:40:58,515 | INFO | 99441 registros carregados em 'orders'.
2026-08-14 16:40:58,515 | INFO | Carregando order_items...
2026-08-14 16:40:58,515 | INFO | Lendo arquivo: dados\raw\olist\olist_order_items_dataset.csv
2026-08-14 16:40:58,754 | INFO | 112650 registros carregados.
2026-08-14 16:40:58,754 | INFO | 112650 registros carregados em 'order_items'.
2026-08-14 16:40:58,755 | INFO | Carregando customers...
2026-08-14 16:40:58,755 | INFO | Lendo arquivo: dados\raw\olist\olist_customers_dataset.csv
2026-08-14 16:40:58,924 | INFO | 99441 registros carregados.
2026-08-14 16:40:58,924 | INFO | 99441 registros carregados em 'customers'.
2026-08-14 16:40:58,924 | INFO | Carregando products...
2026-08-14 16:40:58,924 | INFO | Lendo arquivo: dados\raw\olist\olist_products_dataset.csv
2026-08-14 16:40:58,977 | INFO | 32951 registros carregados.
2026-08-14 16:40:58,977 | INFO | 32951 registros carregados em 'products'.
2026-08-14 16:40:58,977 | INFO | Carregando payments...
2026-08-14 16:40:58,977 | INFO | Lendo arquivo: dados\raw\olist\olist_order_payments_dataset.csv
2026-08-14 16:40:59,076 | INFO | 103886 registros carregados.
2026-08-14 16:40:59,076 | INFO | 103886 registros carregados em 'payments'.
2026-08-14 16:40:59,076 | INFO | Carregando reviews...
2026-08-14 16:40:59,077 | INFO | Lendo arquivo: dados\raw\olist\olist_order_reviews_dataset.csv
2026-08-14 16:40:59,377 | INFO | 99224 registros carregados.
2026-08-14 16:40:59,377 | INFO | 99224 registros carregados em 'reviews'.
2026-08-14 16:40:59,377 | INFO | Carregando sellers...
2026-08-14 16:40:59,377 | INFO | Lendo arquivo: dados\raw\olist\olist_sellers_dataset.csv
2026-08-14 16:40:59,391 | INFO | 3095 registros carregados.
2026-08-14 16:40:59,391 | INFO | 3095 registros carregados em 'sellers'.
2026-08-14 16:40:59,391 | INFO | Carregando geolocation...
2026-08-14 16:40:59,392 | INFO | Lendo arquivo: dados\raw\olist\olist_geolocation_dataset.csv
2026-08-14 16:40:59,976 | INFO | 1000163 registros carregados.
2026-08-14 16:40:59,976 | INFO | 1000163 registros carregados em 'geolocation'.
2026-08-14 16:40:59,976 | INFO | Fonte CSV finalizada.
2026-08-14 16:40:59,976 | INFO | ============================================================
2026-08-14 16:40:59,976 | INFO | DATASETS CARREGADOS
2026-08-14 16:40:59,976 | INFO | ============================================================
2026-08-14 16:40:59,977 | INFO | ============================================================
2026-08-14 16:40:59,977 | INFO | INTEGRANDO PEDIDOS + ITENS
2026-08-14 16:40:59,977 | INFO | ============================================================
2026-08-14 16:41:00,080 | INFO | 99441 pedidos enriquecidos com itens.
2026-08-14 16:41:00,081 | INFO | ============================================================
2026-08-14 16:41:00,081 | INFO | INTEGRANDO PEDIDOS + CLIENTES
2026-08-14 16:41:00,081 | INFO | ============================================================
2026-08-14 16:41:00,128 | INFO | 99441 pedidos enriquecidos com clientes.
2026-08-14 16:41:00,128 | INFO | ============================================================
2026-08-14 16:41:00,128 | INFO | INTEGRANDO ITENS + PRODUTOS
2026-08-14 16:41:00,128 | INFO | ============================================================
2026-08-14 16:41:00,156 | INFO | 112650 itens enriquecidos com produtos.
2026-08-14 16:41:00,156 | INFO | ============================================================
2026-08-14 16:41:00,156 | INFO | INTEGRANDO PEDIDOS + PAGAMENTOS
2026-08-14 16:41:00,156 | INFO | ============================================================
2026-08-14 16:41:00,288 | INFO | 99441 pedidos enriquecidos com pagamentos.
2026-08-14 16:41:00,288 | INFO | ============================================================
2026-08-14 16:41:00,289 | INFO | INTEGRANDO PEDIDOS + REVIEWS
2026-08-14 16:41:00,289 | INFO | ============================================================
2026-08-14 16:41:00,412 | INFO | 99441 pedidos enriquecidos com reviews.
2026-08-14 16:41:00,412 | INFO | ============================================================
2026-08-14 16:41:00,413 | INFO | INTEGRANDO ITENS + SELLERS
2026-08-14 16:41:00,413 | INFO | ============================================================
2026-08-14 16:41:00,431 | INFO | 112650 itens enriquecidos com sellers.
2026-08-14 16:41:00,431 | INFO | ============================================================
2026-08-14 16:41:00,431 | INFO | INTEGRANDO SELLERS + GEOLOCATION
2026-08-14 16:41:00,432 | INFO | ============================================================
2026-08-14 16:41:00,648 | INFO | 3095 sellers enriquecidos com geolocation.
2026-08-14 16:41:01,029 | INFO | Iniciando exportação para Excel: dados\processed\business_analytics.xlsx
2026-08-14 16:41:01,029 | INFO | Removendo arquivo Excel anterior.
2026-08-14 16:41:01,031 | INFO | Exportando aba 'Resumo' com 1 registros.
2026-08-14 16:41:01,036 | INFO | Exportando aba 'Top_Sellers' com 10 registros.
2026-08-14 16:41:01,038 | INFO | Exportando aba 'Frete' com 10 registros.
2026-08-14 16:41:01,039 | INFO | Exportando aba 'Preco_Medio' com 10 registros.
2026-08-14 16:41:01,042 | INFO | Exportando aba 'Por_Estado' com 23 registros.
2026-08-14 16:41:01,044 | INFO | Exportando aba 'Fato_Vendas' com 112650 registros.
2026-08-14 16:41:56,218 | INFO | Arquivo base Excel criado.
2026-08-14 16:41:56,218 | INFO | Iniciando formatação do Excel.
2026-08-14 16:43:19,650 | INFO | Formatação do Excel concluída.
2026-08-14 16:43:19,650 | INFO | Arquivo Excel gerado com sucesso: dados\processed\business_analytics.xlsx
2026-08-14 16:43:19,650 | INFO | Iniciando criação do Dashboard Excel.
2026-08-14 16:45:11,473 | INFO | Dashboard Excel criado com sucesso.
2026-08-14 16:48:26,294 | INFO | ============================================================
2026-08-14 16:48:26,295 | INFO | CARREGANDO DATASETS
2026-08-14 16:48:26,295 | INFO | ============================================================
2026-08-14 16:48:26,295 | INFO | Fonte CSV inicializada.
2026-08-14 16:48:26,296 | INFO | Carregando orders...
2026-08-14 16:48:26,296 | INFO | Lendo arquivo: dados\raw\olist\olist_orders_dataset.csv
2026-08-14 16:48:26,645 | INFO | 99441 registros carregados.
2026-08-14 16:48:26,646 | INFO | 99441 registros carregados em 'orders'.
2026-08-14 16:48:26,646 | INFO | Carregando order_items...
2026-08-14 16:48:26,646 | INFO | Lendo arquivo: dados\raw\olist\olist_order_items_dataset.csv
2026-08-14 16:48:26,823 | INFO | 112650 registros carregados.
2026-08-14 16:48:26,823 | INFO | 112650 registros carregados em 'order_items'.
2026-08-14 16:48:26,823 | INFO | Carregando customers...
2026-08-14 16:48:26,823 | INFO | Lendo arquivo: dados\raw\olist\olist_customers_dataset.csv
2026-08-14 16:48:26,945 | INFO | 99441 registros carregados.
2026-08-14 16:48:26,945 | INFO | 99441 registros carregados em 'customers'.
2026-08-14 16:48:26,946 | INFO | Carregando products...
2026-08-14 16:48:26,946 | INFO | Lendo arquivo: dados\raw\olist\olist_products_dataset.csv
2026-08-14 16:48:26,986 | INFO | 32951 registros carregados.
2026-08-14 16:48:26,986 | INFO | 32951 registros carregados em 'products'.
2026-08-14 16:48:26,986 | INFO | Carregando payments...
2026-08-14 16:48:26,987 | INFO | Lendo arquivo: dados\raw\olist\olist_order_payments_dataset.csv
2026-08-14 16:48:27,066 | INFO | 103886 registros carregados.
2026-08-14 16:48:27,067 | INFO | 103886 registros carregados em 'payments'.
2026-08-14 16:48:27,067 | INFO | Carregando reviews...
2026-08-14 16:48:27,067 | INFO | Lendo arquivo: dados\raw\olist\olist_order_reviews_dataset.csv
2026-08-14 16:48:27,345 | INFO | 99224 registros carregados.
2026-08-14 16:48:27,346 | INFO | 99224 registros carregados em 'reviews'.
2026-08-14 16:48:27,346 | INFO | Carregando sellers...
2026-08-14 16:48:27,346 | INFO | Lendo arquivo: dados\raw\olist\olist_sellers_dataset.csv
2026-08-14 16:48:27,350 | INFO | 3095 registros carregados.
2026-08-14 16:48:27,351 | INFO | 3095 registros carregados em 'sellers'.
2026-08-14 16:48:27,351 | INFO | Carregando geolocation...
2026-08-14 16:48:27,351 | INFO | Lendo arquivo: dados\raw\olist\olist_geolocation_dataset.csv
2026-08-14 16:48:27,912 | INFO | 1000163 registros carregados.
2026-08-14 16:48:27,912 | INFO | 1000163 registros carregados em 'geolocation'.
2026-08-14 16:48:27,912 | INFO | Fonte CSV finalizada.
2026-08-14 16:48:27,912 | INFO | ============================================================
2026-08-14 16:48:27,912 | INFO | DATASETS CARREGADOS
2026-08-14 16:48:27,913 | INFO | ============================================================
2026-08-14 16:48:27,913 | INFO | ============================================================
2026-08-14 16:48:27,913 | INFO | INTEGRANDO PEDIDOS + ITENS
2026-08-14 16:48:27,913 | INFO | ============================================================
2026-08-14 16:48:27,978 | INFO | 99441 pedidos enriquecidos com itens.
2026-08-14 16:48:27,978 | INFO | ============================================================
2026-08-14 16:48:27,979 | INFO | INTEGRANDO PEDIDOS + CLIENTES
2026-08-14 16:48:27,979 | INFO | ============================================================
2026-08-14 16:48:28,016 | INFO | 99441 pedidos enriquecidos com clientes.
2026-08-14 16:48:28,016 | INFO | ============================================================
2026-08-14 16:48:28,016 | INFO | INTEGRANDO ITENS + PRODUTOS
2026-08-14 16:48:28,017 | INFO | ============================================================
2026-08-14 16:48:28,043 | INFO | 112650 itens enriquecidos com produtos.
2026-08-14 16:48:28,044 | INFO | ============================================================
2026-08-14 16:48:28,044 | INFO | INTEGRANDO PEDIDOS + PAGAMENTOS
2026-08-14 16:48:28,044 | INFO | ============================================================
2026-08-14 16:48:28,156 | INFO | 99441 pedidos enriquecidos com pagamentos.
2026-08-14 16:48:28,157 | INFO | ============================================================
2026-08-14 16:48:28,157 | INFO | INTEGRANDO PEDIDOS + REVIEWS
2026-08-14 16:48:28,157 | INFO | ============================================================
2026-08-14 16:48:28,263 | INFO | 99441 pedidos enriquecidos com reviews.
2026-08-14 16:48:28,263 | INFO | ============================================================
2026-08-14 16:48:28,263 | INFO | INTEGRANDO ITENS + SELLERS
2026-08-14 16:48:28,263 | INFO | ============================================================
2026-08-14 16:48:28,282 | INFO | 112650 itens enriquecidos com sellers.
2026-08-14 16:48:28,283 | INFO | ============================================================
2026-08-14 16:48:28,283 | INFO | INTEGRANDO SELLERS + GEOLOCATION
2026-08-14 16:48:28,283 | INFO | ============================================================
2026-08-14 16:48:28,490 | INFO | 3095 sellers enriquecidos com geolocation.
2026-08-14 16:48:28,839 | INFO | Iniciando exportação para Excel: dados\processed\business_analytics.xlsx
2026-08-14 16:48:28,839 | INFO | Removendo arquivo Excel anterior.
2026-08-14 16:48:28,845 | INFO | Exportando aba 'Resumo' com 1 registros.
2026-08-14 16:48:28,849 | INFO | Exportando aba 'Top_Sellers' com 10 registros.
2026-08-14 16:48:28,850 | INFO | Exportando aba 'Frete' com 10 registros.
2026-08-14 16:48:28,852 | INFO | Exportando aba 'Preco_Medio' com 10 registros.
2026-08-14 16:48:28,853 | INFO | Exportando aba 'Por_Estado' com 23 registros.
2026-08-14 16:48:28,854 | INFO | Exportando aba 'Fato_Vendas' com 112650 registros.
2026-08-14 16:49:24,216 | INFO | Arquivo base Excel criado.
2026-08-14 16:49:24,216 | INFO | Iniciando formatação do Excel.
2026-08-14 16:50:48,521 | INFO | Formatação do Excel concluída.
2026-08-14 16:50:48,522 | INFO | Arquivo Excel gerado com sucesso: dados\processed\business_analytics.xlsx
2026-08-14 16:50:48,522 | INFO | Iniciando criação do Dashboard Excel.
2026-08-14 16:55:06,990 | INFO | ============================================================
2026-08-14 16:55:06,990 | INFO | CARREGANDO DATASETS
2026-08-14 16:55:06,991 | INFO | ============================================================
2026-08-14 16:55:06,991 | INFO | Fonte CSV inicializada.
2026-08-14 16:55:06,991 | INFO | Carregando orders...
2026-08-14 16:55:06,991 | INFO | Lendo arquivo: dados\raw\olist\olist_orders_dataset.csv
2026-08-14 16:55:07,339 | INFO | 99441 registros carregados.
2026-08-14 16:55:07,339 | INFO | 99441 registros carregados em 'orders'.
2026-08-14 16:55:07,339 | INFO | Carregando order_items...
2026-08-14 16:55:07,339 | INFO | Lendo arquivo: dados\raw\olist\olist_order_items_dataset.csv
2026-08-14 16:55:07,525 | INFO | 112650 registros carregados.
2026-08-14 16:55:07,525 | INFO | 112650 registros carregados em 'order_items'.
2026-08-14 16:55:07,525 | INFO | Carregando customers...
2026-08-14 16:55:07,525 | INFO | Lendo arquivo: dados\raw\olist\olist_customers_dataset.csv
2026-08-14 16:55:07,650 | INFO | 99441 registros carregados.
2026-08-14 16:55:07,650 | INFO | 99441 registros carregados em 'customers'.
2026-08-14 16:55:07,651 | INFO | Carregando products...
2026-08-14 16:55:07,651 | INFO | Lendo arquivo: dados\raw\olist\olist_products_dataset.csv
2026-08-14 16:55:07,690 | INFO | 32951 registros carregados.
2026-08-14 16:55:07,691 | INFO | 32951 registros carregados em 'products'.
2026-08-14 16:55:07,691 | INFO | Carregando payments...
2026-08-14 16:55:07,691 | INFO | Lendo arquivo: dados\raw\olist\olist_order_payments_dataset.csv
2026-08-14 16:55:07,773 | INFO | 103886 registros carregados.
2026-08-14 16:55:07,773 | INFO | 103886 registros carregados em 'payments'.
2026-08-14 16:55:07,773 | INFO | Carregando reviews...
2026-08-14 16:55:07,773 | INFO | Lendo arquivo: dados\raw\olist\olist_order_reviews_dataset.csv
2026-08-14 16:55:08,046 | INFO | 99224 registros carregados.
2026-08-14 16:55:08,046 | INFO | 99224 registros carregados em 'reviews'.
2026-08-14 16:55:08,046 | INFO | Carregando sellers...
2026-08-14 16:55:08,047 | INFO | Lendo arquivo: dados\raw\olist\olist_sellers_dataset.csv
2026-08-14 16:55:08,051 | INFO | 3095 registros carregados.
2026-08-14 16:55:08,051 | INFO | 3095 registros carregados em 'sellers'.
2026-08-14 16:55:08,052 | INFO | Carregando geolocation...
2026-08-14 16:55:08,052 | INFO | Lendo arquivo: dados\raw\olist\olist_geolocation_dataset.csv
2026-08-14 16:55:08,634 | INFO | 1000163 registros carregados.
2026-08-14 16:55:08,635 | INFO | 1000163 registros carregados em 'geolocation'.
2026-08-14 16:55:08,635 | INFO | Fonte CSV finalizada.
2026-08-14 16:55:08,635 | INFO | ============================================================
2026-08-14 16:55:08,635 | INFO | DATASETS CARREGADOS
2026-08-14 16:55:08,635 | INFO | ============================================================
2026-08-14 16:55:08,635 | INFO | ============================================================
2026-08-14 16:55:08,635 | INFO | INTEGRANDO PEDIDOS + ITENS
2026-08-14 16:55:08,635 | INFO | ============================================================
2026-08-14 16:55:08,711 | INFO | 99441 pedidos enriquecidos com itens.
2026-08-14 16:55:08,711 | INFO | ============================================================
2026-08-14 16:55:08,711 | INFO | INTEGRANDO PEDIDOS + CLIENTES
2026-08-14 16:55:08,711 | INFO | ============================================================
2026-08-14 16:55:08,759 | INFO | 99441 pedidos enriquecidos com clientes.
2026-08-14 16:55:08,760 | INFO | ============================================================
2026-08-14 16:55:08,760 | INFO | INTEGRANDO ITENS + PRODUTOS
2026-08-14 16:55:08,760 | INFO | ============================================================
2026-08-14 16:55:08,787 | INFO | 112650 itens enriquecidos com produtos.
2026-08-14 16:55:08,787 | INFO | ============================================================
2026-08-14 16:55:08,787 | INFO | INTEGRANDO PEDIDOS + PAGAMENTOS
2026-08-14 16:55:08,787 | INFO | ============================================================
2026-08-14 16:55:08,928 | INFO | 99441 pedidos enriquecidos com pagamentos.
2026-08-14 16:55:08,928 | INFO | ============================================================
2026-08-14 16:55:08,929 | INFO | INTEGRANDO PEDIDOS + REVIEWS
2026-08-14 16:55:08,929 | INFO | ============================================================
2026-08-14 16:55:09,060 | INFO | 99441 pedidos enriquecidos com reviews.
2026-08-14 16:55:09,060 | INFO | ============================================================
2026-08-14 16:55:09,060 | INFO | INTEGRANDO ITENS + SELLERS
2026-08-14 16:55:09,061 | INFO | ============================================================
2026-08-14 16:55:09,082 | INFO | 112650 itens enriquecidos com sellers.
2026-08-14 16:55:09,082 | INFO | ============================================================
2026-08-14 16:55:09,082 | INFO | INTEGRANDO SELLERS + GEOLOCATION
2026-08-14 16:55:09,082 | INFO | ============================================================
2026-08-14 16:55:09,295 | INFO | 3095 sellers enriquecidos com geolocation.
2026-08-14 16:55:09,693 | INFO | Iniciando exportação para Excel: dados\processed\business_analytics.xlsx
2026-08-14 16:55:09,693 | INFO | Removendo arquivo Excel anterior.
2026-08-14 16:55:09,700 | INFO | Exportando aba 'Resumo' com 1 registros.
2026-08-14 16:55:09,704 | INFO | Exportando aba 'Top_Sellers' com 10 registros.
2026-08-14 16:55:09,705 | INFO | Exportando aba 'Frete' com 10 registros.
2026-08-14 16:55:09,707 | INFO | Exportando aba 'Preco_Medio' com 10 registros.
2026-08-14 16:55:09,708 | INFO | Exportando aba 'Por_Estado' com 23 registros.
2026-08-14 16:55:09,710 | INFO | Exportando aba 'Fato_Vendas' com 112650 registros.
2026-08-14 16:56:04,412 | INFO | Arquivo base Excel criado.
2026-08-14 16:56:04,412 | INFO | Iniciando formatação do Excel.
2026-08-14 16:57:28,500 | INFO | Formatação do Excel concluída.
2026-08-14 16:57:28,501 | INFO | Arquivo Excel gerado com sucesso: dados\processed\business_analytics.xlsx
2026-08-14 16:57:28,501 | INFO | Iniciando criação do Dashboard Excel.
2026-08-14 16:58:45,929 | INFO | Dashboard Excel criado com sucesso.
2026-08-14 17:11:18,395 | INFO | ============================================================
2026-08-14 17:11:18,395 | INFO | CARREGANDO DATASETS
2026-08-14 17:11:18,395 | INFO | ============================================================
2026-08-14 17:11:18,395 | INFO | Fonte CSV inicializada.
2026-08-14 17:11:18,396 | INFO | Carregando orders...
2026-08-14 17:11:18,396 | INFO | Lendo arquivo: dados\raw\olist\olist_orders_dataset.csv
2026-08-14 17:11:18,751 | INFO | 99441 registros carregados.
2026-08-14 17:11:18,752 | INFO | 99441 registros carregados em 'orders'.
2026-08-14 17:11:18,752 | INFO | Carregando order_items...
2026-08-14 17:11:18,752 | INFO | Lendo arquivo: dados\raw\olist\olist_order_items_dataset.csv
2026-08-14 17:11:18,950 | INFO | 112650 registros carregados.
2026-08-14 17:11:18,950 | INFO | 112650 registros carregados em 'order_items'.
2026-08-14 17:11:18,951 | INFO | Carregando customers...
2026-08-14 17:11:18,951 | INFO | Lendo arquivo: dados\raw\olist\olist_customers_dataset.csv
2026-08-14 17:11:19,074 | INFO | 99441 registros carregados.
2026-08-14 17:11:19,074 | INFO | 99441 registros carregados em 'customers'.
2026-08-14 17:11:19,074 | INFO | Carregando products...
2026-08-14 17:11:19,075 | INFO | Lendo arquivo: dados\raw\olist\olist_products_dataset.csv
2026-08-14 17:11:19,114 | INFO | 32951 registros carregados.
2026-08-14 17:11:19,115 | INFO | 32951 registros carregados em 'products'.
2026-08-14 17:11:19,115 | INFO | Carregando payments...
2026-08-14 17:11:19,115 | INFO | Lendo arquivo: dados\raw\olist\olist_order_payments_dataset.csv
2026-08-14 17:11:19,197 | INFO | 103886 registros carregados.
2026-08-14 17:11:19,197 | INFO | 103886 registros carregados em 'payments'.
2026-08-14 17:11:19,197 | INFO | Carregando reviews...
2026-08-14 17:11:19,197 | INFO | Lendo arquivo: dados\raw\olist\olist_order_reviews_dataset.csv
2026-08-14 17:11:19,476 | INFO | 99224 registros carregados.
2026-08-14 17:11:19,477 | INFO | 99224 registros carregados em 'reviews'.
2026-08-14 17:11:19,477 | INFO | Carregando sellers...
2026-08-14 17:11:19,477 | INFO | Lendo arquivo: dados\raw\olist\olist_sellers_dataset.csv
2026-08-14 17:11:19,482 | INFO | 3095 registros carregados.
2026-08-14 17:11:19,482 | INFO | 3095 registros carregados em 'sellers'.
2026-08-14 17:11:19,482 | INFO | Carregando geolocation...
2026-08-14 17:11:19,482 | INFO | Lendo arquivo: dados\raw\olist\olist_geolocation_dataset.csv
2026-08-14 17:11:20,053 | INFO | 1000163 registros carregados.
2026-08-14 17:11:20,053 | INFO | 1000163 registros carregados em 'geolocation'.
2026-08-14 17:11:20,053 | INFO | Fonte CSV finalizada.
2026-08-14 17:11:20,053 | INFO | ============================================================
2026-08-14 17:11:20,053 | INFO | DATASETS CARREGADOS
2026-08-14 17:11:20,053 | INFO | ============================================================
2026-08-14 17:11:20,053 | INFO | ============================================================
2026-08-14 17:11:20,054 | INFO | INTEGRANDO PEDIDOS + ITENS
2026-08-14 17:11:20,054 | INFO | ============================================================
2026-08-14 17:11:20,125 | INFO | 99441 pedidos enriquecidos com itens.
2026-08-14 17:11:20,126 | INFO | ============================================================
2026-08-14 17:11:20,126 | INFO | INTEGRANDO PEDIDOS + CLIENTES
2026-08-14 17:11:20,126 | INFO | ============================================================
2026-08-14 17:11:20,170 | INFO | 99441 pedidos enriquecidos com clientes.
2026-08-14 17:11:20,170 | INFO | ============================================================
2026-08-14 17:11:20,170 | INFO | INTEGRANDO ITENS + PRODUTOS
2026-08-14 17:11:20,170 | INFO | ============================================================
2026-08-14 17:11:20,197 | INFO | 112650 itens enriquecidos com produtos.
2026-08-14 17:11:20,197 | INFO | ============================================================
2026-08-14 17:11:20,197 | INFO | INTEGRANDO PEDIDOS + PAGAMENTOS
2026-08-14 17:11:20,197 | INFO | ============================================================
2026-08-14 17:11:20,321 | INFO | 99441 pedidos enriquecidos com pagamentos.
2026-08-14 17:11:20,322 | INFO | ============================================================
2026-08-14 17:11:20,322 | INFO | INTEGRANDO PEDIDOS + REVIEWS
2026-08-14 17:11:20,322 | INFO | ============================================================
2026-08-14 17:11:20,429 | INFO | 99441 pedidos enriquecidos com reviews.
2026-08-14 17:11:20,429 | INFO | ============================================================
2026-08-14 17:11:20,429 | INFO | INTEGRANDO ITENS + SELLERS
2026-08-14 17:11:20,430 | INFO | ============================================================
2026-08-14 17:11:20,450 | INFO | 112650 itens enriquecidos com sellers.
2026-08-14 17:11:20,450 | INFO | ============================================================
2026-08-14 17:11:20,450 | INFO | INTEGRANDO SELLERS + GEOLOCATION
2026-08-14 17:11:20,450 | INFO | ============================================================
2026-08-14 17:11:20,658 | INFO | 3095 sellers enriquecidos com geolocation.
2026-08-14 17:11:21,026 | INFO | Iniciando exportação para Excel: dados\processed\business_analytics.xlsx
2026-08-14 17:11:21,027 | INFO | Removendo arquivo Excel anterior.
2026-08-14 17:11:21,033 | INFO | Exportando aba 'Resumo' com 1 registros.
2026-08-14 17:11:21,037 | INFO | Exportando aba 'Top_Sellers' com 10 registros.
2026-08-14 17:11:21,038 | INFO | Exportando aba 'Frete' com 10 registros.
2026-08-14 17:11:21,040 | INFO | Exportando aba 'Preco_Medio' com 10 registros.
2026-08-14 17:11:21,041 | INFO | Exportando aba 'Por_Estado' com 23 registros.
2026-08-14 17:11:21,042 | INFO | Exportando aba 'Fato_Vendas' com 112650 registros.
2026-08-14 17:12:16,151 | INFO | Arquivo base Excel criado.
2026-08-14 17:12:16,152 | INFO | Iniciando formatação do Excel.
2026-08-14 17:13:39,489 | INFO | Formatação do Excel concluída.
2026-08-14 17:13:39,490 | INFO | Arquivo Excel gerado com sucesso: dados\processed\business_analytics.xlsx
2026-08-14 17:13:39,490 | INFO | Iniciando criação do Dashboard Excel.
2026-08-14 17:14:57,588 | INFO | Dashboard Excel criado com sucesso.
2026-08-17 10:23:45,947 | INFO | ============================================================
2026-08-17 10:23:45,947 | INFO | CARREGANDO DATASETS
2026-08-17 10:23:45,948 | INFO | ============================================================
2026-08-17 10:23:45,948 | INFO | Fonte CSV inicializada.
2026-08-17 10:23:45,948 | INFO | Carregando orders...
2026-08-17 10:23:45,948 | INFO | Lendo arquivo: dados\raw\olist\olist_orders_dataset.csv
2026-08-17 10:23:46,267 | INFO | 99441 registros carregados.
2026-08-17 10:23:46,267 | INFO | 99441 registros carregados em 'orders'.
2026-08-17 10:23:46,267 | INFO | Carregando order_items...
2026-08-17 10:23:46,267 | INFO | Lendo arquivo: dados\raw\olist\olist_order_items_dataset.csv
2026-08-17 10:23:46,460 | INFO | 112650 registros carregados.
2026-08-17 10:23:46,460 | INFO | 112650 registros carregados em 'order_items'.
2026-08-17 10:23:46,460 | INFO | Carregando customers...
2026-08-17 10:23:46,460 | INFO | Lendo arquivo: dados\raw\olist\olist_customers_dataset.csv
2026-08-17 10:23:46,603 | INFO | 99441 registros carregados.
2026-08-17 10:23:46,603 | INFO | 99441 registros carregados em 'customers'.
2026-08-17 10:23:46,603 | INFO | Carregando products...
2026-08-17 10:23:46,604 | INFO | Lendo arquivo: dados\raw\olist\olist_products_dataset.csv
2026-08-17 10:23:46,659 | INFO | 32951 registros carregados.
2026-08-17 10:23:46,659 | INFO | 32951 registros carregados em 'products'.
2026-08-17 10:23:46,660 | INFO | Carregando payments...
2026-08-17 10:23:46,660 | INFO | Lendo arquivo: dados\raw\olist\olist_order_payments_dataset.csv
2026-08-17 10:23:46,752 | INFO | 103886 registros carregados.
2026-08-17 10:23:46,752 | INFO | 103886 registros carregados em 'payments'.
2026-08-17 10:23:46,752 | INFO | Carregando reviews...
2026-08-17 10:23:46,752 | INFO | Lendo arquivo: dados\raw\olist\olist_order_reviews_dataset.csv
2026-08-17 10:23:47,044 | INFO | 99224 registros carregados.
2026-08-17 10:23:47,044 | INFO | 99224 registros carregados em 'reviews'.
2026-08-17 10:23:47,044 | INFO | Carregando sellers...
2026-08-17 10:23:47,044 | INFO | Lendo arquivo: dados\raw\olist\olist_sellers_dataset.csv
2026-08-17 10:23:47,059 | INFO | 3095 registros carregados.
2026-08-17 10:23:47,059 | INFO | 3095 registros carregados em 'sellers'.
2026-08-17 10:23:47,059 | INFO | Carregando geolocation...
2026-08-17 10:23:47,060 | INFO | Lendo arquivo: dados\raw\olist\olist_geolocation_dataset.csv
2026-08-17 10:23:47,626 | INFO | 1000163 registros carregados.
2026-08-17 10:23:47,626 | INFO | 1000163 registros carregados em 'geolocation'.
2026-08-17 10:23:47,627 | INFO | Fonte CSV finalizada.
2026-08-17 10:23:47,627 | INFO | ============================================================
2026-08-17 10:23:47,627 | INFO | DATASETS CARREGADOS
2026-08-17 10:23:47,627 | INFO | ============================================================
2026-08-17 10:23:47,627 | INFO | ============================================================
2026-08-17 10:23:47,627 | INFO | INTEGRANDO PEDIDOS + ITENS
2026-08-17 10:23:47,627 | INFO | ============================================================
2026-08-17 10:23:47,725 | INFO | 99441 pedidos enriquecidos com itens.
2026-08-17 10:23:47,725 | INFO | ============================================================
2026-08-17 10:23:47,725 | INFO | INTEGRANDO PEDIDOS + CLIENTES
2026-08-17 10:23:47,725 | INFO | ============================================================
2026-08-17 10:23:47,770 | INFO | 99441 pedidos enriquecidos com clientes.
2026-08-17 10:23:47,771 | INFO | ============================================================
2026-08-17 10:23:47,771 | INFO | INTEGRANDO ITENS + PRODUTOS
2026-08-17 10:23:47,771 | INFO | ============================================================
2026-08-17 10:23:47,796 | INFO | 112650 itens enriquecidos com produtos.
2026-08-17 10:23:47,797 | INFO | ============================================================
2026-08-17 10:23:47,797 | INFO | INTEGRANDO PEDIDOS + PAGAMENTOS
2026-08-17 10:23:47,797 | INFO | ============================================================
2026-08-17 10:23:47,910 | INFO | 99441 pedidos enriquecidos com pagamentos.
2026-08-17 10:23:47,911 | INFO | ============================================================
2026-08-17 10:23:47,911 | INFO | INTEGRANDO PEDIDOS + REVIEWS
2026-08-17 10:23:47,911 | INFO | ============================================================
2026-08-17 10:23:48,020 | INFO | 99441 pedidos enriquecidos com reviews.
2026-08-17 10:23:48,020 | INFO | ============================================================
2026-08-17 10:23:48,020 | INFO | INTEGRANDO ITENS + SELLERS
2026-08-17 10:23:48,021 | INFO | ============================================================
2026-08-17 10:23:48,039 | INFO | 112650 itens enriquecidos com sellers.
2026-08-17 10:23:48,039 | INFO | ============================================================
2026-08-17 10:23:48,039 | INFO | INTEGRANDO SELLERS + GEOLOCATION
2026-08-17 10:23:48,039 | INFO | ============================================================
2026-08-17 10:23:48,259 | INFO | 3095 sellers enriquecidos com geolocation.
2026-08-17 10:23:48,649 | INFO | Iniciando exportação para Excel: dados\processed\business_analytics.xlsx
2026-08-17 10:23:48,649 | INFO | Removendo arquivo Excel anterior.
2026-08-17 10:23:48,651 | INFO | Exportando aba 'Resumo' com 1 registros.
2026-08-17 10:23:48,656 | INFO | Exportando aba 'Top_Sellers' com 10 registros.
2026-08-17 10:23:48,657 | INFO | Exportando aba 'Frete' com 10 registros.
2026-08-17 10:23:48,659 | INFO | Exportando aba 'Preco_Medio' com 10 registros.
2026-08-17 10:23:48,660 | INFO | Exportando aba 'Por_Estado' com 23 registros.
2026-08-17 10:23:48,661 | INFO | Exportando aba 'Fato_Vendas' com 112650 registros.
2026-08-17 10:24:58,815 | INFO | Arquivo base Excel criado.
2026-08-17 10:24:58,815 | INFO | Iniciando formatação do Excel.
2026-08-17 10:26:41,738 | INFO | Formatação do Excel concluída.
2026-08-17 10:26:41,739 | INFO | Arquivo Excel gerado com sucesso: dados\processed\business_analytics.xlsx
2026-08-17 10:26:41,739 | INFO | Iniciando criação do Dashboard Excel.
2026-08-17 10:28:02,772 | INFO | Dashboard Excel criado com sucesso.
2026-08-17 10:37:15,700 | INFO | ============================================================
2026-08-17 10:37:15,700 | INFO | CARREGANDO DATASETS
2026-08-17 10:37:15,701 | INFO | ============================================================
2026-08-17 10:37:15,701 | INFO | Fonte CSV inicializada.
2026-08-17 10:37:15,701 | INFO | Carregando orders...
2026-08-17 10:37:15,702 | INFO | Lendo arquivo: dados\raw\olist\olist_orders_dataset.csv
2026-08-17 10:37:16,056 | INFO | 99441 registros carregados.
2026-08-17 10:37:16,057 | INFO | 99441 registros carregados em 'orders'.
2026-08-17 10:37:16,057 | INFO | Carregando order_items...
2026-08-17 10:37:16,057 | INFO | Lendo arquivo: dados\raw\olist\olist_order_items_dataset.csv
2026-08-17 10:37:16,236 | INFO | 112650 registros carregados.
2026-08-17 10:37:16,236 | INFO | 112650 registros carregados em 'order_items'.
2026-08-17 10:37:16,236 | INFO | Carregando customers...
2026-08-17 10:37:16,236 | INFO | Lendo arquivo: dados\raw\olist\olist_customers_dataset.csv
2026-08-17 10:37:16,361 | INFO | 99441 registros carregados.
2026-08-17 10:37:16,361 | INFO | 99441 registros carregados em 'customers'.
2026-08-17 10:37:16,361 | INFO | Carregando products...
2026-08-17 10:37:16,361 | INFO | Lendo arquivo: dados\raw\olist\olist_products_dataset.csv
2026-08-17 10:37:16,404 | INFO | 32951 registros carregados.
2026-08-17 10:37:16,404 | INFO | 32951 registros carregados em 'products'.
2026-08-17 10:37:16,405 | INFO | Carregando payments...
2026-08-17 10:37:16,405 | INFO | Lendo arquivo: dados\raw\olist\olist_order_payments_dataset.csv
2026-08-17 10:37:16,489 | INFO | 103886 registros carregados.
2026-08-17 10:37:16,489 | INFO | 103886 registros carregados em 'payments'.
2026-08-17 10:37:16,489 | INFO | Carregando reviews...
2026-08-17 10:37:16,489 | INFO | Lendo arquivo: dados\raw\olist\olist_order_reviews_dataset.csv
2026-08-17 10:37:16,777 | INFO | 99224 registros carregados.
2026-08-17 10:37:16,777 | INFO | 99224 registros carregados em 'reviews'.
2026-08-17 10:37:16,777 | INFO | Carregando sellers...
2026-08-17 10:37:16,777 | INFO | Lendo arquivo: dados\raw\olist\olist_sellers_dataset.csv
2026-08-17 10:37:16,782 | INFO | 3095 registros carregados.
2026-08-17 10:37:16,782 | INFO | 3095 registros carregados em 'sellers'.
2026-08-17 10:37:16,783 | INFO | Carregando geolocation...
2026-08-17 10:37:16,783 | INFO | Lendo arquivo: dados\raw\olist\olist_geolocation_dataset.csv
2026-08-17 10:37:17,365 | INFO | 1000163 registros carregados.
2026-08-17 10:37:17,365 | INFO | 1000163 registros carregados em 'geolocation'.
2026-08-17 10:37:17,365 | INFO | Fonte CSV finalizada.
2026-08-17 10:37:17,365 | INFO | ============================================================
2026-08-17 10:37:17,366 | INFO | DATASETS CARREGADOS
2026-08-17 10:37:17,366 | INFO | ============================================================
2026-08-17 10:37:17,366 | INFO | ============================================================
2026-08-17 10:37:17,366 | INFO | INTEGRANDO PEDIDOS + ITENS
2026-08-17 10:37:17,366 | INFO | ============================================================
2026-08-17 10:37:17,445 | INFO | 99441 pedidos enriquecidos com itens.
2026-08-17 10:37:17,445 | INFO | ============================================================
2026-08-17 10:37:17,445 | INFO | INTEGRANDO PEDIDOS + CLIENTES
2026-08-17 10:37:17,445 | INFO | ============================================================
2026-08-17 10:37:17,506 | INFO | 99441 pedidos enriquecidos com clientes.
2026-08-17 10:37:17,506 | INFO | ============================================================
2026-08-17 10:37:17,506 | INFO | INTEGRANDO ITENS + PRODUTOS
2026-08-17 10:37:17,506 | INFO | ============================================================
2026-08-17 10:37:17,538 | INFO | 112650 itens enriquecidos com produtos.
2026-08-17 10:37:17,538 | INFO | ============================================================
2026-08-17 10:37:17,538 | INFO | INTEGRANDO PEDIDOS + PAGAMENTOS
2026-08-17 10:37:17,538 | INFO | ============================================================
2026-08-17 10:37:17,688 | INFO | 99441 pedidos enriquecidos com pagamentos.
2026-08-17 10:37:17,689 | INFO | ============================================================
2026-08-17 10:37:17,689 | INFO | INTEGRANDO PEDIDOS + REVIEWS
2026-08-17 10:37:17,689 | INFO | ============================================================
2026-08-17 10:37:17,812 | INFO | 99441 pedidos enriquecidos com reviews.
2026-08-17 10:37:17,813 | INFO | ============================================================
2026-08-17 10:37:17,814 | INFO | INTEGRANDO ITENS + SELLERS
2026-08-17 10:37:17,814 | INFO | ============================================================
2026-08-17 10:37:17,836 | INFO | 112650 itens enriquecidos com sellers.
2026-08-17 10:37:17,836 | INFO | ============================================================
2026-08-17 10:37:17,836 | INFO | INTEGRANDO SELLERS + GEOLOCATION
2026-08-17 10:37:17,836 | INFO | ============================================================
2026-08-17 10:37:18,051 | INFO | 3095 sellers enriquecidos com geolocation.
2026-08-17 10:37:18,479 | INFO | Iniciando exportação para Excel: dados\processed\business_analytics.xlsx
2026-08-17 10:37:18,479 | INFO | Removendo arquivo Excel anterior.
2026-08-17 10:38:28,945 | INFO | ============================================================
2026-08-17 10:38:28,945 | INFO | CARREGANDO DATASETS
2026-08-17 10:38:28,945 | INFO | ============================================================
2026-08-17 10:38:28,945 | INFO | Fonte CSV inicializada.
2026-08-17 10:38:28,946 | INFO | Carregando orders...
2026-08-17 10:38:28,946 | INFO | Lendo arquivo: dados\raw\olist\olist_orders_dataset.csv
2026-08-17 10:38:29,259 | INFO | 99441 registros carregados.
2026-08-17 10:38:29,259 | INFO | 99441 registros carregados em 'orders'.
2026-08-17 10:38:29,259 | INFO | Carregando order_items...
2026-08-17 10:38:29,259 | INFO | Lendo arquivo: dados\raw\olist\olist_order_items_dataset.csv
2026-08-17 10:38:29,437 | INFO | 112650 registros carregados.
2026-08-17 10:38:29,437 | INFO | 112650 registros carregados em 'order_items'.
2026-08-17 10:38:29,437 | INFO | Carregando customers...
2026-08-17 10:38:29,437 | INFO | Lendo arquivo: dados\raw\olist\olist_customers_dataset.csv
2026-08-17 10:38:29,560 | INFO | 99441 registros carregados.
2026-08-17 10:38:29,561 | INFO | 99441 registros carregados em 'customers'.
2026-08-17 10:38:29,561 | INFO | Carregando products...
2026-08-17 10:38:29,561 | INFO | Lendo arquivo: dados\raw\olist\olist_products_dataset.csv
2026-08-17 10:38:29,602 | INFO | 32951 registros carregados.
2026-08-17 10:38:29,602 | INFO | 32951 registros carregados em 'products'.
2026-08-17 10:38:29,602 | INFO | Carregando payments...
2026-08-17 10:38:29,602 | INFO | Lendo arquivo: dados\raw\olist\olist_order_payments_dataset.csv
2026-08-17 10:38:29,682 | INFO | 103886 registros carregados.
2026-08-17 10:38:29,682 | INFO | 103886 registros carregados em 'payments'.
2026-08-17 10:38:29,682 | INFO | Carregando reviews...
2026-08-17 10:38:29,682 | INFO | Lendo arquivo: dados\raw\olist\olist_order_reviews_dataset.csv
2026-08-17 10:38:29,981 | INFO | 99224 registros carregados.
2026-08-17 10:38:29,981 | INFO | 99224 registros carregados em 'reviews'.
2026-08-17 10:38:29,981 | INFO | Carregando sellers...
2026-08-17 10:38:29,982 | INFO | Lendo arquivo: dados\raw\olist\olist_sellers_dataset.csv
2026-08-17 10:38:29,986 | INFO | 3095 registros carregados.
2026-08-17 10:38:29,986 | INFO | 3095 registros carregados em 'sellers'.
2026-08-17 10:38:29,986 | INFO | Carregando geolocation...
2026-08-17 10:38:29,987 | INFO | Lendo arquivo: dados\raw\olist\olist_geolocation_dataset.csv
2026-08-17 10:38:30,556 | INFO | 1000163 registros carregados.
2026-08-17 10:38:30,557 | INFO | 1000163 registros carregados em 'geolocation'.
2026-08-17 10:38:30,557 | INFO | Fonte CSV finalizada.
2026-08-17 10:38:30,557 | INFO | ============================================================
2026-08-17 10:38:30,557 | INFO | DATASETS CARREGADOS
2026-08-17 10:38:30,557 | INFO | ============================================================
2026-08-17 10:38:30,557 | INFO | ============================================================
2026-08-17 10:38:30,557 | INFO | INTEGRANDO PEDIDOS + ITENS
2026-08-17 10:38:30,557 | INFO | ============================================================
2026-08-17 10:38:30,621 | INFO | 99441 pedidos enriquecidos com itens.
2026-08-17 10:38:30,622 | INFO | ============================================================
2026-08-17 10:38:30,622 | INFO | INTEGRANDO PEDIDOS + CLIENTES
2026-08-17 10:38:30,622 | INFO | ============================================================
2026-08-17 10:38:30,659 | INFO | 99441 pedidos enriquecidos com clientes.
2026-08-17 10:38:30,659 | INFO | ============================================================
2026-08-17 10:38:30,659 | INFO | INTEGRANDO ITENS + PRODUTOS
2026-08-17 10:38:30,659 | INFO | ============================================================
2026-08-17 10:38:30,686 | INFO | 112650 itens enriquecidos com produtos.
2026-08-17 10:38:30,686 | INFO | ============================================================
2026-08-17 10:38:30,686 | INFO | INTEGRANDO PEDIDOS + PAGAMENTOS
2026-08-17 10:38:30,686 | INFO | ============================================================
2026-08-17 10:38:30,802 | INFO | 99441 pedidos enriquecidos com pagamentos.
2026-08-17 10:38:30,803 | INFO | ============================================================
2026-08-17 10:38:30,803 | INFO | INTEGRANDO PEDIDOS + REVIEWS
2026-08-17 10:38:30,803 | INFO | ============================================================
2026-08-17 10:38:30,923 | INFO | 99441 pedidos enriquecidos com reviews.
2026-08-17 10:38:30,923 | INFO | ============================================================
2026-08-17 10:38:30,923 | INFO | INTEGRANDO ITENS + SELLERS
2026-08-17 10:38:30,923 | INFO | ============================================================
2026-08-17 10:38:30,943 | INFO | 112650 itens enriquecidos com sellers.
2026-08-17 10:38:30,943 | INFO | ============================================================
2026-08-17 10:38:30,943 | INFO | INTEGRANDO SELLERS + GEOLOCATION
2026-08-17 10:38:30,943 | INFO | ============================================================
2026-08-17 10:38:31,149 | INFO | 3095 sellers enriquecidos com geolocation.
2026-08-17 10:38:31,521 | INFO | Iniciando exportação para Excel: dados\processed\business_analytics.xlsx
2026-08-17 10:38:31,521 | INFO | Removendo arquivo Excel anterior.
2026-08-17 10:38:31,526 | INFO | Exportando aba 'Resumo' com 1 registros.
2026-08-17 10:38:31,529 | INFO | Exportando aba 'Top_Sellers' com 10 registros.
2026-08-17 10:38:31,530 | INFO | Exportando aba 'Frete' com 10 registros.
2026-08-17 10:38:31,532 | INFO | Exportando aba 'Preco_Medio' com 10 registros.
2026-08-17 10:38:31,533 | INFO | Exportando aba 'Por_Estado' com 23 registros.
2026-08-17 10:38:31,535 | INFO | Exportando aba 'Fato_Vendas' com 112650 registros.
2026-08-17 10:39:27,321 | INFO | Arquivo base Excel criado.
2026-08-17 10:39:27,321 | INFO | Iniciando formatação do Excel.
2026-08-17 10:40:54,663 | INFO | Formatação do Excel concluída.
2026-08-17 10:40:54,664 | INFO | Arquivo Excel gerado com sucesso: dados\processed\business_analytics.xlsx
2026-08-17 10:40:54,664 | INFO | Iniciando criação do Dashboard Excel.
2026-08-17 10:42:11,593 | INFO | Dashboard Excel criado com sucesso.
2026-08-17 11:04:55,218 | INFO | ============================================================
2026-08-17 11:04:55,218 | INFO | CARREGANDO DATASETS
2026-08-17 11:04:55,218 | INFO | ============================================================
2026-08-17 11:04:55,218 | INFO | Fonte CSV inicializada.
2026-08-17 11:04:55,219 | INFO | Carregando orders...
2026-08-17 11:04:55,219 | INFO | Lendo arquivo: dados\raw\olist\olist_orders_dataset.csv
2026-08-17 11:04:55,527 | INFO | 99441 registros carregados.
2026-08-17 11:04:55,527 | INFO | 99441 registros carregados em 'orders'.
2026-08-17 11:04:55,527 | INFO | Carregando order_items...
2026-08-17 11:04:55,527 | INFO | Lendo arquivo: dados\raw\olist\olist_order_items_dataset.csv
2026-08-17 11:04:55,709 | INFO | 112650 registros carregados.
2026-08-17 11:04:55,709 | INFO | 112650 registros carregados em 'order_items'.
2026-08-17 11:04:55,709 | INFO | Carregando customers...
2026-08-17 11:04:55,709 | INFO | Lendo arquivo: dados\raw\olist\olist_customers_dataset.csv
2026-08-17 11:04:55,835 | INFO | 99441 registros carregados.
2026-08-17 11:04:55,835 | INFO | 99441 registros carregados em 'customers'.
2026-08-17 11:04:55,836 | INFO | Carregando products...
2026-08-17 11:04:55,836 | INFO | Lendo arquivo: dados\raw\olist\olist_products_dataset.csv
2026-08-17 11:04:55,876 | INFO | 32951 registros carregados.
2026-08-17 11:04:55,877 | INFO | 32951 registros carregados em 'products'.
2026-08-17 11:04:55,877 | INFO | Carregando payments...
2026-08-17 11:04:55,877 | INFO | Lendo arquivo: dados\raw\olist\olist_order_payments_dataset.csv
2026-08-17 11:04:55,959 | INFO | 103886 registros carregados.
2026-08-17 11:04:55,959 | INFO | 103886 registros carregados em 'payments'.
2026-08-17 11:04:55,960 | INFO | Carregando reviews...
2026-08-17 11:04:55,960 | INFO | Lendo arquivo: dados\raw\olist\olist_order_reviews_dataset.csv
2026-08-17 11:04:56,229 | INFO | 99224 registros carregados.
2026-08-17 11:04:56,229 | INFO | 99224 registros carregados em 'reviews'.
2026-08-17 11:04:56,229 | INFO | Carregando sellers...
2026-08-17 11:04:56,229 | INFO | Lendo arquivo: dados\raw\olist\olist_sellers_dataset.csv
2026-08-17 11:04:56,233 | INFO | 3095 registros carregados.
2026-08-17 11:04:56,234 | INFO | 3095 registros carregados em 'sellers'.
2026-08-17 11:04:56,234 | INFO | Carregando geolocation...
2026-08-17 11:04:56,234 | INFO | Lendo arquivo: dados\raw\olist\olist_geolocation_dataset.csv
2026-08-17 11:04:56,810 | INFO | 1000163 registros carregados.
2026-08-17 11:04:56,810 | INFO | 1000163 registros carregados em 'geolocation'.
2026-08-17 11:04:56,810 | INFO | Fonte CSV finalizada.
2026-08-17 11:04:56,811 | INFO | ============================================================
2026-08-17 11:04:56,811 | INFO | DATASETS CARREGADOS
2026-08-17 11:04:56,811 | INFO | ============================================================
2026-08-17 11:04:56,811 | INFO | ============================================================
2026-08-17 11:04:56,811 | INFO | INTEGRANDO PEDIDOS + ITENS
2026-08-17 11:04:56,811 | INFO | ============================================================
2026-08-17 11:04:56,881 | INFO | 99441 pedidos enriquecidos com itens.
2026-08-17 11:04:56,881 | INFO | ============================================================
2026-08-17 11:04:56,881 | INFO | INTEGRANDO PEDIDOS + CLIENTES
2026-08-17 11:04:56,881 | INFO | ============================================================
2026-08-17 11:04:56,928 | INFO | 99441 pedidos enriquecidos com clientes.
2026-08-17 11:04:56,929 | INFO | ============================================================
2026-08-17 11:04:56,929 | INFO | INTEGRANDO ITENS + PRODUTOS
2026-08-17 11:04:56,929 | INFO | ============================================================
2026-08-17 11:04:56,954 | INFO | 112650 itens enriquecidos com produtos.
2026-08-17 11:04:56,954 | INFO | ============================================================
2026-08-17 11:04:56,954 | INFO | INTEGRANDO PEDIDOS + PAGAMENTOS
2026-08-17 11:04:56,955 | INFO | ============================================================
2026-08-17 11:04:57,075 | INFO | 99441 pedidos enriquecidos com pagamentos.
2026-08-17 11:04:57,076 | INFO | ============================================================
2026-08-17 11:04:57,076 | INFO | INTEGRANDO PEDIDOS + REVIEWS
2026-08-17 11:04:57,076 | INFO | ============================================================
2026-08-17 11:04:57,188 | INFO | 99441 pedidos enriquecidos com reviews.
2026-08-17 11:04:57,189 | INFO | ============================================================
2026-08-17 11:04:57,189 | INFO | INTEGRANDO ITENS + SELLERS
2026-08-17 11:04:57,189 | INFO | ============================================================
2026-08-17 11:04:57,211 | INFO | 112650 itens enriquecidos com sellers.
2026-08-17 11:04:57,211 | INFO | ============================================================
2026-08-17 11:04:57,211 | INFO | INTEGRANDO SELLERS + GEOLOCATION
2026-08-17 11:04:57,211 | INFO | ============================================================
2026-08-17 11:04:57,427 | INFO | 3095 sellers enriquecidos com geolocation.
2026-08-17 11:04:57,806 | INFO | Iniciando exportação para Excel: dados\processed\business_analytics.xlsx
2026-08-17 11:04:57,806 | INFO | Removendo arquivo Excel anterior.
2026-08-17 11:04:57,811 | INFO | Exportando aba 'Resumo' com 1 registros.
2026-08-17 11:04:57,815 | INFO | Exportando aba 'Top_Sellers' com 10 registros.
2026-08-17 11:04:57,817 | INFO | Exportando aba 'Frete' com 10 registros.
2026-08-17 11:04:57,819 | INFO | Exportando aba 'Preco_Medio' com 10 registros.
2026-08-17 11:04:57,820 | INFO | Exportando aba 'Por_Estado' com 23 registros.
2026-08-17 11:04:57,821 | INFO | Exportando aba 'Fato_Vendas' com 112650 registros.
2026-08-17 11:05:53,820 | INFO | Arquivo base Excel criado.
2026-08-17 11:05:53,820 | INFO | Iniciando formatação do Excel.
2026-08-17 11:07:17,980 | INFO | Formatação do Excel concluída.
2026-08-17 11:07:17,981 | INFO | Arquivo Excel gerado com sucesso: dados\processed\business_analytics.xlsx
2026-08-17 11:07:17,981 | INFO | Iniciando criação do Dashboard Excel.
2026-08-17 11:08:34,780 | INFO | Dashboard Excel criado com sucesso.
2026-08-17 13:12:53,418 | INFO | ============================================================
2026-08-17 13:12:53,418 | INFO | CARREGANDO DATASETS
2026-08-17 13:12:53,419 | INFO | ============================================================
2026-08-17 13:12:53,419 | INFO | Fonte CSV inicializada.
2026-08-17 13:12:53,419 | INFO | Carregando orders...
2026-08-17 13:12:53,419 | INFO | Lendo arquivo: dados\raw\olist\olist_orders_dataset.csv
2026-08-17 13:12:53,756 | INFO | 99441 registros carregados.
2026-08-17 13:12:53,756 | INFO | 99441 registros carregados em 'orders'.
2026-08-17 13:12:53,756 | INFO | Carregando order_items...
2026-08-17 13:12:53,756 | INFO | Lendo arquivo: dados\raw\olist\olist_order_items_dataset.csv
2026-08-17 13:12:53,958 | INFO | 112650 registros carregados.
2026-08-17 13:12:53,958 | INFO | 112650 registros carregados em 'order_items'.
2026-08-17 13:12:53,959 | INFO | Carregando customers...
2026-08-17 13:12:53,959 | INFO | Lendo arquivo: dados\raw\olist\olist_customers_dataset.csv
2026-08-17 13:12:54,099 | INFO | 99441 registros carregados.
2026-08-17 13:12:54,099 | INFO | 99441 registros carregados em 'customers'.
2026-08-17 13:12:54,099 | INFO | Carregando products...
2026-08-17 13:12:54,099 | INFO | Lendo arquivo: dados\raw\olist\olist_products_dataset.csv
2026-08-17 13:12:54,149 | INFO | 32951 registros carregados.
2026-08-17 13:12:54,149 | INFO | 32951 registros carregados em 'products'.
2026-08-17 13:12:54,149 | INFO | Carregando payments...
2026-08-17 13:12:54,149 | INFO | Lendo arquivo: dados\raw\olist\olist_order_payments_dataset.csv
2026-08-17 13:12:54,241 | INFO | 103886 registros carregados.
2026-08-17 13:12:54,242 | INFO | 103886 registros carregados em 'payments'.
2026-08-17 13:12:54,242 | INFO | Carregando reviews...
2026-08-17 13:12:54,242 | INFO | Lendo arquivo: dados\raw\olist\olist_order_reviews_dataset.csv
2026-08-17 13:12:54,535 | INFO | 99224 registros carregados.
2026-08-17 13:12:54,535 | INFO | 99224 registros carregados em 'reviews'.
2026-08-17 13:12:54,535 | INFO | Carregando sellers...
2026-08-17 13:12:54,535 | INFO | Lendo arquivo: dados\raw\olist\olist_sellers_dataset.csv
2026-08-17 13:12:54,548 | INFO | 3095 registros carregados.
2026-08-17 13:12:54,548 | INFO | 3095 registros carregados em 'sellers'.
2026-08-17 13:12:54,548 | INFO | Carregando geolocation...
2026-08-17 13:12:54,549 | INFO | Lendo arquivo: dados\raw\olist\olist_geolocation_dataset.csv
2026-08-17 13:12:55,167 | INFO | 1000163 registros carregados.
2026-08-17 13:12:55,167 | INFO | 1000163 registros carregados em 'geolocation'.
2026-08-17 13:12:55,167 | INFO | Fonte CSV finalizada.
2026-08-17 13:12:55,167 | INFO | ============================================================
2026-08-17 13:12:55,167 | INFO | DATASETS CARREGADOS
2026-08-17 13:12:55,168 | INFO | ============================================================
2026-08-17 13:12:55,168 | INFO | ============================================================
2026-08-17 13:12:55,168 | INFO | INTEGRANDO PEDIDOS + ITENS
2026-08-17 13:12:55,168 | INFO | ============================================================
2026-08-17 13:12:55,254 | INFO | 99441 pedidos enriquecidos com itens.
2026-08-17 13:12:55,255 | INFO | ============================================================
2026-08-17 13:12:55,255 | INFO | INTEGRANDO PEDIDOS + CLIENTES
2026-08-17 13:12:55,255 | INFO | ============================================================
2026-08-17 13:12:55,315 | INFO | 99441 pedidos enriquecidos com clientes.
2026-08-17 13:12:55,315 | INFO | ============================================================
2026-08-17 13:12:55,315 | INFO | INTEGRANDO ITENS + PRODUTOS
2026-08-17 13:12:55,315 | INFO | ============================================================
2026-08-17 13:12:55,349 | INFO | 112650 itens enriquecidos com produtos.
2026-08-17 13:12:55,349 | INFO | ============================================================
2026-08-17 13:12:55,349 | INFO | INTEGRANDO PEDIDOS + PAGAMENTOS
2026-08-17 13:12:55,349 | INFO | ============================================================
2026-08-17 13:12:55,498 | INFO | 99441 pedidos enriquecidos com pagamentos.
2026-08-17 13:12:55,499 | INFO | ============================================================
2026-08-17 13:12:55,499 | INFO | INTEGRANDO PEDIDOS + REVIEWS
2026-08-17 13:12:55,499 | INFO | ============================================================
2026-08-17 13:12:55,639 | INFO | 99441 pedidos enriquecidos com reviews.
2026-08-17 13:12:55,639 | INFO | ============================================================
2026-08-17 13:12:55,639 | INFO | INTEGRANDO ITENS + SELLERS
2026-08-17 13:12:55,639 | INFO | ============================================================
2026-08-17 13:12:55,661 | INFO | 112650 itens enriquecidos com sellers.
2026-08-17 13:12:55,662 | INFO | ============================================================
2026-08-17 13:12:55,662 | INFO | INTEGRANDO SELLERS + GEOLOCATION
2026-08-17 13:12:55,662 | INFO | ============================================================
2026-08-17 13:12:55,903 | INFO | 3095 sellers enriquecidos com geolocation.
2026-08-17 13:12:56,426 | INFO | Iniciando exportação para Excel: dados\processed\business_analytics.xlsx
2026-08-17 13:12:56,427 | INFO | Removendo arquivo Excel anterior.
2026-08-17 13:12:56,433 | INFO | Exportando aba 'Resumo' com 1 registros.
2026-08-17 13:12:56,436 | INFO | Exportando aba 'Top_Sellers' com 10 registros.
2026-08-17 13:12:56,438 | INFO | Exportando aba 'Frete' com 10 registros.
2026-08-17 13:12:56,440 | INFO | Exportando aba 'Preco_Medio' com 10 registros.
2026-08-17 13:12:56,442 | INFO | Exportando aba 'Por_Estado' com 23 registros.
2026-08-17 13:12:56,444 | INFO | Exportando aba 'Fato_Vendas' com 112650 registros.
2026-08-17 13:13:52,269 | INFO | Arquivo base Excel criado.
2026-08-17 13:13:52,270 | INFO | Iniciando formatação do Excel.
2026-08-17 13:15:16,268 | INFO | Formatação do Excel concluída.
2026-08-17 13:15:16,268 | INFO | Arquivo Excel gerado com sucesso: dados\processed\business_analytics.xlsx
2026-08-17 13:15:16,268 | INFO | Iniciando criação do Dashboard Excel.
2026-08-17 13:16:35,766 | INFO | Dashboard Excel criado com sucesso.
2026-08-17 13:20:50,111 | INFO | ============================================================
2026-08-17 13:20:50,111 | INFO | CARREGANDO DATASETS
2026-08-17 13:20:50,111 | INFO | ============================================================
2026-08-17 13:20:50,111 | INFO | Fonte CSV inicializada.
2026-08-17 13:20:50,112 | INFO | Carregando orders...
2026-08-17 13:20:50,112 | INFO | Lendo arquivo: dados\raw\olist\olist_orders_dataset.csv
2026-08-17 13:20:50,465 | INFO | 99441 registros carregados.
2026-08-17 13:20:50,466 | INFO | 99441 registros carregados em 'orders'.
2026-08-17 13:20:50,466 | INFO | Carregando order_items...
2026-08-17 13:20:50,466 | INFO | Lendo arquivo: dados\raw\olist\olist_order_items_dataset.csv
2026-08-17 13:20:50,646 | INFO | 112650 registros carregados.
2026-08-17 13:20:50,646 | INFO | 112650 registros carregados em 'order_items'.
2026-08-17 13:20:50,646 | INFO | Carregando customers...
2026-08-17 13:20:50,646 | INFO | Lendo arquivo: dados\raw\olist\olist_customers_dataset.csv
2026-08-17 13:20:50,772 | INFO | 99441 registros carregados.
2026-08-17 13:20:50,772 | INFO | 99441 registros carregados em 'customers'.
2026-08-17 13:20:50,772 | INFO | Carregando products...
2026-08-17 13:20:50,773 | INFO | Lendo arquivo: dados\raw\olist\olist_products_dataset.csv
2026-08-17 13:20:50,813 | INFO | 32951 registros carregados.
2026-08-17 13:20:50,814 | INFO | 32951 registros carregados em 'products'.
2026-08-17 13:20:50,814 | INFO | Carregando payments...
2026-08-17 13:20:50,814 | INFO | Lendo arquivo: dados\raw\olist\olist_order_payments_dataset.csv
2026-08-17 13:20:50,905 | INFO | 103886 registros carregados.
2026-08-17 13:20:50,905 | INFO | 103886 registros carregados em 'payments'.
2026-08-17 13:20:50,905 | INFO | Carregando reviews...
2026-08-17 13:20:50,905 | INFO | Lendo arquivo: dados\raw\olist\olist_order_reviews_dataset.csv
2026-08-17 13:20:51,188 | INFO | 99224 registros carregados.
2026-08-17 13:20:51,188 | INFO | 99224 registros carregados em 'reviews'.
2026-08-17 13:20:51,188 | INFO | Carregando sellers...
2026-08-17 13:20:51,189 | INFO | Lendo arquivo: dados\raw\olist\olist_sellers_dataset.csv
2026-08-17 13:20:51,193 | INFO | 3095 registros carregados.
2026-08-17 13:20:51,193 | INFO | 3095 registros carregados em 'sellers'.
2026-08-17 13:20:51,193 | INFO | Carregando geolocation...
2026-08-17 13:20:51,194 | INFO | Lendo arquivo: dados\raw\olist\olist_geolocation_dataset.csv
2026-08-17 13:20:51,762 | INFO | 1000163 registros carregados.
2026-08-17 13:20:51,763 | INFO | 1000163 registros carregados em 'geolocation'.
2026-08-17 13:20:51,763 | INFO | Fonte CSV finalizada.
2026-08-17 13:20:51,763 | INFO | ============================================================
2026-08-17 13:20:51,763 | INFO | DATASETS CARREGADOS
2026-08-17 13:20:51,763 | INFO | ============================================================
2026-08-17 13:20:51,763 | INFO | ============================================================
2026-08-17 13:20:51,763 | INFO | INTEGRANDO PEDIDOS + ITENS
2026-08-17 13:20:51,763 | INFO | ============================================================
2026-08-17 13:20:51,828 | INFO | 99441 pedidos enriquecidos com itens.
2026-08-17 13:20:51,828 | INFO | ============================================================
2026-08-17 13:20:51,828 | INFO | INTEGRANDO PEDIDOS + CLIENTES
2026-08-17 13:20:51,828 | INFO | ============================================================
2026-08-17 13:20:51,874 | INFO | 99441 pedidos enriquecidos com clientes.
2026-08-17 13:20:51,874 | INFO | ============================================================
2026-08-17 13:20:51,874 | INFO | INTEGRANDO ITENS + PRODUTOS
2026-08-17 13:20:51,874 | INFO | ============================================================
2026-08-17 13:20:51,899 | INFO | 112650 itens enriquecidos com produtos.
2026-08-17 13:20:51,899 | INFO | ============================================================
2026-08-17 13:20:51,899 | INFO | INTEGRANDO PEDIDOS + PAGAMENTOS
2026-08-17 13:20:51,899 | INFO | ============================================================
2026-08-17 13:20:52,018 | INFO | 99441 pedidos enriquecidos com pagamentos.
2026-08-17 13:20:52,018 | INFO | ============================================================
2026-08-17 13:20:52,018 | INFO | INTEGRANDO PEDIDOS + REVIEWS
2026-08-17 13:20:52,018 | INFO | ============================================================
2026-08-17 13:20:52,132 | INFO | 99441 pedidos enriquecidos com reviews.
2026-08-17 13:20:52,132 | INFO | ============================================================
2026-08-17 13:20:52,132 | INFO | INTEGRANDO ITENS + SELLERS
2026-08-17 13:20:52,132 | INFO | ============================================================
2026-08-17 13:20:52,152 | INFO | 112650 itens enriquecidos com sellers.
2026-08-17 13:20:52,152 | INFO | ============================================================
2026-08-17 13:20:52,153 | INFO | INTEGRANDO SELLERS + GEOLOCATION
2026-08-17 13:20:52,153 | INFO | ============================================================
2026-08-17 13:20:52,364 | INFO | 3095 sellers enriquecidos com geolocation.
2026-08-17 13:20:52,743 | INFO | Iniciando exportação para Excel: dados\processed\business_analytics.xlsx
2026-08-17 13:20:52,744 | INFO | Removendo arquivo Excel anterior.
2026-08-17 13:20:52,750 | INFO | Exportando aba 'Resumo' com 1 registros.
2026-08-17 13:20:52,755 | INFO | Exportando aba 'Top_Sellers' com 10 registros.
2026-08-17 13:20:52,757 | INFO | Exportando aba 'Frete' com 10 registros.
2026-08-17 13:20:52,758 | INFO | Exportando aba 'Preco_Medio' com 10 registros.
2026-08-17 13:20:52,760 | INFO | Exportando aba 'Por_Estado' com 23 registros.
2026-08-17 13:20:52,761 | INFO | Exportando aba 'Fato_Vendas' com 112650 registros.
2026-08-17 13:21:48,565 | INFO | Arquivo base Excel criado.
2026-08-17 13:21:48,565 | INFO | Iniciando formatação do Excel.
2026-08-17 13:23:12,673 | INFO | Formatação do Excel concluída.
2026-08-17 13:23:12,674 | INFO | Arquivo Excel gerado com sucesso: dados\processed\business_analytics.xlsx
2026-08-17 13:23:12,674 | INFO | Iniciando criação do Dashboard Excel.
2026-08-17 13:24:32,117 | INFO | Dashboard Excel criado com sucesso.
2026-08-17 13:28:51,811 | INFO | ============================================================
2026-08-17 13:28:51,811 | INFO | CARREGANDO DATASETS
2026-08-17 13:28:51,811 | INFO | ============================================================
2026-08-17 13:28:51,811 | INFO | Fonte CSV inicializada.
2026-08-17 13:28:51,812 | INFO | Carregando orders...
2026-08-17 13:28:51,812 | INFO | Lendo arquivo: dados\raw\olist\olist_orders_dataset.csv
2026-08-17 13:28:52,147 | INFO | 99441 registros carregados.
2026-08-17 13:28:52,148 | INFO | 99441 registros carregados em 'orders'.
2026-08-17 13:28:52,148 | INFO | Carregando order_items...
2026-08-17 13:28:52,148 | INFO | Lendo arquivo: dados\raw\olist\olist_order_items_dataset.csv
2026-08-17 13:28:52,328 | INFO | 112650 registros carregados.
2026-08-17 13:28:52,328 | INFO | 112650 registros carregados em 'order_items'.
2026-08-17 13:28:52,329 | INFO | Carregando customers...
2026-08-17 13:28:52,329 | INFO | Lendo arquivo: dados\raw\olist\olist_customers_dataset.csv
2026-08-17 13:28:52,450 | INFO | 99441 registros carregados.
2026-08-17 13:28:52,450 | INFO | 99441 registros carregados em 'customers'.
2026-08-17 13:28:52,450 | INFO | Carregando products...
2026-08-17 13:28:52,450 | INFO | Lendo arquivo: dados\raw\olist\olist_products_dataset.csv
2026-08-17 13:28:52,490 | INFO | 32951 registros carregados.
2026-08-17 13:28:52,490 | INFO | 32951 registros carregados em 'products'.
2026-08-17 13:28:52,490 | INFO | Carregando payments...
2026-08-17 13:28:52,491 | INFO | Lendo arquivo: dados\raw\olist\olist_order_payments_dataset.csv
2026-08-17 13:28:52,571 | INFO | 103886 registros carregados.
2026-08-17 13:28:52,571 | INFO | 103886 registros carregados em 'payments'.
2026-08-17 13:28:52,572 | INFO | Carregando reviews...
2026-08-17 13:28:52,572 | INFO | Lendo arquivo: dados\raw\olist\olist_order_reviews_dataset.csv
2026-08-17 13:28:52,843 | INFO | 99224 registros carregados.
2026-08-17 13:28:52,843 | INFO | 99224 registros carregados em 'reviews'.
2026-08-17 13:28:52,843 | INFO | Carregando sellers...
2026-08-17 13:28:52,843 | INFO | Lendo arquivo: dados\raw\olist\olist_sellers_dataset.csv
2026-08-17 13:28:52,848 | INFO | 3095 registros carregados.
2026-08-17 13:28:52,848 | INFO | 3095 registros carregados em 'sellers'.
2026-08-17 13:28:52,848 | INFO | Carregando geolocation...
2026-08-17 13:28:52,848 | INFO | Lendo arquivo: dados\raw\olist\olist_geolocation_dataset.csv
2026-08-17 13:28:53,407 | INFO | 1000163 registros carregados.
2026-08-17 13:28:53,407 | INFO | 1000163 registros carregados em 'geolocation'.
2026-08-17 13:28:53,407 | INFO | Fonte CSV finalizada.
2026-08-17 13:28:53,407 | INFO | ============================================================
2026-08-17 13:28:53,407 | INFO | DATASETS CARREGADOS
2026-08-17 13:28:53,407 | INFO | ============================================================
2026-08-17 13:28:53,408 | INFO | ============================================================
2026-08-17 13:28:53,408 | INFO | INTEGRANDO PEDIDOS + ITENS
2026-08-17 13:28:53,408 | INFO | ============================================================
2026-08-17 13:28:53,470 | INFO | 99441 pedidos enriquecidos com itens.
2026-08-17 13:28:53,471 | INFO | ============================================================
2026-08-17 13:28:53,471 | INFO | INTEGRANDO PEDIDOS + CLIENTES
2026-08-17 13:28:53,471 | INFO | ============================================================
2026-08-17 13:28:53,511 | INFO | 99441 pedidos enriquecidos com clientes.
2026-08-17 13:28:53,512 | INFO | ============================================================
2026-08-17 13:28:53,512 | INFO | INTEGRANDO ITENS + PRODUTOS
2026-08-17 13:28:53,512 | INFO | ============================================================
2026-08-17 13:28:53,539 | INFO | 112650 itens enriquecidos com produtos.
2026-08-17 13:28:53,539 | INFO | ============================================================
2026-08-17 13:28:53,539 | INFO | INTEGRANDO PEDIDOS + PAGAMENTOS
2026-08-17 13:28:53,539 | INFO | ============================================================
2026-08-17 13:28:53,651 | INFO | 99441 pedidos enriquecidos com pagamentos.
2026-08-17 13:28:53,652 | INFO | ============================================================
2026-08-17 13:28:53,652 | INFO | INTEGRANDO PEDIDOS + REVIEWS
2026-08-17 13:28:53,652 | INFO | ============================================================
2026-08-17 13:28:53,758 | INFO | 99441 pedidos enriquecidos com reviews.
2026-08-17 13:28:53,758 | INFO | ============================================================
2026-08-17 13:28:53,758 | INFO | INTEGRANDO ITENS + SELLERS
2026-08-17 13:28:53,758 | INFO | ============================================================
2026-08-17 13:28:53,778 | INFO | 112650 itens enriquecidos com sellers.
2026-08-17 13:28:53,778 | INFO | ============================================================
2026-08-17 13:28:53,778 | INFO | INTEGRANDO SELLERS + GEOLOCATION
2026-08-17 13:28:53,778 | INFO | ============================================================
2026-08-17 13:28:53,984 | INFO | 3095 sellers enriquecidos com geolocation.
2026-08-17 13:28:54,335 | INFO | Iniciando exportação para Excel: dados\processed\business_analytics.xlsx
2026-08-17 13:28:54,335 | INFO | Removendo arquivo Excel anterior.
2026-08-17 13:28:54,340 | INFO | Exportando aba 'Resumo' com 1 registros.
2026-08-17 13:28:54,344 | INFO | Exportando aba 'Top_Sellers' com 10 registros.
2026-08-17 13:28:54,345 | INFO | Exportando aba 'Frete' com 10 registros.
2026-08-17 13:28:54,347 | INFO | Exportando aba 'Preco_Medio' com 10 registros.
2026-08-17 13:28:54,348 | INFO | Exportando aba 'Por_Estado' com 23 registros.
2026-08-17 13:28:54,350 | INFO | Exportando aba 'Fato_Vendas' com 112650 registros.
2026-08-17 13:29:48,795 | INFO | Arquivo base Excel criado.
2026-08-17 13:29:48,795 | INFO | Iniciando formatação do Excel.
2026-08-17 13:31:15,637 | INFO | Formatação do Excel concluída.
2026-08-17 13:31:15,637 | INFO | Arquivo Excel gerado com sucesso: dados\processed\business_analytics.xlsx
2026-08-17 13:31:15,637 | INFO | Iniciando criação do Dashboard Excel.
2026-08-17 13:32:36,694 | INFO | Dashboard Excel criado com sucesso.
2026-08-18 10:01:18,215 | INFO | ============================================================
2026-08-18 10:01:18,216 | INFO | CARREGANDO DATASETS
2026-08-18 10:01:18,216 | INFO | ============================================================
2026-08-18 10:01:18,216 | INFO | Fonte CSV inicializada.
2026-08-18 10:01:18,217 | INFO | Carregando orders...
2026-08-18 10:01:18,217 | INFO | Lendo arquivo: dados\raw\olist\olist_orders_dataset.csv
2026-08-18 10:01:18,544 | INFO | 99441 registros carregados.
2026-08-18 10:01:18,544 | INFO | 99441 registros carregados em 'orders'.
2026-08-18 10:01:18,544 | INFO | Carregando order_items...
2026-08-18 10:01:18,544 | INFO | Lendo arquivo: dados\raw\olist\olist_order_items_dataset.csv
2026-08-18 10:01:18,746 | INFO | 112650 registros carregados.
2026-08-18 10:01:18,746 | INFO | 112650 registros carregados em 'order_items'.
2026-08-18 10:01:18,746 | INFO | Carregando customers...
2026-08-18 10:01:18,746 | INFO | Lendo arquivo: dados\raw\olist\olist_customers_dataset.csv
2026-08-18 10:01:18,887 | INFO | 99441 registros carregados.
2026-08-18 10:01:18,887 | INFO | 99441 registros carregados em 'customers'.
2026-08-18 10:01:18,887 | INFO | Carregando products...
2026-08-18 10:01:18,887 | INFO | Lendo arquivo: dados\raw\olist\olist_products_dataset.csv
2026-08-18 10:01:18,941 | INFO | 32951 registros carregados.
2026-08-18 10:01:18,941 | INFO | 32951 registros carregados em 'products'.
2026-08-18 10:01:18,941 | INFO | Carregando payments...
2026-08-18 10:01:18,941 | INFO | Lendo arquivo: dados\raw\olist\olist_order_payments_dataset.csv
2026-08-18 10:01:19,034 | INFO | 103886 registros carregados.
2026-08-18 10:01:19,034 | INFO | 103886 registros carregados em 'payments'.
2026-08-18 10:01:19,034 | INFO | Carregando reviews...
2026-08-18 10:01:19,034 | INFO | Lendo arquivo: dados\raw\olist\olist_order_reviews_dataset.csv
2026-08-18 10:01:19,333 | INFO | 99224 registros carregados.
2026-08-18 10:01:19,334 | INFO | 99224 registros carregados em 'reviews'.
2026-08-18 10:01:19,334 | INFO | Carregando sellers...
2026-08-18 10:01:19,334 | INFO | Lendo arquivo: dados\raw\olist\olist_sellers_dataset.csv
2026-08-18 10:01:19,347 | INFO | 3095 registros carregados.
2026-08-18 10:01:19,347 | INFO | 3095 registros carregados em 'sellers'.
2026-08-18 10:01:19,347 | INFO | Carregando geolocation...
2026-08-18 10:01:19,347 | INFO | Lendo arquivo: dados\raw\olist\olist_geolocation_dataset.csv
2026-08-18 10:01:19,921 | INFO | 1000163 registros carregados.
2026-08-18 10:01:19,922 | INFO | 1000163 registros carregados em 'geolocation'.
2026-08-18 10:01:19,922 | INFO | Fonte CSV finalizada.
2026-08-18 10:01:19,922 | INFO | ============================================================
2026-08-18 10:01:19,922 | INFO | DATASETS CARREGADOS
2026-08-18 10:01:19,922 | INFO | ============================================================
2026-08-18 10:01:19,922 | INFO | ============================================================
2026-08-18 10:01:19,922 | INFO | INTEGRANDO PEDIDOS + ITENS
2026-08-18 10:01:19,923 | INFO | ============================================================
2026-08-18 10:01:20,029 | INFO | 99441 pedidos enriquecidos com itens.
2026-08-18 10:01:20,029 | INFO | ============================================================
2026-08-18 10:01:20,029 | INFO | INTEGRANDO PEDIDOS + CLIENTES
2026-08-18 10:01:20,029 | INFO | ============================================================
2026-08-18 10:01:20,069 | INFO | 99441 pedidos enriquecidos com clientes.
2026-08-18 10:01:20,069 | INFO | ============================================================
2026-08-18 10:01:20,069 | INFO | INTEGRANDO ITENS + PRODUTOS
2026-08-18 10:01:20,069 | INFO | ============================================================
2026-08-18 10:01:20,096 | INFO | 112650 itens enriquecidos com produtos.
2026-08-18 10:01:20,096 | INFO | ============================================================
2026-08-18 10:01:20,097 | INFO | INTEGRANDO PEDIDOS + PAGAMENTOS
2026-08-18 10:01:20,097 | INFO | ============================================================
2026-08-18 10:01:20,222 | INFO | 99441 pedidos enriquecidos com pagamentos.
2026-08-18 10:01:20,222 | INFO | ============================================================
2026-08-18 10:01:20,222 | INFO | INTEGRANDO PEDIDOS + REVIEWS
2026-08-18 10:01:20,222 | INFO | ============================================================
2026-08-18 10:01:20,401 | INFO | 99441 pedidos enriquecidos com reviews.
2026-08-18 10:01:20,402 | INFO | ============================================================
2026-08-18 10:01:20,402 | INFO | INTEGRANDO ITENS + SELLERS
2026-08-18 10:01:20,402 | INFO | ============================================================
2026-08-18 10:01:20,420 | INFO | 112650 itens enriquecidos com sellers.
2026-08-18 10:01:20,420 | INFO | ============================================================
2026-08-18 10:01:20,421 | INFO | INTEGRANDO SELLERS + GEOLOCATION
2026-08-18 10:01:20,421 | INFO | ============================================================
2026-08-18 10:01:20,638 | INFO | 3095 sellers enriquecidos com geolocation.
2026-08-18 10:01:21,062 | INFO | Iniciando exportação para Excel: dados\processed\Business_Analytics_Gabriel_Tecnologia_LTDA_2016-09_a_2018-09.xlsx
2026-08-18 10:01:21,064 | INFO | Exportando aba 'Resumo' com 1 registros.
2026-08-18 10:01:21,068 | INFO | Exportando aba 'Top_Sellers' com 10 registros.
2026-08-18 10:01:21,070 | INFO | Exportando aba 'Frete' com 10 registros.
2026-08-18 10:01:21,071 | INFO | Exportando aba 'Preco_Medio' com 10 registros.
2026-08-18 10:01:21,073 | INFO | Exportando aba 'Por_Estado' com 23 registros.
2026-08-18 10:01:21,074 | INFO | Exportando aba 'Fato_Vendas' com 112650 registros.
2026-08-18 10:02:17,650 | INFO | Arquivo base Excel criado.
2026-08-18 10:02:17,650 | INFO | Iniciando formatação do Excel.
2026-08-18 10:03:42,604 | INFO | Formatação do Excel concluída.
2026-08-18 10:03:42,604 | INFO | Arquivo Excel gerado com sucesso: dados\processed\Business_Analytics_Gabriel_Tecnologia_LTDA_2016-09_a_2018-09.xlsx
2026-08-18 10:03:42,605 | INFO | Iniciando criação do Dashboard Excel.
2026-08-18 10:05:01,971 | INFO | Dashboard Excel criado com sucesso.
2026-08-18 10:14:59,729 | INFO | ============================================================
2026-08-18 10:14:59,730 | INFO | CARREGANDO DATASETS
2026-08-18 10:14:59,730 | INFO | ============================================================
2026-08-18 10:14:59,730 | INFO | Fonte CSV inicializada.
2026-08-18 10:14:59,730 | INFO | Carregando orders...
2026-08-18 10:14:59,731 | INFO | Lendo arquivo: dados\raw\olist\olist_orders_dataset.csv
2026-08-18 10:15:00,074 | INFO | 99441 registros carregados.
2026-08-18 10:15:00,074 | INFO | 99441 registros carregados em 'orders'.
2026-08-18 10:15:00,074 | INFO | Carregando order_items...
2026-08-18 10:15:00,075 | INFO | Lendo arquivo: dados\raw\olist\olist_order_items_dataset.csv
2026-08-18 10:15:00,256 | INFO | 112650 registros carregados.
2026-08-18 10:15:00,256 | INFO | 112650 registros carregados em 'order_items'.
2026-08-18 10:15:00,256 | INFO | Carregando customers...
2026-08-18 10:15:00,256 | INFO | Lendo arquivo: dados\raw\olist\olist_customers_dataset.csv
2026-08-18 10:15:00,379 | INFO | 99441 registros carregados.
2026-08-18 10:15:00,380 | INFO | 99441 registros carregados em 'customers'.
2026-08-18 10:15:00,380 | INFO | Carregando products...
2026-08-18 10:15:00,380 | INFO | Lendo arquivo: dados\raw\olist\olist_products_dataset.csv
2026-08-18 10:15:00,421 | INFO | 32951 registros carregados.
2026-08-18 10:15:00,421 | INFO | 32951 registros carregados em 'products'.
2026-08-18 10:15:00,421 | INFO | Carregando payments...
2026-08-18 10:15:00,422 | INFO | Lendo arquivo: dados\raw\olist\olist_order_payments_dataset.csv
2026-08-18 10:15:00,504 | INFO | 103886 registros carregados.
2026-08-18 10:15:00,504 | INFO | 103886 registros carregados em 'payments'.
2026-08-18 10:15:00,504 | INFO | Carregando reviews...
2026-08-18 10:15:00,504 | INFO | Lendo arquivo: dados\raw\olist\olist_order_reviews_dataset.csv
2026-08-18 10:15:00,782 | INFO | 99224 registros carregados.
2026-08-18 10:15:00,782 | INFO | 99224 registros carregados em 'reviews'.
2026-08-18 10:15:00,782 | INFO | Carregando sellers...
2026-08-18 10:15:00,782 | INFO | Lendo arquivo: dados\raw\olist\olist_sellers_dataset.csv
2026-08-18 10:15:00,787 | INFO | 3095 registros carregados.
2026-08-18 10:15:00,787 | INFO | 3095 registros carregados em 'sellers'.
2026-08-18 10:15:00,787 | INFO | Carregando geolocation...
2026-08-18 10:15:00,787 | INFO | Lendo arquivo: dados\raw\olist\olist_geolocation_dataset.csv
2026-08-18 10:15:01,357 | INFO | 1000163 registros carregados.
2026-08-18 10:15:01,358 | INFO | 1000163 registros carregados em 'geolocation'.
2026-08-18 10:15:01,358 | INFO | Fonte CSV finalizada.
2026-08-18 10:15:01,358 | INFO | ============================================================
2026-08-18 10:15:01,358 | INFO | DATASETS CARREGADOS
2026-08-18 10:15:01,358 | INFO | ============================================================
2026-08-18 10:15:01,358 | INFO | ============================================================
2026-08-18 10:15:01,358 | INFO | INTEGRANDO PEDIDOS + ITENS
2026-08-18 10:15:01,358 | INFO | ============================================================
2026-08-18 10:15:01,433 | INFO | 99441 pedidos enriquecidos com itens.
2026-08-18 10:15:01,433 | INFO | ============================================================
2026-08-18 10:15:01,434 | INFO | INTEGRANDO PEDIDOS + CLIENTES
2026-08-18 10:15:01,434 | INFO | ============================================================
2026-08-18 10:15:01,480 | INFO | 99441 pedidos enriquecidos com clientes.
2026-08-18 10:15:01,480 | INFO | ============================================================
2026-08-18 10:15:01,480 | INFO | INTEGRANDO ITENS + PRODUTOS
2026-08-18 10:15:01,481 | INFO | ============================================================
2026-08-18 10:15:01,509 | INFO | 112650 itens enriquecidos com produtos.
2026-08-18 10:15:01,509 | INFO | ============================================================
2026-08-18 10:15:01,509 | INFO | INTEGRANDO PEDIDOS + PAGAMENTOS
2026-08-18 10:15:01,509 | INFO | ============================================================
2026-08-18 10:15:01,639 | INFO | 99441 pedidos enriquecidos com pagamentos.
2026-08-18 10:15:01,639 | INFO | ============================================================
2026-08-18 10:15:01,639 | INFO | INTEGRANDO PEDIDOS + REVIEWS
2026-08-18 10:15:01,639 | INFO | ============================================================
2026-08-18 10:15:01,753 | INFO | 99441 pedidos enriquecidos com reviews.
2026-08-18 10:15:01,753 | INFO | ============================================================
2026-08-18 10:15:01,753 | INFO | INTEGRANDO ITENS + SELLERS
2026-08-18 10:15:01,753 | INFO | ============================================================
2026-08-18 10:15:01,773 | INFO | 112650 itens enriquecidos com sellers.
2026-08-18 10:15:01,773 | INFO | ============================================================
2026-08-18 10:15:01,773 | INFO | INTEGRANDO SELLERS + GEOLOCATION
2026-08-18 10:15:01,773 | INFO | ============================================================
2026-08-18 10:15:01,985 | INFO | 3095 sellers enriquecidos com geolocation.
2026-08-18 10:15:02,511 | INFO | Iniciando exportação para Excel: dados\processed\Business_Analytics_Gabriel_Tecnologia_LTDA_2016-09_a_2018-09.xlsx
2026-08-18 10:15:02,512 | INFO | Exportando aba 'Resumo' com 1 registros.
2026-08-18 10:15:02,521 | INFO | Exportando aba 'Top_Sellers' com 10 registros.
2026-08-18 10:15:02,522 | INFO | Exportando aba 'Frete' com 10 registros.
2026-08-18 10:15:02,524 | INFO | Exportando aba 'Preco_Medio' com 10 registros.
2026-08-18 10:15:02,526 | INFO | Exportando aba 'Por_Estado' com 23 registros.
2026-08-18 10:15:02,527 | INFO | Exportando aba 'Fato_Vendas' com 112650 registros.
2026-08-18 10:16:01,232 | INFO | Arquivo base Excel criado.
2026-08-18 10:16:01,232 | INFO | Iniciando formatação do Excel.
2026-08-18 10:17:26,349 | INFO | Formatação do Excel concluída.
2026-08-18 10:17:26,353 | INFO | Arquivo Excel anterior substituído.
2026-08-18 10:17:26,353 | INFO | Arquivo Excel gerado com sucesso: dados\processed\Business_Analytics_Gabriel_Tecnologia_LTDA_2016-09_a_2018-09.xlsx
2026-08-18 10:17:26,354 | INFO | Iniciando criação do Dashboard Excel.
2026-08-18 10:18:45,855 | INFO | Dashboard Excel criado com sucesso.
2026-08-18 10:22:22,558 | INFO | ============================================================
2026-08-18 10:22:22,558 | INFO | CARREGANDO DATASETS
2026-08-18 10:22:22,558 | INFO | ============================================================
2026-08-18 10:22:22,558 | INFO | Fonte CSV inicializada.
2026-08-18 10:22:22,559 | INFO | Carregando orders...
2026-08-18 10:22:22,559 | INFO | Lendo arquivo: dados\raw\olist\olist_orders_dataset.csv
2026-08-18 10:22:22,914 | INFO | 99441 registros carregados.
2026-08-18 10:22:22,914 | INFO | 99441 registros carregados em 'orders'.
2026-08-18 10:22:22,914 | INFO | Carregando order_items...
2026-08-18 10:22:22,914 | INFO | Lendo arquivo: dados\raw\olist\olist_order_items_dataset.csv
2026-08-18 10:22:23,099 | INFO | 112650 registros carregados.
2026-08-18 10:22:23,099 | INFO | 112650 registros carregados em 'order_items'.
2026-08-18 10:22:23,099 | INFO | Carregando customers...
2026-08-18 10:22:23,099 | INFO | Lendo arquivo: dados\raw\olist\olist_customers_dataset.csv
2026-08-18 10:22:23,222 | INFO | 99441 registros carregados.
2026-08-18 10:22:23,223 | INFO | 99441 registros carregados em 'customers'.
2026-08-18 10:22:23,223 | INFO | Carregando products...
2026-08-18 10:22:23,223 | INFO | Lendo arquivo: dados\raw\olist\olist_products_dataset.csv
2026-08-18 10:22:23,263 | INFO | 32951 registros carregados.
2026-08-18 10:22:23,263 | INFO | 32951 registros carregados em 'products'.
2026-08-18 10:22:23,263 | INFO | Carregando payments...
2026-08-18 10:22:23,263 | INFO | Lendo arquivo: dados\raw\olist\olist_order_payments_dataset.csv
2026-08-18 10:22:23,343 | INFO | 103886 registros carregados.
2026-08-18 10:22:23,343 | INFO | 103886 registros carregados em 'payments'.
2026-08-18 10:22:23,343 | INFO | Carregando reviews...
2026-08-18 10:22:23,343 | INFO | Lendo arquivo: dados\raw\olist\olist_order_reviews_dataset.csv
2026-08-18 10:22:23,620 | INFO | 99224 registros carregados.
2026-08-18 10:22:23,621 | INFO | 99224 registros carregados em 'reviews'.
2026-08-18 10:22:23,621 | INFO | Carregando sellers...
2026-08-18 10:22:23,621 | INFO | Lendo arquivo: dados\raw\olist\olist_sellers_dataset.csv
2026-08-18 10:22:23,625 | INFO | 3095 registros carregados.
2026-08-18 10:22:23,625 | INFO | 3095 registros carregados em 'sellers'.
2026-08-18 10:22:23,625 | INFO | Carregando geolocation...
2026-08-18 10:22:23,626 | INFO | Lendo arquivo: dados\raw\olist\olist_geolocation_dataset.csv
2026-08-18 10:22:24,191 | INFO | 1000163 registros carregados.
2026-08-18 10:22:24,191 | INFO | 1000163 registros carregados em 'geolocation'.
2026-08-18 10:22:24,191 | INFO | Fonte CSV finalizada.
2026-08-18 10:22:24,192 | INFO | ============================================================
2026-08-18 10:22:24,192 | INFO | DATASETS CARREGADOS
2026-08-18 10:22:24,192 | INFO | ============================================================
2026-08-18 10:22:24,192 | INFO | ============================================================
2026-08-18 10:22:24,192 | INFO | INTEGRANDO PEDIDOS + ITENS
2026-08-18 10:22:24,192 | INFO | ============================================================
2026-08-18 10:22:24,259 | INFO | 99441 pedidos enriquecidos com itens.
2026-08-18 10:22:24,260 | INFO | ============================================================
2026-08-18 10:22:24,260 | INFO | INTEGRANDO PEDIDOS + CLIENTES
2026-08-18 10:22:24,260 | INFO | ============================================================
2026-08-18 10:22:24,299 | INFO | 99441 pedidos enriquecidos com clientes.
2026-08-18 10:22:24,299 | INFO | ============================================================
2026-08-18 10:22:24,300 | INFO | INTEGRANDO ITENS + PRODUTOS
2026-08-18 10:22:24,300 | INFO | ============================================================
2026-08-18 10:22:24,327 | INFO | 112650 itens enriquecidos com produtos.
2026-08-18 10:22:24,328 | INFO | ============================================================
2026-08-18 10:22:24,328 | INFO | INTEGRANDO PEDIDOS + PAGAMENTOS
2026-08-18 10:22:24,328 | INFO | ============================================================
2026-08-18 10:22:24,446 | INFO | 99441 pedidos enriquecidos com pagamentos.
2026-08-18 10:22:24,446 | INFO | ============================================================
2026-08-18 10:22:24,446 | INFO | INTEGRANDO PEDIDOS + REVIEWS
2026-08-18 10:22:24,446 | INFO | ============================================================
2026-08-18 10:22:24,558 | INFO | 99441 pedidos enriquecidos com reviews.
2026-08-18 10:22:24,559 | INFO | ============================================================
2026-08-18 10:22:24,559 | INFO | INTEGRANDO ITENS + SELLERS
2026-08-18 10:22:24,559 | INFO | ============================================================
2026-08-18 10:22:24,579 | INFO | 112650 itens enriquecidos com sellers.
2026-08-18 10:22:24,579 | INFO | ============================================================
2026-08-18 10:22:24,579 | INFO | INTEGRANDO SELLERS + GEOLOCATION
2026-08-18 10:22:24,579 | INFO | ============================================================
2026-08-18 10:22:24,796 | INFO | 3095 sellers enriquecidos com geolocation.
2026-08-18 10:22:25,272 | INFO | Iniciando exportação para Excel: dados\processed\Business_Analytics_Gabriel_Tecnologia_LTDA_2016-09_a_2018-09.xlsx
2026-08-18 10:22:25,274 | INFO | Exportando aba 'Resumo' com 1 registros.
2026-08-18 10:22:25,277 | INFO | Exportando aba 'Top_Sellers' com 10 registros.
2026-08-18 10:22:25,278 | INFO | Exportando aba 'Frete' com 10 registros.
2026-08-18 10:22:25,279 | INFO | Exportando aba 'Preco_Medio' com 10 registros.
2026-08-18 10:22:25,281 | INFO | Exportando aba 'Por_Estado' com 23 registros.
2026-08-18 10:22:25,282 | INFO | Exportando aba 'Fato_Vendas' com 112650 registros.
2026-08-18 10:23:21,388 | INFO | Arquivo base Excel criado.
2026-08-18 10:23:21,388 | INFO | Iniciando formatação do Excel.
2026-08-18 10:24:45,932 | INFO | Formatação do Excel concluída.
2026-08-18 10:24:45,936 | INFO | Arquivo Excel anterior substituído.
2026-08-18 10:24:45,936 | INFO | Arquivo Excel gerado com sucesso: dados\processed\Business_Analytics_Gabriel_Tecnologia_LTDA_2016-09_a_2018-09.xlsx
2026-08-18 10:24:45,937 | INFO | Iniciando criação do Dashboard Excel.
2026-08-18 10:26:04,492 | INFO | Dashboard Excel criado com sucesso.
2026-08-18 10:26:27,739 | INFO | ============================================================
2026-08-18 10:26:27,739 | INFO | CARREGANDO DATASETS
2026-08-18 10:26:27,739 | INFO | ============================================================
2026-08-18 10:26:27,739 | INFO | Fonte CSV inicializada.
2026-08-18 10:26:27,740 | INFO | Carregando orders...
2026-08-18 10:26:27,740 | INFO | Lendo arquivo: dados\raw\olist\olist_orders_dataset.csv
2026-08-18 10:26:28,099 | INFO | 99441 registros carregados.
2026-08-18 10:26:28,099 | INFO | 99441 registros carregados em 'orders'.
2026-08-18 10:26:28,099 | INFO | Carregando order_items...
2026-08-18 10:26:28,099 | INFO | Lendo arquivo: dados\raw\olist\olist_order_items_dataset.csv
2026-08-18 10:26:28,280 | INFO | 112650 registros carregados.
2026-08-18 10:26:28,281 | INFO | 112650 registros carregados em 'order_items'.
2026-08-18 10:26:28,281 | INFO | Carregando customers...
2026-08-18 10:26:28,281 | INFO | Lendo arquivo: dados\raw\olist\olist_customers_dataset.csv
2026-08-18 10:26:28,413 | INFO | 99441 registros carregados.
2026-08-18 10:26:28,414 | INFO | 99441 registros carregados em 'customers'.
2026-08-18 10:26:28,414 | INFO | Carregando products...
2026-08-18 10:26:28,414 | INFO | Lendo arquivo: dados\raw\olist\olist_products_dataset.csv
2026-08-18 10:26:28,458 | INFO | 32951 registros carregados.
2026-08-18 10:26:28,458 | INFO | 32951 registros carregados em 'products'.
2026-08-18 10:26:28,458 | INFO | Carregando payments...
2026-08-18 10:26:28,458 | INFO | Lendo arquivo: dados\raw\olist\olist_order_payments_dataset.csv
2026-08-18 10:26:28,540 | INFO | 103886 registros carregados.
2026-08-18 10:26:28,541 | INFO | 103886 registros carregados em 'payments'.
2026-08-18 10:26:28,541 | INFO | Carregando reviews...
2026-08-18 10:26:28,541 | INFO | Lendo arquivo: dados\raw\olist\olist_order_reviews_dataset.csv
2026-08-18 10:26:28,816 | INFO | 99224 registros carregados.
2026-08-18 10:26:28,816 | INFO | 99224 registros carregados em 'reviews'.
2026-08-18 10:26:28,817 | INFO | Carregando sellers...
2026-08-18 10:26:28,817 | INFO | Lendo arquivo: dados\raw\olist\olist_sellers_dataset.csv
2026-08-18 10:26:28,821 | INFO | 3095 registros carregados.
2026-08-18 10:26:28,821 | INFO | 3095 registros carregados em 'sellers'.
2026-08-18 10:26:28,822 | INFO | Carregando geolocation...
2026-08-18 10:26:28,822 | INFO | Lendo arquivo: dados\raw\olist\olist_geolocation_dataset.csv
2026-08-18 10:26:29,391 | INFO | 1000163 registros carregados.
2026-08-18 10:26:29,391 | INFO | 1000163 registros carregados em 'geolocation'.
2026-08-18 10:26:29,391 | INFO | Fonte CSV finalizada.
2026-08-18 10:26:29,391 | INFO | ============================================================
2026-08-18 10:26:29,391 | INFO | DATASETS CARREGADOS
2026-08-18 10:26:29,391 | INFO | ============================================================
2026-08-18 10:26:29,392 | INFO | ============================================================
2026-08-18 10:26:29,392 | INFO | INTEGRANDO PEDIDOS + ITENS
2026-08-18 10:26:29,392 | INFO | ============================================================
2026-08-18 10:26:29,457 | INFO | 99441 pedidos enriquecidos com itens.
2026-08-18 10:26:29,457 | INFO | ============================================================
2026-08-18 10:26:29,458 | INFO | INTEGRANDO PEDIDOS + CLIENTES
2026-08-18 10:26:29,458 | INFO | ============================================================
2026-08-18 10:26:29,502 | INFO | 99441 pedidos enriquecidos com clientes.
2026-08-18 10:26:29,502 | INFO | ============================================================
2026-08-18 10:26:29,502 | INFO | INTEGRANDO ITENS + PRODUTOS
2026-08-18 10:26:29,502 | INFO | ============================================================
2026-08-18 10:26:29,529 | INFO | 112650 itens enriquecidos com produtos.
2026-08-18 10:26:29,530 | INFO | ============================================================
2026-08-18 10:26:29,530 | INFO | INTEGRANDO PEDIDOS + PAGAMENTOS
2026-08-18 10:26:29,530 | INFO | ============================================================
2026-08-18 10:26:29,647 | INFO | 99441 pedidos enriquecidos com pagamentos.
2026-08-18 10:26:29,648 | INFO | ============================================================
2026-08-18 10:26:29,648 | INFO | INTEGRANDO PEDIDOS + REVIEWS
2026-08-18 10:26:29,648 | INFO | ============================================================
2026-08-18 10:26:29,755 | INFO | 99441 pedidos enriquecidos com reviews.
2026-08-18 10:26:29,755 | INFO | ============================================================
2026-08-18 10:26:29,756 | INFO | INTEGRANDO ITENS + SELLERS
2026-08-18 10:26:29,756 | INFO | ============================================================
2026-08-18 10:26:29,775 | INFO | 112650 itens enriquecidos com sellers.
2026-08-18 10:26:29,775 | INFO | ============================================================
2026-08-18 10:26:29,775 | INFO | INTEGRANDO SELLERS + GEOLOCATION
2026-08-18 10:26:29,775 | INFO | ============================================================
2026-08-18 10:26:29,988 | INFO | 3095 sellers enriquecidos com geolocation.
2026-08-18 10:26:30,452 | INFO | Iniciando exportação para Excel: dados\processed\Business_Analytics_Gabriel_Tecnologia_LTDA_2017-01_a_2017-12.xlsx
2026-08-18 10:26:30,454 | INFO | Exportando aba 'Resumo' com 1 registros.
2026-08-18 10:26:30,457 | INFO | Exportando aba 'Top_Sellers' com 10 registros.
2026-08-18 10:26:30,458 | INFO | Exportando aba 'Frete' com 10 registros.
2026-08-18 10:26:30,459 | INFO | Exportando aba 'Preco_Medio' com 10 registros.
2026-08-18 10:26:30,461 | INFO | Exportando aba 'Por_Estado' com 20 registros.
2026-08-18 10:26:30,462 | INFO | Exportando aba 'Fato_Vendas' com 50864 registros.
2026-08-18 10:26:55,594 | INFO | Arquivo base Excel criado.
2026-08-18 10:26:55,595 | INFO | Iniciando formatação do Excel.
2026-08-18 10:27:34,221 | INFO | Formatação do Excel concluída.
2026-08-18 10:27:34,222 | INFO | Arquivo Excel gerado com sucesso: dados\processed\Business_Analytics_Gabriel_Tecnologia_LTDA_2017-01_a_2017-12.xlsx
2026-08-18 10:27:34,222 | INFO | Iniciando criação do Dashboard Excel.
2026-08-18 10:28:09,126 | INFO | Dashboard Excel criado com sucesso.
2026-08-18 10:43:29,949 | INFO | ============================================================
2026-08-18 10:43:29,949 | INFO | CARREGANDO DATASETS
2026-08-18 10:43:29,949 | INFO | ============================================================
2026-08-18 10:43:29,949 | INFO | Fonte CSV inicializada.
2026-08-18 10:43:29,950 | INFO | Carregando orders...
2026-08-18 10:43:29,950 | INFO | Lendo arquivo: dados\raw\olist\olist_orders_dataset.csv
2026-08-18 10:43:30,255 | INFO | 99441 registros carregados.
2026-08-18 10:43:30,256 | INFO | 99441 registros carregados em 'orders'.
2026-08-18 10:43:30,256 | INFO | Carregando order_items...
2026-08-18 10:43:30,256 | INFO | Lendo arquivo: dados\raw\olist\olist_order_items_dataset.csv
2026-08-18 10:43:30,457 | INFO | 112650 registros carregados.
2026-08-18 10:43:30,457 | INFO | 112650 registros carregados em 'order_items'.
2026-08-18 10:43:30,457 | INFO | Carregando customers...
2026-08-18 10:43:30,457 | INFO | Lendo arquivo: dados\raw\olist\olist_customers_dataset.csv
2026-08-18 10:43:30,596 | INFO | 99441 registros carregados.
2026-08-18 10:43:30,596 | INFO | 99441 registros carregados em 'customers'.
2026-08-18 10:43:30,596 | INFO | Carregando products...
2026-08-18 10:43:30,596 | INFO | Lendo arquivo: dados\raw\olist\olist_products_dataset.csv
2026-08-18 10:43:30,643 | INFO | 32951 registros carregados.
2026-08-18 10:43:30,644 | INFO | 32951 registros carregados em 'products'.
2026-08-18 10:43:30,644 | INFO | Carregando payments...
2026-08-18 10:43:30,644 | INFO | Lendo arquivo: dados\raw\olist\olist_order_payments_dataset.csv
2026-08-18 10:43:30,733 | INFO | 103886 registros carregados.
2026-08-18 10:43:30,733 | INFO | 103886 registros carregados em 'payments'.
2026-08-18 10:43:30,733 | INFO | Carregando reviews...
2026-08-18 10:43:30,733 | INFO | Lendo arquivo: dados\raw\olist\olist_order_reviews_dataset.csv
2026-08-18 10:43:31,031 | INFO | 99224 registros carregados.
2026-08-18 10:43:31,031 | INFO | 99224 registros carregados em 'reviews'.
2026-08-18 10:43:31,031 | INFO | Carregando sellers...
2026-08-18 10:43:31,031 | INFO | Lendo arquivo: dados\raw\olist\olist_sellers_dataset.csv
2026-08-18 10:43:31,043 | INFO | 3095 registros carregados.
2026-08-18 10:43:31,043 | INFO | 3095 registros carregados em 'sellers'.
2026-08-18 10:43:31,043 | INFO | Carregando geolocation...
2026-08-18 10:43:31,043 | INFO | Lendo arquivo: dados\raw\olist\olist_geolocation_dataset.csv
2026-08-18 10:43:31,628 | INFO | 1000163 registros carregados.
2026-08-18 10:43:31,628 | INFO | 1000163 registros carregados em 'geolocation'.
2026-08-18 10:43:31,628 | INFO | Fonte CSV finalizada.
2026-08-18 10:43:31,628 | INFO | ============================================================
2026-08-18 10:43:31,629 | INFO | DATASETS CARREGADOS
2026-08-18 10:43:31,629 | INFO | ============================================================
2026-08-18 10:43:31,629 | INFO | ============================================================
2026-08-18 10:43:31,629 | INFO | INTEGRANDO PEDIDOS + ITENS
2026-08-18 10:43:31,629 | INFO | ============================================================
2026-08-18 10:43:31,698 | INFO | 99441 pedidos enriquecidos com itens.
2026-08-18 10:43:31,699 | INFO | ============================================================
2026-08-18 10:43:31,699 | INFO | INTEGRANDO PEDIDOS + CLIENTES
2026-08-18 10:43:31,699 | INFO | ============================================================
2026-08-18 10:43:31,737 | INFO | 99441 pedidos enriquecidos com clientes.
2026-08-18 10:43:31,738 | INFO | ============================================================
2026-08-18 10:43:31,738 | INFO | INTEGRANDO ITENS + PRODUTOS
2026-08-18 10:43:31,738 | INFO | ============================================================
2026-08-18 10:43:31,763 | INFO | 112650 itens enriquecidos com produtos.
2026-08-18 10:43:31,764 | INFO | ============================================================
2026-08-18 10:43:31,764 | INFO | INTEGRANDO PEDIDOS + PAGAMENTOS
2026-08-18 10:43:31,764 | INFO | ============================================================
2026-08-18 10:43:31,880 | INFO | 99441 pedidos enriquecidos com pagamentos.
2026-08-18 10:43:31,880 | INFO | ============================================================
2026-08-18 10:43:31,880 | INFO | INTEGRANDO PEDIDOS + REVIEWS
2026-08-18 10:43:31,881 | INFO | ============================================================
2026-08-18 10:43:31,989 | INFO | 99441 pedidos enriquecidos com reviews.
2026-08-18 10:43:31,989 | INFO | ============================================================
2026-08-18 10:43:31,989 | INFO | INTEGRANDO ITENS + SELLERS
2026-08-18 10:43:31,989 | INFO | ============================================================
2026-08-18 10:43:32,010 | INFO | 112650 itens enriquecidos com sellers.
2026-08-18 10:43:32,010 | INFO | ============================================================
2026-08-18 10:43:32,010 | INFO | INTEGRANDO SELLERS + GEOLOCATION
2026-08-18 10:43:32,011 | INFO | ============================================================
2026-08-18 10:43:32,220 | INFO | 3095 sellers enriquecidos com geolocation.
2026-08-18 10:43:32,752 | INFO | Iniciando exportação para Excel: dados\processed\Business_Analytics_Gabriel_Tecnologia_LTDA_2017-01_a_2017-12.xlsx
2026-08-18 10:43:32,753 | INFO | Exportando aba 'Resumo' com 1 registros.
2026-08-18 10:43:32,756 | INFO | Exportando aba 'Top_Sellers' com 10 registros.
2026-08-18 10:43:32,758 | INFO | Exportando aba 'Frete' com 10 registros.
2026-08-18 10:43:32,759 | INFO | Exportando aba 'Preco_Medio' com 10 registros.
2026-08-18 10:43:32,761 | INFO | Exportando aba 'Por_Estado' com 20 registros.
2026-08-18 10:43:32,762 | INFO | Exportando aba 'Fato_Vendas' com 50864 registros.
2026-08-18 10:43:57,686 | INFO | Arquivo base Excel criado.
2026-08-18 10:43:57,687 | INFO | Iniciando formatação do Excel.
2026-08-18 10:44:36,636 | INFO | Formatação do Excel concluída.
2026-08-18 10:44:36,639 | INFO | Arquivo Excel anterior substituído.
2026-08-18 10:44:36,639 | INFO | Arquivo Excel gerado com sucesso: dados\processed\Business_Analytics_Gabriel_Tecnologia_LTDA_2017-01_a_2017-12.xlsx
2026-08-18 10:44:36,639 | INFO | Iniciando criação do Dashboard Excel.
2026-08-18 10:45:11,477 | INFO | Dashboard Excel criado com sucesso.
2026-08-18 10:50:06,297 | INFO | ============================================================
2026-08-18 10:50:06,297 | INFO | CARREGANDO DATASETS
2026-08-18 10:50:06,298 | INFO | ============================================================
2026-08-18 10:50:06,298 | INFO | Fonte CSV inicializada.
2026-08-18 10:50:06,298 | INFO | Carregando orders...
2026-08-18 10:50:06,299 | INFO | Lendo arquivo: dados\raw\olist\olist_orders_dataset.csv
2026-08-18 10:50:06,602 | INFO | 99441 registros carregados.
2026-08-18 10:50:06,603 | INFO | 99441 registros carregados em 'orders'.
2026-08-18 10:50:06,603 | INFO | Carregando order_items...
2026-08-18 10:50:06,603 | INFO | Lendo arquivo: dados\raw\olist\olist_order_items_dataset.csv
2026-08-18 10:50:06,792 | INFO | 112650 registros carregados.
2026-08-18 10:50:06,792 | INFO | 112650 registros carregados em 'order_items'.
2026-08-18 10:50:06,793 | INFO | Carregando customers...
2026-08-18 10:50:06,793 | INFO | Lendo arquivo: dados\raw\olist\olist_customers_dataset.csv
2026-08-18 10:50:06,926 | INFO | 99441 registros carregados.
2026-08-18 10:50:06,926 | INFO | 99441 registros carregados em 'customers'.
2026-08-18 10:50:06,926 | INFO | Carregando products...
2026-08-18 10:50:06,926 | INFO | Lendo arquivo: dados\raw\olist\olist_products_dataset.csv
2026-08-18 10:50:06,979 | INFO | 32951 registros carregados.
2026-08-18 10:50:06,979 | INFO | 32951 registros carregados em 'products'.
2026-08-18 10:50:06,979 | INFO | Carregando payments...
2026-08-18 10:50:06,979 | INFO | Lendo arquivo: dados\raw\olist\olist_order_payments_dataset.csv
2026-08-18 10:50:07,068 | INFO | 103886 registros carregados.
2026-08-18 10:50:07,068 | INFO | 103886 registros carregados em 'payments'.
2026-08-18 10:50:07,068 | INFO | Carregando reviews...
2026-08-18 10:50:07,068 | INFO | Lendo arquivo: dados\raw\olist\olist_order_reviews_dataset.csv
2026-08-18 10:50:07,353 | INFO | 99224 registros carregados.
2026-08-18 10:50:07,354 | INFO | 99224 registros carregados em 'reviews'.
2026-08-18 10:50:07,354 | INFO | Carregando sellers...
2026-08-18 10:50:07,354 | INFO | Lendo arquivo: dados\raw\olist\olist_sellers_dataset.csv
2026-08-18 10:50:07,366 | INFO | 3095 registros carregados.
2026-08-18 10:50:07,366 | INFO | 3095 registros carregados em 'sellers'.
2026-08-18 10:50:07,366 | INFO | Carregando geolocation...
2026-08-18 10:50:07,366 | INFO | Lendo arquivo: dados\raw\olist\olist_geolocation_dataset.csv
2026-08-18 10:50:07,947 | INFO | 1000163 registros carregados.
2026-08-18 10:50:07,947 | INFO | 1000163 registros carregados em 'geolocation'.
2026-08-18 10:50:07,947 | INFO | Fonte CSV finalizada.
2026-08-18 10:50:07,948 | INFO | ============================================================
2026-08-18 10:50:07,948 | INFO | DATASETS CARREGADOS
2026-08-18 10:50:07,948 | INFO | ============================================================
2026-08-18 10:50:07,948 | INFO | ============================================================
2026-08-18 10:50:07,948 | INFO | INTEGRANDO PEDIDOS + ITENS
2026-08-18 10:50:07,948 | INFO | ============================================================
2026-08-18 10:50:08,025 | INFO | 99441 pedidos enriquecidos com itens.
2026-08-18 10:50:08,025 | INFO | ============================================================
2026-08-18 10:50:08,025 | INFO | INTEGRANDO PEDIDOS + CLIENTES
2026-08-18 10:50:08,025 | INFO | ============================================================
2026-08-18 10:50:08,073 | INFO | 99441 pedidos enriquecidos com clientes.
2026-08-18 10:50:08,074 | INFO | ============================================================
2026-08-18 10:50:08,074 | INFO | INTEGRANDO ITENS + PRODUTOS
2026-08-18 10:50:08,074 | INFO | ============================================================
2026-08-18 10:50:08,100 | INFO | 112650 itens enriquecidos com produtos.
2026-08-18 10:50:08,100 | INFO | ============================================================
2026-08-18 10:50:08,100 | INFO | INTEGRANDO PEDIDOS + PAGAMENTOS
2026-08-18 10:50:08,100 | INFO | ============================================================
2026-08-18 10:50:08,273 | INFO | 99441 pedidos enriquecidos com pagamentos.
2026-08-18 10:50:08,274 | INFO | ============================================================
2026-08-18 10:50:08,274 | INFO | INTEGRANDO PEDIDOS + REVIEWS
2026-08-18 10:50:08,274 | INFO | ============================================================
2026-08-18 10:50:08,413 | INFO | 99441 pedidos enriquecidos com reviews.
2026-08-18 10:50:08,413 | INFO | ============================================================
2026-08-18 10:50:08,413 | INFO | INTEGRANDO ITENS + SELLERS
2026-08-18 10:50:08,413 | INFO | ============================================================
2026-08-18 10:50:08,434 | INFO | 112650 itens enriquecidos com sellers.
2026-08-18 10:50:08,434 | INFO | ============================================================
2026-08-18 10:50:08,434 | INFO | INTEGRANDO SELLERS + GEOLOCATION
2026-08-18 10:50:08,434 | INFO | ============================================================
2026-08-18 10:50:08,653 | INFO | 3095 sellers enriquecidos com geolocation.
2026-08-18 10:50:09,212 | INFO | Iniciando exportação para Excel: dados\processed\Business_Analytics_Gabriel_Tecnologia_LTDA_2017-01_a_2017-12.xlsx
2026-08-18 10:50:09,214 | INFO | Exportando aba 'Resumo' com 1 registros.
2026-08-18 10:50:09,218 | INFO | Exportando aba 'Top_Sellers' com 10 registros.
2026-08-18 10:50:09,219 | INFO | Exportando aba 'Frete' com 10 registros.
2026-08-18 10:50:09,221 | INFO | Exportando aba 'Preco_Medio' com 10 registros.
2026-08-18 10:50:09,222 | INFO | Exportando aba 'Por_Estado' com 20 registros.
2026-08-18 10:50:09,224 | INFO | Exportando aba 'Fato_Vendas' com 50864 registros.
2026-08-18 10:50:34,228 | INFO | Arquivo base Excel criado.
2026-08-18 10:50:34,228 | INFO | Iniciando formatação do Excel.
2026-08-18 10:51:14,011 | INFO | Formatação do Excel concluída.
2026-08-18 10:51:14,012 | INFO | Arquivo Excel gerado com sucesso: dados\processed\Business_Analytics_Gabriel_Tecnologia_LTDA_2017-01_a_2017-12.xlsx
2026-08-18 10:51:14,012 | INFO | Iniciando criação do Dashboard Excel.
2026-08-18 10:51:48,510 | INFO | Dashboard Excel criado com sucesso.
2026-08-18 11:09:56,642 | INFO | ============================================================
2026-08-18 11:09:56,642 | INFO | CARREGANDO DATASETS
2026-08-18 11:09:56,642 | INFO | ============================================================
2026-08-18 11:09:56,642 | INFO | Fonte CSV inicializada.
2026-08-18 11:09:56,643 | INFO | Carregando orders...
2026-08-18 11:09:56,643 | INFO | Lendo arquivo: dados\raw\olist\olist_orders_dataset.csv
2026-08-18 11:09:57,008 | INFO | 99441 registros carregados.
2026-08-18 11:09:57,008 | INFO | 99441 registros carregados em 'orders'.
2026-08-18 11:09:57,008 | INFO | Carregando order_items...
2026-08-18 11:09:57,008 | INFO | Lendo arquivo: dados\raw\olist\olist_order_items_dataset.csv
2026-08-18 11:09:57,193 | INFO | 112650 registros carregados.
2026-08-18 11:09:57,193 | INFO | 112650 registros carregados em 'order_items'.
2026-08-18 11:09:57,193 | INFO | Carregando customers...
2026-08-18 11:09:57,193 | INFO | Lendo arquivo: dados\raw\olist\olist_customers_dataset.csv
2026-08-18 11:09:57,318 | INFO | 99441 registros carregados.
2026-08-18 11:09:57,319 | INFO | 99441 registros carregados em 'customers'.
2026-08-18 11:09:57,319 | INFO | Carregando products...
2026-08-18 11:09:57,319 | INFO | Lendo arquivo: dados\raw\olist\olist_products_dataset.csv
2026-08-18 11:09:57,359 | INFO | 32951 registros carregados.
2026-08-18 11:09:57,359 | INFO | 32951 registros carregados em 'products'.
2026-08-18 11:09:57,360 | INFO | Carregando payments...
2026-08-18 11:09:57,360 | INFO | Lendo arquivo: dados\raw\olist\olist_order_payments_dataset.csv
2026-08-18 11:09:57,442 | INFO | 103886 registros carregados.
2026-08-18 11:09:57,442 | INFO | 103886 registros carregados em 'payments'.
2026-08-18 11:09:57,442 | INFO | Carregando reviews...
2026-08-18 11:09:57,442 | INFO | Lendo arquivo: dados\raw\olist\olist_order_reviews_dataset.csv
2026-08-18 11:09:57,735 | INFO | 99224 registros carregados.
2026-08-18 11:09:57,736 | INFO | 99224 registros carregados em 'reviews'.
2026-08-18 11:09:57,736 | INFO | Carregando sellers...
2026-08-18 11:09:57,736 | INFO | Lendo arquivo: dados\raw\olist\olist_sellers_dataset.csv
2026-08-18 11:09:57,741 | INFO | 3095 registros carregados.
2026-08-18 11:09:57,741 | INFO | 3095 registros carregados em 'sellers'.
2026-08-18 11:09:57,741 | INFO | Carregando geolocation...
2026-08-18 11:09:57,742 | INFO | Lendo arquivo: dados\raw\olist\olist_geolocation_dataset.csv
2026-08-18 11:09:58,315 | INFO | 1000163 registros carregados.
2026-08-18 11:09:58,316 | INFO | 1000163 registros carregados em 'geolocation'.
2026-08-18 11:09:58,316 | INFO | Fonte CSV finalizada.
2026-08-18 11:09:58,316 | INFO | ============================================================
2026-08-18 11:09:58,316 | INFO | DATASETS CARREGADOS
2026-08-18 11:09:58,316 | INFO | ============================================================
2026-08-18 11:09:58,316 | INFO | ============================================================
2026-08-18 11:09:58,316 | INFO | INTEGRANDO PEDIDOS + ITENS
2026-08-18 11:09:58,316 | INFO | ============================================================
2026-08-18 11:09:58,390 | INFO | 99441 pedidos enriquecidos com itens.
2026-08-18 11:09:58,391 | INFO | ============================================================
2026-08-18 11:09:58,391 | INFO | INTEGRANDO PEDIDOS + CLIENTES
2026-08-18 11:09:58,391 | INFO | ============================================================
2026-08-18 11:09:58,436 | INFO | 99441 pedidos enriquecidos com clientes.
2026-08-18 11:09:58,436 | INFO | ============================================================
2026-08-18 11:09:58,437 | INFO | INTEGRANDO ITENS + PRODUTOS
2026-08-18 11:09:58,437 | INFO | ============================================================
2026-08-18 11:09:58,463 | INFO | 112650 itens enriquecidos com produtos.
2026-08-18 11:09:58,463 | INFO | ============================================================
2026-08-18 11:09:58,463 | INFO | INTEGRANDO PEDIDOS + PAGAMENTOS
2026-08-18 11:09:58,463 | INFO | ============================================================
2026-08-18 11:09:58,585 | INFO | 99441 pedidos enriquecidos com pagamentos.
2026-08-18 11:09:58,585 | INFO | ============================================================
2026-08-18 11:09:58,585 | INFO | INTEGRANDO PEDIDOS + REVIEWS
2026-08-18 11:09:58,585 | INFO | ============================================================
2026-08-18 11:09:58,704 | INFO | 99441 pedidos enriquecidos com reviews.
2026-08-18 11:09:58,705 | INFO | ============================================================
2026-08-18 11:09:58,705 | INFO | INTEGRANDO ITENS + SELLERS
2026-08-18 11:09:58,705 | INFO | ============================================================
2026-08-18 11:09:58,725 | INFO | 112650 itens enriquecidos com sellers.
2026-08-18 11:09:58,726 | INFO | ============================================================
2026-08-18 11:09:58,726 | INFO | INTEGRANDO SELLERS + GEOLOCATION
2026-08-18 11:09:58,726 | INFO | ============================================================
2026-08-18 11:09:58,945 | INFO | 3095 sellers enriquecidos com geolocation.
2026-08-18 11:09:59,539 | INFO | Iniciando exportação para Excel: dados\processed\Business_Analytics_Gabriel_Tecnologia_LTDA_2017-01_a_2017-12.xlsx
2026-08-18 11:09:59,540 | INFO | Exportando aba 'Resumo' com 1 registros.
2026-08-18 11:09:59,543 | INFO | Exportando aba 'Top_Sellers' com 10 registros.
2026-08-18 11:09:59,545 | INFO | Exportando aba 'Frete' com 10 registros.
2026-08-18 11:09:59,546 | INFO | Exportando aba 'Preco_Medio' com 10 registros.
2026-08-18 11:09:59,548 | INFO | Exportando aba 'Por_Estado' com 20 registros.
2026-08-18 11:09:59,549 | INFO | Exportando aba 'Fato_Vendas' com 50864 registros.
2026-08-18 11:10:24,487 | INFO | Arquivo base Excel criado.
2026-08-18 11:10:24,487 | INFO | Iniciando formatação do Excel.
2026-08-18 11:11:03,166 | INFO | Formatação do Excel concluída.
2026-08-18 11:11:03,169 | INFO | Arquivo Excel anterior substituído.
2026-08-18 11:11:03,169 | INFO | Arquivo Excel gerado com sucesso: dados\processed\Business_Analytics_Gabriel_Tecnologia_LTDA_2017-01_a_2017-12.xlsx
2026-08-18 11:11:03,170 | INFO | Iniciando criação do Dashboard Excel.
2026-08-18 11:11:38,253 | INFO | Dashboard Excel criado com sucesso.
2026-08-18 16:48:14,287 | INFO | ETAPA ATUAL: Inicialização
2026-08-18 16:48:14,287 | INFO | ETAPA ATUAL: Validação das configurações
2026-08-18 16:48:14,288 | INFO | Período configurado: 2017-01 a 2017-12
2026-08-18 16:48:14,288 | INFO | ETAPA ATUAL: Validação dos arquivos de fonte
2026-08-18 16:48:14,289 | INFO | Todos os arquivos CSV obrigatórios foram encontrados.
2026-08-18 16:48:14,289 | INFO | ETAPA ATUAL: Inicialização da fonte CSV
2026-08-18 16:48:14,289 | INFO | ETAPA ATUAL: Carregamento dos datasets
2026-08-18 16:48:14,289 | INFO | ============================================================
2026-08-18 16:48:14,289 | INFO | CARREGANDO DATASETS
2026-08-18 16:48:14,289 | INFO | ============================================================
2026-08-18 16:48:14,289 | INFO | Fonte CSV inicializada.
2026-08-18 16:48:14,290 | INFO | Carregando orders...
2026-08-18 16:48:14,290 | INFO | Lendo arquivo: dados\raw\olist\olist_orders_dataset.csv
2026-08-18 16:48:14,607 | INFO | 99441 registros carregados.
2026-08-18 16:48:14,607 | INFO | 99441 registros carregados em 'orders'.
2026-08-18 16:48:14,607 | INFO | Carregando order_items...
2026-08-18 16:48:14,607 | INFO | Lendo arquivo: dados\raw\olist\olist_order_items_dataset.csv
2026-08-18 16:48:14,796 | INFO | 112650 registros carregados.
2026-08-18 16:48:14,796 | INFO | 112650 registros carregados em 'order_items'.
2026-08-18 16:48:14,796 | INFO | Carregando customers...
2026-08-18 16:48:14,796 | INFO | Lendo arquivo: dados\raw\olist\olist_customers_dataset.csv
2026-08-18 16:48:14,928 | INFO | 99441 registros carregados.
2026-08-18 16:48:14,929 | INFO | 99441 registros carregados em 'customers'.
2026-08-18 16:48:14,929 | INFO | Carregando products...
2026-08-18 16:48:14,929 | INFO | Lendo arquivo: dados\raw\olist\olist_products_dataset.csv
2026-08-18 16:48:14,969 | INFO | 32951 registros carregados.
2026-08-18 16:48:14,970 | INFO | 32951 registros carregados em 'products'.
2026-08-18 16:48:14,970 | INFO | Carregando payments...
2026-08-18 16:48:14,970 | INFO | Lendo arquivo: dados\raw\olist\olist_order_payments_dataset.csv
2026-08-18 16:48:15,051 | INFO | 103886 registros carregados.
2026-08-18 16:48:15,051 | INFO | 103886 registros carregados em 'payments'.
2026-08-18 16:48:15,051 | INFO | Carregando reviews...
2026-08-18 16:48:15,051 | INFO | Lendo arquivo: dados\raw\olist\olist_order_reviews_dataset.csv
2026-08-18 16:48:15,322 | INFO | 99224 registros carregados.
2026-08-18 16:48:15,322 | INFO | 99224 registros carregados em 'reviews'.
2026-08-18 16:48:15,322 | INFO | Carregando sellers...
2026-08-18 16:48:15,322 | INFO | Lendo arquivo: dados\raw\olist\olist_sellers_dataset.csv
2026-08-18 16:48:15,326 | INFO | 3095 registros carregados.
2026-08-18 16:48:15,326 | INFO | 3095 registros carregados em 'sellers'.
2026-08-18 16:48:15,326 | INFO | Carregando geolocation...
2026-08-18 16:48:15,327 | INFO | Lendo arquivo: dados\raw\olist\olist_geolocation_dataset.csv
2026-08-18 16:48:15,893 | INFO | 1000163 registros carregados.
2026-08-18 16:48:15,893 | INFO | 1000163 registros carregados em 'geolocation'.
2026-08-18 16:48:15,893 | INFO | Fonte CSV finalizada.
2026-08-18 16:48:15,894 | INFO | ============================================================
2026-08-18 16:48:15,894 | INFO | DATASETS CARREGADOS
2026-08-18 16:48:15,894 | INFO | ============================================================
2026-08-18 16:48:15,894 | INFO | ETAPA ATUAL: Integração pedidos + itens
2026-08-18 16:48:15,894 | INFO | ============================================================
2026-08-18 16:48:15,894 | INFO | INTEGRANDO PEDIDOS + ITENS
2026-08-18 16:48:15,894 | INFO | ============================================================
2026-08-18 16:48:15,961 | INFO | 99441 pedidos enriquecidos com itens.
2026-08-18 16:48:15,962 | INFO | ETAPA ATUAL: Integração pedidos + clientes
2026-08-18 16:48:15,962 | INFO | ============================================================
2026-08-18 16:48:15,962 | INFO | INTEGRANDO PEDIDOS + CLIENTES
2026-08-18 16:48:15,962 | INFO | ============================================================
2026-08-18 16:48:16,007 | INFO | 99441 pedidos enriquecidos com clientes.
2026-08-18 16:48:16,007 | INFO | ETAPA ATUAL: Integração itens + produtos
2026-08-18 16:48:16,007 | INFO | ============================================================
2026-08-18 16:48:16,007 | INFO | INTEGRANDO ITENS + PRODUTOS
2026-08-18 16:48:16,008 | INFO | ============================================================
2026-08-18 16:48:16,032 | INFO | 112650 itens enriquecidos com produtos.
2026-08-18 16:48:16,033 | INFO | ETAPA ATUAL: Integração pedidos + pagamentos
2026-08-18 16:48:16,033 | INFO | ============================================================
2026-08-18 16:48:16,033 | INFO | INTEGRANDO PEDIDOS + PAGAMENTOS
2026-08-18 16:48:16,033 | INFO | ============================================================
2026-08-18 16:48:16,149 | INFO | 99441 pedidos enriquecidos com pagamentos.
2026-08-18 16:48:16,149 | INFO | ETAPA ATUAL: Integração pedidos + reviews
2026-08-18 16:48:16,149 | INFO | ============================================================
2026-08-18 16:48:16,149 | INFO | INTEGRANDO PEDIDOS + REVIEWS
2026-08-18 16:48:16,149 | INFO | ============================================================
2026-08-18 16:48:16,258 | INFO | 99441 pedidos enriquecidos com reviews.
2026-08-18 16:48:16,258 | INFO | ETAPA ATUAL: Integração itens + sellers
2026-08-18 16:48:16,258 | INFO | ============================================================
2026-08-18 16:48:16,258 | INFO | INTEGRANDO ITENS + SELLERS
2026-08-18 16:48:16,258 | INFO | ============================================================
2026-08-18 16:48:16,276 | INFO | 112650 itens enriquecidos com sellers.
2026-08-18 16:48:16,277 | INFO | ETAPA ATUAL: Integração sellers + geolocation
2026-08-18 16:48:16,277 | INFO | ============================================================
2026-08-18 16:48:16,277 | INFO | INTEGRANDO SELLERS + GEOLOCATION
2026-08-18 16:48:16,277 | INFO | ============================================================
2026-08-18 16:48:16,495 | INFO | 3095 sellers enriquecidos com geolocation.
2026-08-18 16:48:16,496 | INFO | ETAPA ATUAL: Criação da Fato_Vendas
2026-08-18 16:48:16,821 | INFO | ETAPA ATUAL: Validação da Fato_Vendas
2026-08-18 16:48:16,875 | INFO | Fato_Vendas validada com sucesso.
2026-08-18 16:48:16,875 | INFO | Registros validados: 112,650
2026-08-18 16:48:16,875 | INFO | Colunas: 34
2026-08-18 16:48:16,876 | INFO | ETAPA ATUAL: Identificação do período disponível
2026-08-18 16:48:16,915 | INFO | ETAPA ATUAL: Definição do período de análise
2026-08-18 16:48:16,954 | INFO | ETAPA ATUAL: Aplicação do filtro de período
2026-08-18 16:48:17,026 | INFO | ETAPA ATUAL: Validação do período analisado
2026-08-18 16:48:17,048 | INFO | Período validado com sucesso.
2026-08-18 16:48:17,049 | INFO | Primeira venda: 2017-01-05 11:56:06
2026-08-18 16:48:17,049 | INFO | Última venda: 2017-12-31 23:29:31
2026-08-18 16:48:17,049 | INFO | Pedidos únicos: 44,579
2026-08-18 16:48:17,049 | INFO | Sellers únicos: 1,784
2026-08-18 16:48:17,049 | INFO | Receita: R$ 6,155,806.98
2026-08-18 16:48:17,049 | INFO | Frete: R$ 986,865.45
2026-08-18 16:48:17,072 | INFO | ETAPA ATUAL: Cálculo das métricas
2026-08-18 16:48:17,097 | INFO | ETAPA ATUAL: Preparação do diretório de saída
2026-08-18 16:48:17,098 | INFO | ETAPA ATUAL: Exportação do Excel
2026-08-18 16:48:17,099 | INFO | Iniciando exportação para Excel: dados\processed\Business_Analytics_Gabriel_Tecnologia_LTDA_2017-01_a_2017-12.xlsx
2026-08-18 16:48:17,100 | INFO | Exportando aba 'Resumo' com 1 registros.
2026-08-18 16:48:17,103 | INFO | Exportando aba 'Top_Sellers' com 10 registros.
2026-08-18 16:48:17,105 | INFO | Exportando aba 'Frete' com 10 registros.
2026-08-18 16:48:17,106 | INFO | Exportando aba 'Preco_Medio' com 10 registros.
2026-08-18 16:48:17,108 | INFO | Exportando aba 'Por_Estado' com 20 registros.
2026-08-18 16:48:17,109 | INFO | Exportando aba 'Fato_Vendas' com 50864 registros.
2026-08-18 16:48:42,192 | INFO | Arquivo base Excel criado.
2026-08-18 16:48:42,192 | INFO | Iniciando formatação do Excel.
2026-08-18 16:49:21,556 | INFO | Formatação do Excel concluída.
2026-08-18 16:49:21,559 | INFO | Arquivo Excel anterior substituído.
2026-08-18 16:49:21,559 | INFO | Arquivo Excel gerado com sucesso: dados\processed\Business_Analytics_Gabriel_Tecnologia_LTDA_2017-01_a_2017-12.xlsx
2026-08-18 16:49:21,559 | INFO | ETAPA ATUAL: Validação do arquivo Excel
2026-08-18 16:49:21,575 | ERROR | ERRO DE VALIDAÇÃO.
2026-08-18 16:49:21,575 | ERROR | Etapa: Validação do arquivo Excel
2026-08-18 16:49:21,575 | ERROR | O Excel não possui todas as abas esperadas. Faltantes: ['Dashboard']
2026-08-18 16:52:50,515 | INFO | ETAPA ATUAL: Inicialização
2026-08-18 16:52:50,515 | INFO | ETAPA ATUAL: Validação das configurações
2026-08-18 16:52:50,516 | INFO | Período configurado: 2017-01 a 2017-12
2026-08-18 16:52:50,516 | INFO | ETAPA ATUAL: Validação dos arquivos de fonte
2026-08-18 16:52:50,516 | INFO | Todos os arquivos CSV obrigatórios foram encontrados.
2026-08-18 16:52:50,517 | INFO | ETAPA ATUAL: Inicialização da fonte CSV
2026-08-18 16:52:50,517 | INFO | ETAPA ATUAL: Carregamento dos datasets
2026-08-18 16:52:50,517 | INFO | ============================================================
2026-08-18 16:52:50,517 | INFO | CARREGANDO DATASETS
2026-08-18 16:52:50,517 | INFO | ============================================================
2026-08-18 16:52:50,517 | INFO | Fonte CSV inicializada.
2026-08-18 16:52:50,518 | INFO | Carregando orders...
2026-08-18 16:52:50,518 | INFO | Lendo arquivo: dados\raw\olist\olist_orders_dataset.csv
2026-08-18 16:52:50,857 | INFO | 99441 registros carregados.
2026-08-18 16:52:50,857 | INFO | 99441 registros carregados em 'orders'.
2026-08-18 16:52:50,857 | INFO | Carregando order_items...
2026-08-18 16:52:50,857 | INFO | Lendo arquivo: dados\raw\olist\olist_order_items_dataset.csv
2026-08-18 16:52:51,040 | INFO | 112650 registros carregados.
2026-08-18 16:52:51,041 | INFO | 112650 registros carregados em 'order_items'.
2026-08-18 16:52:51,041 | INFO | Carregando customers...
2026-08-18 16:52:51,041 | INFO | Lendo arquivo: dados\raw\olist\olist_customers_dataset.csv
2026-08-18 16:52:51,165 | INFO | 99441 registros carregados.
2026-08-18 16:52:51,165 | INFO | 99441 registros carregados em 'customers'.
2026-08-18 16:52:51,165 | INFO | Carregando products...
2026-08-18 16:52:51,165 | INFO | Lendo arquivo: dados\raw\olist\olist_products_dataset.csv
2026-08-18 16:52:51,207 | INFO | 32951 registros carregados.
2026-08-18 16:52:51,207 | INFO | 32951 registros carregados em 'products'.
2026-08-18 16:52:51,207 | INFO | Carregando payments...
2026-08-18 16:52:51,207 | INFO | Lendo arquivo: dados\raw\olist\olist_order_payments_dataset.csv
2026-08-18 16:52:51,289 | INFO | 103886 registros carregados.
2026-08-18 16:52:51,289 | INFO | 103886 registros carregados em 'payments'.
2026-08-18 16:52:51,289 | INFO | Carregando reviews...
2026-08-18 16:52:51,289 | INFO | Lendo arquivo: dados\raw\olist\olist_order_reviews_dataset.csv
2026-08-18 16:52:51,577 | INFO | 99224 registros carregados.
2026-08-18 16:52:51,577 | INFO | 99224 registros carregados em 'reviews'.
2026-08-18 16:52:51,578 | INFO | Carregando sellers...
2026-08-18 16:52:51,578 | INFO | Lendo arquivo: dados\raw\olist\olist_sellers_dataset.csv
2026-08-18 16:52:51,582 | INFO | 3095 registros carregados.
2026-08-18 16:52:51,582 | INFO | 3095 registros carregados em 'sellers'.
2026-08-18 16:52:51,582 | INFO | Carregando geolocation...
2026-08-18 16:52:51,582 | INFO | Lendo arquivo: dados\raw\olist\olist_geolocation_dataset.csv
2026-08-18 16:52:52,175 | INFO | 1000163 registros carregados.
2026-08-18 16:52:52,175 | INFO | 1000163 registros carregados em 'geolocation'.
2026-08-18 16:52:52,175 | INFO | Fonte CSV finalizada.
2026-08-18 16:52:52,175 | INFO | ============================================================
2026-08-18 16:52:52,175 | INFO | DATASETS CARREGADOS
2026-08-18 16:52:52,175 | INFO | ============================================================
2026-08-18 16:52:52,176 | INFO | ETAPA ATUAL: Integração pedidos + itens
2026-08-18 16:52:52,176 | INFO | ============================================================
2026-08-18 16:52:52,176 | INFO | INTEGRANDO PEDIDOS + ITENS
2026-08-18 16:52:52,176 | INFO | ============================================================
2026-08-18 16:52:52,245 | INFO | 99441 pedidos enriquecidos com itens.
2026-08-18 16:52:52,246 | INFO | ETAPA ATUAL: Integração pedidos + clientes
2026-08-18 16:52:52,246 | INFO | ============================================================
2026-08-18 16:52:52,246 | INFO | INTEGRANDO PEDIDOS + CLIENTES
2026-08-18 16:52:52,246 | INFO | ============================================================
2026-08-18 16:52:52,294 | INFO | 99441 pedidos enriquecidos com clientes.
2026-08-18 16:52:52,294 | INFO | ETAPA ATUAL: Integração itens + produtos
2026-08-18 16:52:52,294 | INFO | ============================================================
2026-08-18 16:52:52,294 | INFO | INTEGRANDO ITENS + PRODUTOS
2026-08-18 16:52:52,294 | INFO | ============================================================
2026-08-18 16:52:52,322 | INFO | 112650 itens enriquecidos com produtos.
2026-08-18 16:52:52,322 | INFO | ETAPA ATUAL: Integração pedidos + pagamentos
2026-08-18 16:52:52,323 | INFO | ============================================================
2026-08-18 16:52:52,323 | INFO | INTEGRANDO PEDIDOS + PAGAMENTOS
2026-08-18 16:52:52,323 | INFO | ============================================================
2026-08-18 16:52:52,455 | INFO | 99441 pedidos enriquecidos com pagamentos.
2026-08-18 16:52:52,456 | INFO | ETAPA ATUAL: Integração pedidos + reviews
2026-08-18 16:52:52,456 | INFO | ============================================================
2026-08-18 16:52:52,456 | INFO | INTEGRANDO PEDIDOS + REVIEWS
2026-08-18 16:52:52,456 | INFO | ============================================================
2026-08-18 16:52:52,569 | INFO | 99441 pedidos enriquecidos com reviews.
2026-08-18 16:52:52,569 | INFO | ETAPA ATUAL: Integração itens + sellers
2026-08-18 16:52:52,570 | INFO | ============================================================
2026-08-18 16:52:52,570 | INFO | INTEGRANDO ITENS + SELLERS
2026-08-18 16:52:52,570 | INFO | ============================================================
2026-08-18 16:52:52,590 | INFO | 112650 itens enriquecidos com sellers.
2026-08-18 16:52:52,591 | INFO | ETAPA ATUAL: Integração sellers + geolocation
2026-08-18 16:52:52,591 | INFO | ============================================================
2026-08-18 16:52:52,591 | INFO | INTEGRANDO SELLERS + GEOLOCATION
2026-08-18 16:52:52,591 | INFO | ============================================================
2026-08-18 16:52:52,802 | INFO | 3095 sellers enriquecidos com geolocation.
2026-08-18 16:52:52,803 | INFO | ETAPA ATUAL: Criação da Fato_Vendas
2026-08-18 16:52:53,135 | INFO | ETAPA ATUAL: Validação da Fato_Vendas
2026-08-18 16:52:53,188 | INFO | Fato_Vendas validada com sucesso.
2026-08-18 16:52:53,188 | INFO | Registros validados: 112,650
2026-08-18 16:52:53,188 | INFO | Colunas: 34
2026-08-18 16:52:53,189 | INFO | ETAPA ATUAL: Identificação do período disponível
2026-08-18 16:52:53,229 | INFO | ETAPA ATUAL: Definição do período de análise
2026-08-18 16:52:53,268 | INFO | ETAPA ATUAL: Aplicação do filtro de período
2026-08-18 16:52:53,341 | INFO | ETAPA ATUAL: Validação do período analisado
2026-08-18 16:52:53,364 | INFO | Período validado com sucesso.
2026-08-18 16:52:53,364 | INFO | Primeira venda: 2017-01-05 11:56:06
2026-08-18 16:52:53,364 | INFO | Última venda: 2017-12-31 23:29:31
2026-08-18 16:52:53,365 | INFO | Pedidos únicos: 44,579
2026-08-18 16:52:53,365 | INFO | Sellers únicos: 1,784
2026-08-18 16:52:53,365 | INFO | Receita: R$ 6,155,806.98
2026-08-18 16:52:53,365 | INFO | Frete: R$ 986,865.45
2026-08-18 16:52:53,365 | INFO | ETAPA ATUAL: Cálculo das métricas
2026-08-18 16:52:53,391 | INFO | ETAPA ATUAL: Preparação do diretório de saída
2026-08-18 16:52:53,391 | INFO | ETAPA ATUAL: Exportação do Excel
2026-08-18 16:52:53,392 | INFO | Iniciando exportação para Excel: dados\processed\Business_Analytics_Gabriel_Tecnologia_LTDA_2017-01_a_2017-12.xlsx
2026-08-18 16:52:53,394 | INFO | Exportando aba 'Resumo' com 1 registros.
2026-08-18 16:52:53,397 | INFO | Exportando aba 'Top_Sellers' com 10 registros.
2026-08-18 16:52:53,399 | INFO | Exportando aba 'Frete' com 10 registros.
2026-08-18 16:52:53,400 | INFO | Exportando aba 'Preco_Medio' com 10 registros.
2026-08-18 16:52:53,401 | INFO | Exportando aba 'Por_Estado' com 20 registros.
2026-08-18 16:52:53,406 | INFO | Exportando aba 'Fato_Vendas' com 50864 registros.
2026-08-18 16:53:18,142 | INFO | Arquivo base Excel criado.
2026-08-18 16:53:18,142 | INFO | Iniciando formatação do Excel.
2026-08-18 16:53:56,696 | INFO | Formatação do Excel concluída.
2026-08-18 16:53:56,699 | INFO | Arquivo Excel anterior substituído.
2026-08-18 16:53:56,699 | INFO | Arquivo Excel gerado com sucesso: dados\processed\Business_Analytics_Gabriel_Tecnologia_LTDA_2017-01_a_2017-12.xlsx
2026-08-18 16:53:56,699 | INFO | ETAPA ATUAL: Criação do Dashboard Excel
2026-08-18 16:53:56,699 | INFO | Iniciando criação do Dashboard Excel.
2026-08-18 16:54:31,331 | INFO | Dashboard Excel criado com sucesso.
2026-08-18 16:54:31,331 | INFO | Dashboard Excel criado com sucesso.
2026-08-18 16:54:31,331 | INFO | ETAPA ATUAL: Validação do arquivo Excel
2026-08-18 16:54:31,352 | INFO | Todas as abas esperadas foram encontradas.
2026-08-18 16:54:31,352 | INFO | Abas encontradas: ['Dashboard', 'Resumo', 'Top_Sellers', 'Frete', 'Preco_Medio', 'Por_Estado', 'Fato_Vendas', 'Dashboard_Dados']
2026-08-18 16:54:47,264 | INFO | Aba Fato_Vendas validada.
2026-08-18 16:54:47,264 | INFO | Registros na Fato_Vendas do Excel: 50,864
2026-08-18 16:54:47,266 | INFO | Arquivo Excel validado com sucesso.
2026-08-18 17:01:42,120 | INFO | ETAPA ATUAL: Inicialização
2026-08-18 17:01:42,120 | INFO | ETAPA ATUAL: Validação das configurações
2026-08-18 17:01:42,121 | INFO | Período configurado: 2017-01 a 2017-12
2026-08-18 17:01:42,121 | INFO | ETAPA ATUAL: Validação dos arquivos de fonte
2026-08-18 17:01:42,121 | INFO | Todos os arquivos CSV obrigatórios foram encontrados.
2026-08-18 17:01:42,122 | INFO | ETAPA ATUAL: Inicialização da fonte CSV
2026-08-18 17:01:42,122 | INFO | ETAPA ATUAL: Carregamento dos datasets
2026-08-18 17:01:42,122 | INFO | ============================================================
2026-08-18 17:01:42,122 | INFO | CARREGANDO DATASETS
2026-08-18 17:01:42,122 | INFO | ============================================================
2026-08-18 17:01:42,122 | INFO | Fonte CSV inicializada.
2026-08-18 17:01:42,123 | INFO | Carregando orders...
2026-08-18 17:01:42,123 | INFO | Lendo arquivo: dados\raw\olist\olist_orders_dataset.csv
2026-08-18 17:01:42,426 | INFO | 99441 registros carregados.
2026-08-18 17:01:42,427 | INFO | 99441 registros carregados em 'orders'.
2026-08-18 17:01:42,427 | INFO | Carregando order_items...
2026-08-18 17:01:42,427 | INFO | Lendo arquivo: dados\raw\olist\olist_order_items_dataset.csv
2026-08-18 17:01:42,624 | INFO | 112650 registros carregados.
2026-08-18 17:01:42,624 | INFO | 112650 registros carregados em 'order_items'.
2026-08-18 17:01:42,624 | INFO | Carregando customers...
2026-08-18 17:01:42,624 | INFO | Lendo arquivo: dados\raw\olist\olist_customers_dataset.csv
2026-08-18 17:01:42,767 | INFO | 99441 registros carregados.
2026-08-18 17:01:42,767 | INFO | 99441 registros carregados em 'customers'.
2026-08-18 17:01:42,767 | INFO | Carregando products...
2026-08-18 17:01:42,767 | INFO | Lendo arquivo: dados\raw\olist\olist_products_dataset.csv
2026-08-18 17:01:42,820 | INFO | 32951 registros carregados.
2026-08-18 17:01:42,820 | INFO | 32951 registros carregados em 'products'.
2026-08-18 17:01:42,820 | INFO | Carregando payments...
2026-08-18 17:01:42,820 | INFO | Lendo arquivo: dados\raw\olist\olist_order_payments_dataset.csv
2026-08-18 17:01:42,901 | INFO | 103886 registros carregados.
2026-08-18 17:01:42,901 | INFO | 103886 registros carregados em 'payments'.
2026-08-18 17:01:42,901 | INFO | Carregando reviews...
2026-08-18 17:01:42,901 | INFO | Lendo arquivo: dados\raw\olist\olist_order_reviews_dataset.csv
2026-08-18 17:01:43,181 | INFO | 99224 registros carregados.
2026-08-18 17:01:43,181 | INFO | 99224 registros carregados em 'reviews'.
2026-08-18 17:01:43,181 | INFO | Carregando sellers...
2026-08-18 17:01:43,181 | INFO | Lendo arquivo: dados\raw\olist\olist_sellers_dataset.csv
2026-08-18 17:01:43,186 | INFO | 3095 registros carregados.
2026-08-18 17:01:43,186 | INFO | 3095 registros carregados em 'sellers'.
2026-08-18 17:01:43,186 | INFO | Carregando geolocation...
2026-08-18 17:01:43,186 | INFO | Lendo arquivo: dados\raw\olist\olist_geolocation_dataset.csv
2026-08-18 17:01:43,760 | INFO | 1000163 registros carregados.
2026-08-18 17:01:43,760 | INFO | 1000163 registros carregados em 'geolocation'.
2026-08-18 17:01:43,760 | INFO | Fonte CSV finalizada.
2026-08-18 17:01:43,761 | INFO | ============================================================
2026-08-18 17:01:43,761 | INFO | DATASETS CARREGADOS
2026-08-18 17:01:43,761 | INFO | ============================================================
2026-08-18 17:01:43,761 | INFO | ETAPA ATUAL: Integração pedidos + itens
2026-08-18 17:01:43,761 | INFO | ============================================================
2026-08-18 17:01:43,761 | INFO | INTEGRANDO PEDIDOS + ITENS
2026-08-18 17:01:43,761 | INFO | ============================================================
2026-08-18 17:01:43,831 | INFO | 99441 pedidos enriquecidos com itens.
2026-08-18 17:01:43,831 | INFO | ETAPA ATUAL: Integração pedidos + clientes
2026-08-18 17:01:43,832 | INFO | ============================================================
2026-08-18 17:01:43,832 | INFO | INTEGRANDO PEDIDOS + CLIENTES
2026-08-18 17:01:43,832 | INFO | ============================================================
2026-08-18 17:01:43,872 | INFO | 99441 pedidos enriquecidos com clientes.
2026-08-18 17:01:43,872 | INFO | ETAPA ATUAL: Integração itens + produtos
2026-08-18 17:01:43,873 | INFO | ============================================================
2026-08-18 17:01:43,873 | INFO | INTEGRANDO ITENS + PRODUTOS
2026-08-18 17:01:43,873 | INFO | ============================================================
2026-08-18 17:01:43,900 | INFO | 112650 itens enriquecidos com produtos.
2026-08-18 17:01:43,900 | INFO | ETAPA ATUAL: Integração pedidos + pagamentos
2026-08-18 17:01:43,900 | INFO | ============================================================
2026-08-18 17:01:43,900 | INFO | INTEGRANDO PEDIDOS + PAGAMENTOS
2026-08-18 17:01:43,900 | INFO | ============================================================
2026-08-18 17:01:44,022 | INFO | 99441 pedidos enriquecidos com pagamentos.
2026-08-18 17:01:44,023 | INFO | ETAPA ATUAL: Integração pedidos + reviews
2026-08-18 17:01:44,023 | INFO | ============================================================
2026-08-18 17:01:44,023 | INFO | INTEGRANDO PEDIDOS + REVIEWS
2026-08-18 17:01:44,023 | INFO | ============================================================
2026-08-18 17:01:44,132 | INFO | 99441 pedidos enriquecidos com reviews.
2026-08-18 17:01:44,133 | INFO | ETAPA ATUAL: Integração itens + sellers
2026-08-18 17:01:44,133 | INFO | ============================================================
2026-08-18 17:01:44,133 | INFO | INTEGRANDO ITENS + SELLERS
2026-08-18 17:01:44,133 | INFO | ============================================================
2026-08-18 17:01:44,153 | INFO | 112650 itens enriquecidos com sellers.
2026-08-18 17:01:44,153 | INFO | ETAPA ATUAL: Integração sellers + geolocation
2026-08-18 17:01:44,153 | INFO | ============================================================
2026-08-18 17:01:44,153 | INFO | INTEGRANDO SELLERS + GEOLOCATION
2026-08-18 17:01:44,154 | INFO | ============================================================
2026-08-18 17:01:44,364 | INFO | 3095 sellers enriquecidos com geolocation.
2026-08-18 17:01:44,364 | INFO | ETAPA ATUAL: Criação da Fato_Vendas
2026-08-18 17:01:44,697 | INFO | ETAPA ATUAL: Validação da Fato_Vendas
2026-08-18 17:01:44,750 | INFO | Fato_Vendas validada com sucesso.
2026-08-18 17:01:44,750 | INFO | Registros validados: 112,650
2026-08-18 17:01:44,750 | INFO | Colunas: 34
2026-08-18 17:01:44,751 | INFO | ETAPA ATUAL: Identificação do período disponível
2026-08-18 17:01:44,790 | INFO | ETAPA ATUAL: Definição do período de análise
2026-08-18 17:01:44,830 | INFO | ETAPA ATUAL: Aplicação do filtro de período
2026-08-18 17:01:44,904 | INFO | ETAPA ATUAL: Validação do período analisado
2026-08-18 17:01:44,926 | INFO | Período validado com sucesso.
2026-08-18 17:01:44,927 | INFO | Primeira venda: 2017-01-05 11:56:06
2026-08-18 17:01:44,927 | INFO | Última venda: 2017-12-31 23:29:31
2026-08-18 17:01:44,927 | INFO | Pedidos únicos: 44,579
2026-08-18 17:01:44,927 | INFO | Sellers únicos: 1,784
2026-08-18 17:01:44,927 | INFO | Receita: R$ 6,155,806.98
2026-08-18 17:01:44,927 | INFO | Frete: R$ 986,865.45
2026-08-18 17:01:44,928 | INFO | ETAPA ATUAL: Cálculo das métricas
2026-08-18 17:01:44,953 | INFO | ETAPA ATUAL: Preparação do diretório de saída
2026-08-18 17:01:44,954 | INFO | ETAPA ATUAL: Exportação do Excel
2026-08-18 17:01:44,955 | INFO | Iniciando exportação para Excel: dados\processed\Business_Analytics_Gabriel_Tecnologia_LTDA_2017-01_a_2017-12.xlsx
2026-08-18 17:01:44,956 | INFO | Exportando aba 'Resumo' com 1 registros.
2026-08-18 17:01:44,959 | INFO | Exportando aba 'Top_Sellers' com 10 registros.
2026-08-18 17:01:44,961 | INFO | Exportando aba 'Frete' com 10 registros.
2026-08-18 17:01:44,962 | INFO | Exportando aba 'Preco_Medio' com 10 registros.
2026-08-18 17:01:44,963 | INFO | Exportando aba 'Por_Estado' com 20 registros.
2026-08-18 17:01:44,967 | INFO | Exportando aba 'Fato_Vendas' com 50864 registros.
2026-08-18 17:02:10,292 | INFO | Arquivo base Excel criado.
2026-08-18 17:02:10,292 | INFO | Iniciando formatação do Excel.
2026-08-18 17:02:49,202 | INFO | Formatação do Excel concluída.
2026-08-18 17:02:49,203 | ERROR | Não foi possível substituir o arquivo Excel porque ele está sendo utilizado por outro processo.
2026-08-18 17:02:52,697 | ERROR | ERRO INESPERADO.
Traceback (most recent call last):
  File "C:\Users\gabri\OneDrive\Área de Trabalho\Cursos\Pos Tech Data Analytics\Projetos GitHub\Business Analytics Automation\src\exporters\excel_exporter.py", line 225, in _substituir_arquivo
    os.replace(
    ~~~~~~~~~~^
        arquivo_temporario,
        ^^^^^^^^^^^^^^^^^^^
        self.output_path,
        ^^^^^^^^^^^^^^^^^
    )
    ^
PermissionError: [WinError 5] Acesso negado: 'dados\\processed\\Business_Analytics_Gabriel_Tecnologia_LTDA_2017-01_a_2017-12_temp.xlsx' -> 'dados\\processed\\Business_Analytics_Gabriel_Tecnologia_LTDA_2017-01_a_2017-12.xlsx'

During handling of the above exception, another exception occurred:

Traceback (most recent call last):
  File "C:\Users\gabri\OneDrive\Área de Trabalho\Cursos\Pos Tech Data Analytics\Projetos GitHub\Business Analytics Automation\src\exporters\excel_exporter.py", line 252, in _substituir_arquivo
    os.replace(
    ~~~~~~~~~~^
        arquivo_temporario,
        ^^^^^^^^^^^^^^^^^^^
        self.output_path,
        ^^^^^^^^^^^^^^^^^
    )
    ^
PermissionError: [WinError 5] Acesso negado: 'dados\\processed\\Business_Analytics_Gabriel_Tecnologia_LTDA_2017-01_a_2017-12_temp.xlsx' -> 'dados\\processed\\Business_Analytics_Gabriel_Tecnologia_LTDA_2017-01_a_2017-12.xlsx'

The above exception was the direct cause of the following exception:

Traceback (most recent call last):
  File "C:\Users\gabri\OneDrive\Área de Trabalho\Cursos\Pos Tech Data Analytics\Projetos GitHub\Business Analytics Automation\main.py", line 2244, in <module>
    main()
    ~~~~^^
  File "C:\Users\gabri\OneDrive\Área de Trabalho\Cursos\Pos Tech Data Analytics\Projetos GitHub\Business Analytics Automation\main.py", line 2122, in main
    exporter.exportar(
    ~~~~~~~~~~~~~~~~~^
    
    
    ...<26 lines>...
        }
        ^
    )
    ^
  File "C:\Users\gabri\OneDrive\Área de Trabalho\Cursos\Pos Tech Data Analytics\Projetos GitHub\Business Analytics Automation\src\exporters\excel_exporter.py", line 142, in exportar
    self._substituir_arquivo(
    ~~~~~~~~~~~~~~~~~~~~~~~~^
        arquivo_temporario
        ^^^^^^^^^^^^^^^^^^
    )
    ^
  File "C:\Users\gabri\OneDrive\Área de Trabalho\Cursos\Pos Tech Data Analytics\Projetos GitHub\Business Analytics Automation\src\exporters\excel_exporter.py", line 279, in _substituir_arquivo
    raise PermissionError(
    ...<7 lines>...
    ) from erro
PermissionError: 
Não foi possível atualizar o arquivo Excel.

Arquivo: dados\processed\Business_Analytics_Gabriel_Tecnologia_LTDA_2017-01_a_2017-12.xlsx

O arquivo provavelmente está aberto no Excel ou sendo utilizado por outro processo.

Feche o arquivo Excel e execute novamente:
python main.py
2026-08-18 17:03:48,138 | INFO | ETAPA ATUAL: Inicialização
2026-08-18 17:03:48,138 | INFO | ETAPA ATUAL: Validação das configurações
2026-08-18 17:03:48,139 | INFO | Período configurado: 2017-01 a 2017-12
2026-08-18 17:03:48,139 | INFO | ETAPA ATUAL: Validação dos arquivos de fonte
2026-08-18 17:03:48,139 | INFO | Todos os arquivos CSV obrigatórios foram encontrados.
2026-08-18 17:03:48,140 | INFO | ETAPA ATUAL: Inicialização da fonte CSV
2026-08-18 17:03:48,140 | INFO | ETAPA ATUAL: Carregamento dos datasets
2026-08-18 17:03:48,140 | INFO | ============================================================
2026-08-18 17:03:48,140 | INFO | CARREGANDO DATASETS
2026-08-18 17:03:48,140 | INFO | ============================================================
2026-08-18 17:03:48,140 | INFO | Fonte CSV inicializada.
2026-08-18 17:03:48,141 | INFO | Carregando orders...
2026-08-18 17:03:48,141 | INFO | Lendo arquivo: dados\raw\olist\olist_orders_dataset.csv
2026-08-18 17:03:48,490 | INFO | 99441 registros carregados.
2026-08-18 17:03:48,490 | INFO | 99441 registros carregados em 'orders'.
2026-08-18 17:03:48,490 | INFO | Carregando order_items...
2026-08-18 17:03:48,490 | INFO | Lendo arquivo: dados\raw\olist\olist_order_items_dataset.csv
2026-08-18 17:03:48,676 | INFO | 112650 registros carregados.
2026-08-18 17:03:48,676 | INFO | 112650 registros carregados em 'order_items'.
2026-08-18 17:03:48,676 | INFO | Carregando customers...
2026-08-18 17:03:48,676 | INFO | Lendo arquivo: dados\raw\olist\olist_customers_dataset.csv
2026-08-18 17:03:48,803 | INFO | 99441 registros carregados.
2026-08-18 17:03:48,803 | INFO | 99441 registros carregados em 'customers'.
2026-08-18 17:03:48,803 | INFO | Carregando products...
2026-08-18 17:03:48,803 | INFO | Lendo arquivo: dados\raw\olist\olist_products_dataset.csv
2026-08-18 17:03:48,844 | INFO | 32951 registros carregados.
2026-08-18 17:03:48,845 | INFO | 32951 registros carregados em 'products'.
2026-08-18 17:03:48,845 | INFO | Carregando payments...
2026-08-18 17:03:48,845 | INFO | Lendo arquivo: dados\raw\olist\olist_order_payments_dataset.csv
2026-08-18 17:03:48,931 | INFO | 103886 registros carregados.
2026-08-18 17:03:48,931 | INFO | 103886 registros carregados em 'payments'.
2026-08-18 17:03:48,931 | INFO | Carregando reviews...
2026-08-18 17:03:48,932 | INFO | Lendo arquivo: dados\raw\olist\olist_order_reviews_dataset.csv
2026-08-18 17:03:49,218 | INFO | 99224 registros carregados.
2026-08-18 17:03:49,218 | INFO | 99224 registros carregados em 'reviews'.
2026-08-18 17:03:49,218 | INFO | Carregando sellers...
2026-08-18 17:03:49,218 | INFO | Lendo arquivo: dados\raw\olist\olist_sellers_dataset.csv
2026-08-18 17:03:49,222 | INFO | 3095 registros carregados.
2026-08-18 17:03:49,223 | INFO | 3095 registros carregados em 'sellers'.
2026-08-18 17:03:49,223 | INFO | Carregando geolocation...
2026-08-18 17:03:49,223 | INFO | Lendo arquivo: dados\raw\olist\olist_geolocation_dataset.csv
2026-08-18 17:03:49,806 | INFO | 1000163 registros carregados.
2026-08-18 17:03:49,807 | INFO | 1000163 registros carregados em 'geolocation'.
2026-08-18 17:03:49,807 | INFO | Fonte CSV finalizada.
2026-08-18 17:03:49,807 | INFO | ============================================================
2026-08-18 17:03:49,807 | INFO | DATASETS CARREGADOS
2026-08-18 17:03:49,807 | INFO | ============================================================
2026-08-18 17:03:49,807 | INFO | ETAPA ATUAL: Integração pedidos + itens
2026-08-18 17:03:49,807 | INFO | ============================================================
2026-08-18 17:03:49,807 | INFO | INTEGRANDO PEDIDOS + ITENS
2026-08-18 17:03:49,807 | INFO | ============================================================
2026-08-18 17:03:49,894 | INFO | 99441 pedidos enriquecidos com itens.
2026-08-18 17:03:49,895 | INFO | ETAPA ATUAL: Integração pedidos + clientes
2026-08-18 17:03:49,895 | INFO | ============================================================
2026-08-18 17:03:49,895 | INFO | INTEGRANDO PEDIDOS + CLIENTES
2026-08-18 17:03:49,895 | INFO | ============================================================
2026-08-18 17:03:49,943 | INFO | 99441 pedidos enriquecidos com clientes.
2026-08-18 17:03:49,943 | INFO | ETAPA ATUAL: Integração itens + produtos
2026-08-18 17:03:49,943 | INFO | ============================================================
2026-08-18 17:03:49,943 | INFO | INTEGRANDO ITENS + PRODUTOS
2026-08-18 17:03:49,943 | INFO | ============================================================
2026-08-18 17:03:49,970 | INFO | 112650 itens enriquecidos com produtos.
2026-08-18 17:03:49,971 | INFO | ETAPA ATUAL: Integração pedidos + pagamentos
2026-08-18 17:03:49,971 | INFO | ============================================================
2026-08-18 17:03:49,971 | INFO | INTEGRANDO PEDIDOS + PAGAMENTOS
2026-08-18 17:03:49,971 | INFO | ============================================================
2026-08-18 17:03:50,136 | INFO | 99441 pedidos enriquecidos com pagamentos.
2026-08-18 17:03:50,137 | INFO | ETAPA ATUAL: Integração pedidos + reviews
2026-08-18 17:03:50,137 | INFO | ============================================================
2026-08-18 17:03:50,137 | INFO | INTEGRANDO PEDIDOS + REVIEWS
2026-08-18 17:03:50,137 | INFO | ============================================================
2026-08-18 17:03:50,292 | INFO | 99441 pedidos enriquecidos com reviews.
2026-08-18 17:03:50,292 | INFO | ETAPA ATUAL: Integração itens + sellers
2026-08-18 17:03:50,293 | INFO | ============================================================
2026-08-18 17:03:50,293 | INFO | INTEGRANDO ITENS + SELLERS
2026-08-18 17:03:50,293 | INFO | ============================================================
2026-08-18 17:03:50,315 | INFO | 112650 itens enriquecidos com sellers.
2026-08-18 17:03:50,315 | INFO | ETAPA ATUAL: Integração sellers + geolocation
2026-08-18 17:03:50,315 | INFO | ============================================================
2026-08-18 17:03:50,315 | INFO | INTEGRANDO SELLERS + GEOLOCATION
2026-08-18 17:03:50,315 | INFO | ============================================================
2026-08-18 17:03:50,539 | INFO | 3095 sellers enriquecidos com geolocation.
2026-08-18 17:03:50,539 | INFO | ETAPA ATUAL: Criação da Fato_Vendas
2026-08-18 17:03:50,970 | INFO | ETAPA ATUAL: Validação da Fato_Vendas
2026-08-18 17:03:51,025 | INFO | Fato_Vendas validada com sucesso.
2026-08-18 17:03:51,025 | INFO | Registros validados: 112,650
2026-08-18 17:03:51,026 | INFO | Colunas: 34
2026-08-18 17:03:51,026 | INFO | ETAPA ATUAL: Identificação do período disponível
2026-08-18 17:03:51,067 | INFO | ETAPA ATUAL: Definição do período de análise
2026-08-18 17:03:51,107 | INFO | ETAPA ATUAL: Aplicação do filtro de período
2026-08-18 17:03:51,195 | INFO | ETAPA ATUAL: Validação do período analisado
2026-08-18 17:03:51,221 | INFO | Período validado com sucesso.
2026-08-18 17:03:51,221 | INFO | Primeira venda: 2017-01-05 11:56:06
2026-08-18 17:03:51,221 | INFO | Última venda: 2017-12-31 23:29:31
2026-08-18 17:03:51,222 | INFO | Pedidos únicos: 44,579
2026-08-18 17:03:51,222 | INFO | Sellers únicos: 1,784
2026-08-18 17:03:51,222 | INFO | Receita: R$ 6,155,806.98
2026-08-18 17:03:51,222 | INFO | Frete: R$ 986,865.45
2026-08-18 17:03:51,222 | INFO | ETAPA ATUAL: Cálculo das métricas
2026-08-18 17:03:51,249 | INFO | ETAPA ATUAL: Preparação do diretório de saída
2026-08-18 17:03:51,250 | INFO | ETAPA ATUAL: Exportação do Excel
2026-08-18 17:03:51,251 | INFO | Iniciando exportação para Excel: dados\processed\Business_Analytics_Gabriel_Tecnologia_LTDA_2017-01_a_2017-12.xlsx
2026-08-18 17:03:51,253 | INFO | Exportando aba 'Resumo' com 1 registros.
2026-08-18 17:03:51,256 | INFO | Exportando aba 'Top_Sellers' com 10 registros.
2026-08-18 17:03:51,257 | INFO | Exportando aba 'Frete' com 10 registros.
2026-08-18 17:03:51,259 | INFO | Exportando aba 'Preco_Medio' com 10 registros.
2026-08-18 17:03:51,260 | INFO | Exportando aba 'Por_Estado' com 20 registros.
2026-08-18 17:03:51,265 | INFO | Exportando aba 'Fato_Vendas' com 50864 registros.
2026-08-18 17:04:16,067 | INFO | Arquivo base Excel criado.
2026-08-18 17:04:16,068 | INFO | Iniciando formatação do Excel.
2026-08-18 17:04:54,556 | INFO | Formatação do Excel concluída.
2026-08-18 17:04:54,559 | INFO | Arquivo Excel anterior substituído.
2026-08-18 17:04:54,559 | INFO | Arquivo Excel gerado com sucesso: dados\processed\Business_Analytics_Gabriel_Tecnologia_LTDA_2017-01_a_2017-12.xlsx
2026-08-18 17:04:54,559 | INFO | ETAPA ATUAL: Criação do Dashboard Excel
2026-08-18 17:04:54,559 | INFO | Iniciando criação do Dashboard Excel.
2026-08-18 17:05:29,902 | INFO | Dashboard Excel criado com sucesso.
2026-08-18 17:05:29,903 | INFO | Dashboard Excel criado com sucesso.
2026-08-18 17:05:29,903 | INFO | ETAPA ATUAL: Validação do arquivo Excel
2026-08-18 17:05:29,926 | INFO | Todas as abas esperadas foram encontradas.
2026-08-18 17:05:29,926 | INFO | Abas encontradas: ['Dashboard', 'Resumo', 'Top_Sellers', 'Frete', 'Preco_Medio', 'Por_Estado', 'Fato_Vendas', 'Dashboard_Dados']
2026-08-18 17:05:46,099 | INFO | Aba Fato_Vendas validada.
2026-08-18 17:05:46,099 | INFO | Registros na Fato_Vendas do Excel: 50,864
2026-08-18 17:05:46,099 | INFO | Aba Dashboard validada.
2026-08-18 17:05:46,102 | INFO | Arquivo Excel validado com sucesso.
2026-08-18 17:05:46,102 | INFO | ETAPA ATUAL: Validação de integridade da exportação
2026-08-18 17:06:00,873 | INFO | Integridade da exportação validada com sucesso.
2026-08-18 17:06:00,873 | INFO | Registros origem: 50,864
2026-08-18 17:06:00,873 | INFO | Registros Excel: 50,864
2026-08-18 17:06:00,874 | INFO | Receita validada: R$ 6,155,806.98
2026-08-18 17:06:00,874 | INFO | Frete validado: R$ 986,865.45
2026-08-18 17:13:53,990 | INFO | ETAPA ATUAL: Inicialização
2026-08-18 17:13:53,991 | INFO | ETAPA ATUAL: Validação das configurações
2026-08-18 17:13:53,991 | INFO | Período configurado: 2017-01 a 2017-12
2026-08-18 17:13:53,991 | INFO | ETAPA ATUAL: Validação dos arquivos de fonte
2026-08-18 17:13:53,992 | INFO | Todos os arquivos CSV obrigatórios foram encontrados.
2026-08-18 17:13:53,992 | INFO | ETAPA ATUAL: Inicialização da fonte CSV
2026-08-18 17:13:53,992 | INFO | ETAPA ATUAL: Carregamento dos datasets
2026-08-18 17:13:53,992 | INFO | ============================================================
2026-08-18 17:13:53,992 | INFO | CARREGANDO DATASETS
2026-08-18 17:13:53,992 | INFO | ============================================================
2026-08-18 17:13:53,992 | INFO | Fonte CSV inicializada.
2026-08-18 17:13:53,993 | INFO | Carregando orders...
2026-08-18 17:13:53,993 | INFO | Lendo arquivo: dados\raw\olist\olist_orders_dataset.csv
2026-08-18 17:13:54,341 | INFO | 99441 registros carregados.
2026-08-18 17:13:54,342 | INFO | 99441 registros carregados em 'orders'.
2026-08-18 17:13:54,342 | INFO | Carregando order_items...
2026-08-18 17:13:54,342 | INFO | Lendo arquivo: dados\raw\olist\olist_order_items_dataset.csv
2026-08-18 17:13:54,528 | INFO | 112650 registros carregados.
2026-08-18 17:13:54,528 | INFO | 112650 registros carregados em 'order_items'.
2026-08-18 17:13:54,528 | INFO | Carregando customers...
2026-08-18 17:13:54,529 | INFO | Lendo arquivo: dados\raw\olist\olist_customers_dataset.csv
2026-08-18 17:13:54,660 | INFO | 99441 registros carregados.
2026-08-18 17:13:54,660 | INFO | 99441 registros carregados em 'customers'.
2026-08-18 17:13:54,660 | INFO | Carregando products...
2026-08-18 17:13:54,660 | INFO | Lendo arquivo: dados\raw\olist\olist_products_dataset.csv
2026-08-18 17:13:54,702 | INFO | 32951 registros carregados.
2026-08-18 17:13:54,702 | INFO | 32951 registros carregados em 'products'.
2026-08-18 17:13:54,702 | INFO | Carregando payments...
2026-08-18 17:13:54,703 | INFO | Lendo arquivo: dados\raw\olist\olist_order_payments_dataset.csv
2026-08-18 17:13:54,787 | INFO | 103886 registros carregados.
2026-08-18 17:13:54,787 | INFO | 103886 registros carregados em 'payments'.
2026-08-18 17:13:54,787 | INFO | Carregando reviews...
2026-08-18 17:13:54,787 | INFO | Lendo arquivo: dados\raw\olist\olist_order_reviews_dataset.csv
2026-08-18 17:13:55,071 | INFO | 99224 registros carregados.
2026-08-18 17:13:55,071 | INFO | 99224 registros carregados em 'reviews'.
2026-08-18 17:13:55,071 | INFO | Carregando sellers...
2026-08-18 17:13:55,071 | INFO | Lendo arquivo: dados\raw\olist\olist_sellers_dataset.csv
2026-08-18 17:13:55,076 | INFO | 3095 registros carregados.
2026-08-18 17:13:55,076 | INFO | 3095 registros carregados em 'sellers'.
2026-08-18 17:13:55,076 | INFO | Carregando geolocation...
2026-08-18 17:13:55,076 | INFO | Lendo arquivo: dados\raw\olist\olist_geolocation_dataset.csv
2026-08-18 17:13:55,655 | INFO | 1000163 registros carregados.
2026-08-18 17:13:55,655 | INFO | 1000163 registros carregados em 'geolocation'.
2026-08-18 17:13:55,655 | INFO | Fonte CSV finalizada.
2026-08-18 17:13:55,655 | INFO | ============================================================
2026-08-18 17:13:55,655 | INFO | DATASETS CARREGADOS
2026-08-18 17:13:55,655 | INFO | ============================================================
2026-08-18 17:13:55,656 | INFO | ETAPA ATUAL: Integração pedidos + itens
2026-08-18 17:13:55,656 | INFO | ============================================================
2026-08-18 17:13:55,656 | INFO | INTEGRANDO PEDIDOS + ITENS
2026-08-18 17:13:55,656 | INFO | ============================================================
2026-08-18 17:13:55,725 | INFO | 99441 pedidos enriquecidos com itens.
2026-08-18 17:13:55,725 | INFO | ETAPA ATUAL: Integração pedidos + clientes
2026-08-18 17:13:55,726 | INFO | ============================================================
2026-08-18 17:13:55,726 | INFO | INTEGRANDO PEDIDOS + CLIENTES
2026-08-18 17:13:55,726 | INFO | ============================================================
2026-08-18 17:13:55,781 | INFO | 99441 pedidos enriquecidos com clientes.
2026-08-18 17:13:55,781 | INFO | ETAPA ATUAL: Integração itens + produtos
2026-08-18 17:13:55,781 | INFO | ============================================================
2026-08-18 17:13:55,781 | INFO | INTEGRANDO ITENS + PRODUTOS
2026-08-18 17:13:55,781 | INFO | ============================================================
2026-08-18 17:13:55,808 | INFO | 112650 itens enriquecidos com produtos.
2026-08-18 17:13:55,809 | INFO | ETAPA ATUAL: Integração pedidos + pagamentos
2026-08-18 17:13:55,809 | INFO | ============================================================
2026-08-18 17:13:55,809 | INFO | INTEGRANDO PEDIDOS + PAGAMENTOS
2026-08-18 17:13:55,809 | INFO | ============================================================
2026-08-18 17:13:55,935 | INFO | 99441 pedidos enriquecidos com pagamentos.
2026-08-18 17:13:55,935 | INFO | ETAPA ATUAL: Integração pedidos + reviews
2026-08-18 17:13:55,936 | INFO | ============================================================
2026-08-18 17:13:55,936 | INFO | INTEGRANDO PEDIDOS + REVIEWS
2026-08-18 17:13:55,936 | INFO | ============================================================
2026-08-18 17:13:56,052 | INFO | 99441 pedidos enriquecidos com reviews.
2026-08-18 17:13:56,053 | INFO | ETAPA ATUAL: Integração itens + sellers
2026-08-18 17:13:56,053 | INFO | ============================================================
2026-08-18 17:13:56,053 | INFO | INTEGRANDO ITENS + SELLERS
2026-08-18 17:13:56,053 | INFO | ============================================================
2026-08-18 17:13:56,073 | INFO | 112650 itens enriquecidos com sellers.
2026-08-18 17:13:56,073 | INFO | ETAPA ATUAL: Integração sellers + geolocation
2026-08-18 17:13:56,074 | INFO | ============================================================
2026-08-18 17:13:56,074 | INFO | INTEGRANDO SELLERS + GEOLOCATION
2026-08-18 17:13:56,074 | INFO | ============================================================
2026-08-18 17:13:56,286 | INFO | 3095 sellers enriquecidos com geolocation.
2026-08-18 17:13:56,286 | INFO | ETAPA ATUAL: Criação da Fato_Vendas
2026-08-18 17:13:56,640 | INFO | ETAPA ATUAL: Validação da Fato_Vendas
2026-08-18 17:13:56,691 | INFO | Fato_Vendas validada com sucesso.
2026-08-18 17:13:56,691 | INFO | Registros validados: 112,650
2026-08-18 17:13:56,691 | INFO | Colunas: 34
2026-08-18 17:13:56,692 | INFO | ETAPA ATUAL: Identificação do período disponível
2026-08-18 17:13:56,731 | INFO | ETAPA ATUAL: Definição do período de análise
2026-08-18 17:13:56,771 | INFO | ETAPA ATUAL: Aplicação do filtro de período
2026-08-18 17:13:56,849 | INFO | ETAPA ATUAL: Validação do período analisado
2026-08-18 17:13:56,872 | INFO | Período validado com sucesso.
2026-08-18 17:13:56,872 | INFO | Primeira venda: 2017-01-05 11:56:06
2026-08-18 17:13:56,872 | INFO | Última venda: 2017-12-31 23:29:31
2026-08-18 17:13:56,872 | INFO | Pedidos únicos: 44,579
2026-08-18 17:13:56,872 | INFO | Sellers únicos: 1,784
2026-08-18 17:13:56,872 | INFO | Receita: R$ 6,155,806.98
2026-08-18 17:13:56,873 | INFO | Frete: R$ 986,865.45
2026-08-18 17:13:56,873 | INFO | ETAPA ATUAL: Cálculo das métricas
2026-08-18 17:13:56,898 | INFO | ETAPA ATUAL: Preparação do diretório de saída
2026-08-18 17:13:56,899 | INFO | ETAPA ATUAL: Exportação do Excel
2026-08-18 17:13:56,900 | INFO | Iniciando exportação para Excel: dados\processed\Business_Analytics_Gabriel_Tecnologia_LTDA_2017-01_a_2017-12.xlsx
2026-08-18 17:13:56,901 | INFO | Exportando aba 'Resumo' com 1 registros.
2026-08-18 17:13:56,904 | INFO | Exportando aba 'Top_Sellers' com 10 registros.
2026-08-18 17:13:56,905 | INFO | Exportando aba 'Frete' com 10 registros.
2026-08-18 17:13:56,907 | INFO | Exportando aba 'Preco_Medio' com 10 registros.
2026-08-18 17:13:56,909 | INFO | Exportando aba 'Por_Estado' com 20 registros.
2026-08-18 17:13:56,912 | INFO | Exportando aba 'Fato_Vendas' com 50864 registros.
2026-08-18 17:14:22,004 | INFO | Arquivo base Excel criado.
2026-08-18 17:14:22,004 | INFO | Iniciando formatação do Excel.
2026-08-18 17:15:00,371 | INFO | Formatação do Excel concluída.
2026-08-18 17:15:00,373 | INFO | Arquivo Excel anterior substituído.
2026-08-18 17:15:00,373 | INFO | Arquivo Excel gerado com sucesso: dados\processed\Business_Analytics_Gabriel_Tecnologia_LTDA_2017-01_a_2017-12.xlsx
2026-08-18 17:15:00,374 | INFO | ETAPA ATUAL: Criação do Dashboard Excel
2026-08-18 17:15:00,374 | INFO | Iniciando criação do Dashboard Excel.
2026-08-18 17:15:34,866 | INFO | Dashboard Excel criado com sucesso.
2026-08-18 17:15:34,867 | INFO | Dashboard Excel criado com sucesso.
2026-08-18 17:15:34,867 | INFO | ETAPA ATUAL: Validação do arquivo Excel
2026-08-18 17:15:34,886 | INFO | Todas as abas esperadas foram encontradas.
2026-08-18 17:15:34,886 | INFO | Abas encontradas: ['Dashboard', 'Resumo', 'Top_Sellers', 'Frete', 'Preco_Medio', 'Por_Estado', 'Fato_Vendas', 'Dashboard_Dados']
2026-08-18 17:15:50,775 | INFO | Aba Fato_Vendas validada.
2026-08-18 17:15:50,775 | INFO | Registros na Fato_Vendas do Excel: 50,864
2026-08-18 17:15:50,775 | INFO | Aba Dashboard validada.
2026-08-18 17:15:50,777 | INFO | Arquivo Excel validado com sucesso.
2026-08-18 17:15:50,777 | INFO | ETAPA ATUAL: Validação de integridade da exportação
2026-08-18 17:16:05,412 | INFO | Integridade da exportação validada com sucesso.
2026-08-18 17:16:05,412 | INFO | Registros origem: 50,864
2026-08-18 17:16:05,412 | INFO | Registros Excel: 50,864
2026-08-18 17:16:05,412 | INFO | Receita validada: R$ 6,155,806.98
2026-08-18 17:16:05,412 | INFO | Frete validado: R$ 986,865.45
2026-08-18 17:19:51,570 | INFO | ETAPA ATUAL: Inicialização
2026-08-18 17:19:51,570 | INFO | ETAPA ATUAL: Validação das configurações
2026-08-18 17:19:51,571 | INFO | Período configurado: 2017-01 a 2017-12
2026-08-18 17:19:51,571 | INFO | ETAPA ATUAL: Validação dos arquivos de fonte
2026-08-18 17:19:51,571 | INFO | Todos os arquivos CSV obrigatórios foram encontrados.
2026-08-18 17:19:51,571 | INFO | ETAPA ATUAL: Inicialização da fonte CSV
2026-08-18 17:19:51,571 | INFO | ETAPA ATUAL: Carregamento dos datasets
2026-08-18 17:19:51,572 | INFO | ============================================================
2026-08-18 17:19:51,572 | INFO | CARREGANDO DATASETS
2026-08-18 17:19:51,572 | INFO | ============================================================
2026-08-18 17:19:51,572 | INFO | Fonte CSV inicializada.
2026-08-18 17:19:51,572 | INFO | Carregando orders...
2026-08-18 17:19:51,573 | INFO | Lendo arquivo: dados\raw\olist\olist_orders_dataset.csv
2026-08-18 17:19:51,915 | INFO | 99441 registros carregados.
2026-08-18 17:19:51,916 | INFO | 99441 registros carregados em 'orders'.
2026-08-18 17:19:51,916 | INFO | Carregando order_items...
2026-08-18 17:19:51,916 | INFO | Lendo arquivo: dados\raw\olist\olist_order_items_dataset.csv
2026-08-18 17:19:52,103 | INFO | 112650 registros carregados.
2026-08-18 17:19:52,103 | INFO | 112650 registros carregados em 'order_items'.
2026-08-18 17:19:52,103 | INFO | Carregando customers...
2026-08-18 17:19:52,103 | INFO | Lendo arquivo: dados\raw\olist\olist_customers_dataset.csv
2026-08-18 17:19:52,232 | INFO | 99441 registros carregados.
2026-08-18 17:19:52,233 | INFO | 99441 registros carregados em 'customers'.
2026-08-18 17:19:52,233 | INFO | Carregando products...
2026-08-18 17:19:52,233 | INFO | Lendo arquivo: dados\raw\olist\olist_products_dataset.csv
2026-08-18 17:19:52,273 | INFO | 32951 registros carregados.
2026-08-18 17:19:52,273 | INFO | 32951 registros carregados em 'products'.
2026-08-18 17:19:52,273 | INFO | Carregando payments...
2026-08-18 17:19:52,273 | INFO | Lendo arquivo: dados\raw\olist\olist_order_payments_dataset.csv
2026-08-18 17:19:52,353 | INFO | 103886 registros carregados.
2026-08-18 17:19:52,353 | INFO | 103886 registros carregados em 'payments'.
2026-08-18 17:19:52,353 | INFO | Carregando reviews...
2026-08-18 17:19:52,353 | INFO | Lendo arquivo: dados\raw\olist\olist_order_reviews_dataset.csv
2026-08-18 17:19:52,624 | INFO | 99224 registros carregados.
2026-08-18 17:19:52,624 | INFO | 99224 registros carregados em 'reviews'.
2026-08-18 17:19:52,625 | INFO | Carregando sellers...
2026-08-18 17:19:52,625 | INFO | Lendo arquivo: dados\raw\olist\olist_sellers_dataset.csv
2026-08-18 17:19:52,630 | INFO | 3095 registros carregados.
2026-08-18 17:19:52,630 | INFO | 3095 registros carregados em 'sellers'.
2026-08-18 17:19:52,630 | INFO | Carregando geolocation...
2026-08-18 17:19:52,630 | INFO | Lendo arquivo: dados\raw\olist\olist_geolocation_dataset.csv
2026-08-18 17:19:53,197 | INFO | 1000163 registros carregados.
2026-08-18 17:19:53,197 | INFO | 1000163 registros carregados em 'geolocation'.
2026-08-18 17:19:53,197 | INFO | Fonte CSV finalizada.
2026-08-18 17:19:53,197 | INFO | ============================================================
2026-08-18 17:19:53,197 | INFO | DATASETS CARREGADOS
2026-08-18 17:19:53,198 | INFO | ============================================================
2026-08-18 17:19:53,198 | INFO | ETAPA ATUAL: Integração pedidos + itens
2026-08-18 17:19:53,198 | INFO | ============================================================
2026-08-18 17:19:53,198 | INFO | INTEGRANDO PEDIDOS + ITENS
2026-08-18 17:19:53,198 | INFO | ============================================================
2026-08-18 17:19:53,263 | INFO | 99441 pedidos enriquecidos com itens.
2026-08-18 17:19:53,263 | INFO | ETAPA ATUAL: Integração pedidos + clientes
2026-08-18 17:19:53,263 | INFO | ============================================================
2026-08-18 17:19:53,264 | INFO | INTEGRANDO PEDIDOS + CLIENTES
2026-08-18 17:19:53,264 | INFO | ============================================================
2026-08-18 17:19:53,307 | INFO | 99441 pedidos enriquecidos com clientes.
2026-08-18 17:19:53,307 | INFO | ETAPA ATUAL: Integração itens + produtos
2026-08-18 17:19:53,307 | INFO | ============================================================
2026-08-18 17:19:53,308 | INFO | INTEGRANDO ITENS + PRODUTOS
2026-08-18 17:19:53,308 | INFO | ============================================================
2026-08-18 17:19:53,334 | INFO | 112650 itens enriquecidos com produtos.
2026-08-18 17:19:53,334 | INFO | ETAPA ATUAL: Integração pedidos + pagamentos
2026-08-18 17:19:53,334 | INFO | ============================================================
2026-08-18 17:19:53,334 | INFO | INTEGRANDO PEDIDOS + PAGAMENTOS
2026-08-18 17:19:53,334 | INFO | ============================================================
2026-08-18 17:19:53,446 | INFO | 99441 pedidos enriquecidos com pagamentos.
2026-08-18 17:19:53,447 | INFO | ETAPA ATUAL: Integração pedidos + reviews
2026-08-18 17:19:53,447 | INFO | ============================================================
2026-08-18 17:19:53,447 | INFO | INTEGRANDO PEDIDOS + REVIEWS
2026-08-18 17:19:53,447 | INFO | ============================================================
2026-08-18 17:19:53,556 | INFO | 99441 pedidos enriquecidos com reviews.
2026-08-18 17:19:53,556 | INFO | ETAPA ATUAL: Integração itens + sellers
2026-08-18 17:19:53,556 | INFO | ============================================================
2026-08-18 17:19:53,557 | INFO | INTEGRANDO ITENS + SELLERS
2026-08-18 17:19:53,557 | INFO | ============================================================
2026-08-18 17:19:53,576 | INFO | 112650 itens enriquecidos com sellers.
2026-08-18 17:19:53,576 | INFO | ETAPA ATUAL: Integração sellers + geolocation
2026-08-18 17:19:53,576 | INFO | ============================================================
2026-08-18 17:19:53,577 | INFO | INTEGRANDO SELLERS + GEOLOCATION
2026-08-18 17:19:53,577 | INFO | ============================================================
2026-08-18 17:19:53,788 | INFO | 3095 sellers enriquecidos com geolocation.
2026-08-18 17:19:53,788 | INFO | ETAPA ATUAL: Criação da Fato_Vendas
2026-08-18 17:19:54,114 | INFO | ETAPA ATUAL: Validação da Fato_Vendas
2026-08-18 17:19:54,167 | INFO | Fato_Vendas validada com sucesso.
2026-08-18 17:19:54,168 | INFO | Registros validados: 112,650
2026-08-18 17:19:54,168 | INFO | Colunas: 34
2026-08-18 17:19:54,169 | INFO | ETAPA ATUAL: Identificação do período disponível
2026-08-18 17:19:54,208 | INFO | ETAPA ATUAL: Definição do período de análise
2026-08-18 17:19:54,247 | INFO | ETAPA ATUAL: Aplicação do filtro de período
2026-08-18 17:19:54,320 | INFO | ETAPA ATUAL: Validação do período analisado
2026-08-18 17:19:54,342 | INFO | Período validado com sucesso.
2026-08-18 17:19:54,342 | INFO | Primeira venda: 2017-01-05 11:56:06
2026-08-18 17:19:54,343 | INFO | Última venda: 2017-12-31 23:29:31
2026-08-18 17:19:54,343 | INFO | Pedidos únicos: 44,579
2026-08-18 17:19:54,343 | INFO | Sellers únicos: 1,784
2026-08-18 17:19:54,343 | INFO | Receita: R$ 6,155,806.98
2026-08-18 17:19:54,343 | INFO | Frete: R$ 986,865.45
2026-08-18 17:19:54,343 | INFO | ETAPA ATUAL: Cálculo das métricas
2026-08-18 17:19:54,368 | INFO | ETAPA ATUAL: Preparação do diretório de saída
2026-08-18 17:19:54,368 | INFO | ETAPA ATUAL: Exportação do Excel
2026-08-18 17:19:54,369 | INFO | Iniciando exportação para Excel: dados\processed\Business_Analytics_Gabriel_Tecnologia_LTDA_2017-01_a_2017-12.xlsx
2026-08-18 17:19:54,371 | INFO | Exportando aba 'Resumo' com 1 registros.
2026-08-18 17:19:54,374 | INFO | Exportando aba 'Top_Sellers' com 10 registros.
2026-08-18 17:19:54,375 | INFO | Exportando aba 'Frete' com 10 registros.
2026-08-18 17:19:54,376 | INFO | Exportando aba 'Preco_Medio' com 10 registros.
2026-08-18 17:19:54,378 | INFO | Exportando aba 'Por_Estado' com 20 registros.
2026-08-18 17:19:54,382 | INFO | Exportando aba 'Fato_Vendas' com 50864 registros.
2026-08-18 17:20:18,863 | INFO | Arquivo base Excel criado.
2026-08-18 17:20:18,863 | INFO | Iniciando formatação do Excel.
2026-08-18 17:20:58,026 | INFO | Formatação do Excel concluída.
2026-08-18 17:20:58,029 | INFO | Arquivo Excel anterior substituído.
2026-08-18 17:20:58,029 | INFO | Arquivo Excel gerado com sucesso: dados\processed\Business_Analytics_Gabriel_Tecnologia_LTDA_2017-01_a_2017-12.xlsx
2026-08-18 17:20:58,030 | INFO | ETAPA ATUAL: Criação do Dashboard Excel
2026-08-18 17:20:58,030 | INFO | Iniciando criação do Dashboard Excel.
2026-08-18 17:21:32,858 | INFO | Dashboard Excel criado com sucesso.
2026-08-18 17:21:32,858 | INFO | Dashboard Excel criado com sucesso.
2026-08-18 17:21:32,858 | INFO | ETAPA ATUAL: Validação do arquivo Excel
2026-08-18 17:21:32,877 | INFO | Todas as abas esperadas foram encontradas.
2026-08-18 17:21:32,877 | INFO | Abas encontradas: ['Dashboard', 'Resumo', 'Top_Sellers', 'Frete', 'Preco_Medio', 'Por_Estado', 'Fato_Vendas', 'Dashboard_Dados']
2026-08-18 17:21:48,852 | INFO | Aba Fato_Vendas validada.
2026-08-18 17:21:48,852 | INFO | Registros na Fato_Vendas do Excel: 50,864
2026-08-18 17:21:48,852 | INFO | Aba Dashboard validada.
2026-08-18 17:21:48,854 | INFO | Arquivo Excel validado com sucesso.
2026-08-18 17:21:48,854 | INFO | ETAPA ATUAL: Validação de integridade da exportação
2026-08-18 17:22:03,666 | INFO | Integridade da exportação validada com sucesso.
2026-08-18 17:22:03,666 | INFO | Registros origem: 50,864
2026-08-18 17:22:03,666 | INFO | Registros Excel: 50,864
2026-08-18 17:22:03,666 | INFO | Receita validada: R$ 6,155,806.98
2026-08-18 17:22:03,666 | INFO | Frete validado: R$ 986,865.45
2026-08-18 17:42:19,736 | INFO | ETAPA ATUAL: Inicialização
2026-08-18 17:42:19,736 | INFO | ETAPA ATUAL: Validação das configurações
2026-08-18 17:42:19,736 | INFO | Período configurado: 2017-01 a 2017-12
2026-08-18 17:42:19,736 | INFO | ETAPA ATUAL: Validação dos arquivos de fonte
2026-08-18 17:42:19,737 | INFO | Todos os arquivos CSV obrigatórios foram encontrados.
2026-08-18 17:42:19,737 | INFO | ETAPA ATUAL: Inicialização da fonte CSV
2026-08-18 17:42:19,737 | INFO | ETAPA ATUAL: Carregamento dos datasets
2026-08-18 17:42:19,737 | INFO | ============================================================
2026-08-18 17:42:19,737 | INFO | CARREGANDO DATASETS
2026-08-18 17:42:19,737 | INFO | ============================================================
2026-08-18 17:42:19,737 | INFO | Fonte CSV inicializada.
2026-08-18 17:42:19,738 | INFO | Carregando orders...
2026-08-18 17:42:19,738 | INFO | Lendo arquivo: dados\raw\olist\olist_orders_dataset.csv
2026-08-18 17:42:20,063 | INFO | 99441 registros carregados.
2026-08-18 17:42:20,064 | INFO | 99441 registros carregados em 'orders'.
2026-08-18 17:42:20,064 | INFO | Carregando order_items...
2026-08-18 17:42:20,064 | INFO | Lendo arquivo: dados\raw\olist\olist_order_items_dataset.csv
2026-08-18 17:42:20,249 | INFO | 112650 registros carregados.
2026-08-18 17:42:20,249 | INFO | 112650 registros carregados em 'order_items'.
2026-08-18 17:42:20,249 | INFO | Carregando customers...
2026-08-18 17:42:20,249 | INFO | Lendo arquivo: dados\raw\olist\olist_customers_dataset.csv
2026-08-18 17:42:20,375 | INFO | 99441 registros carregados.
2026-08-18 17:42:20,375 | INFO | 99441 registros carregados em 'customers'.
2026-08-18 17:42:20,375 | INFO | Carregando products...
2026-08-18 17:42:20,375 | INFO | Lendo arquivo: dados\raw\olist\olist_products_dataset.csv
2026-08-18 17:42:20,416 | INFO | 32951 registros carregados.
2026-08-18 17:42:20,416 | INFO | 32951 registros carregados em 'products'.
2026-08-18 17:42:20,416 | INFO | Carregando payments...
2026-08-18 17:42:20,416 | INFO | Lendo arquivo: dados\raw\olist\olist_order_payments_dataset.csv
2026-08-18 17:42:20,498 | INFO | 103886 registros carregados.
2026-08-18 17:42:20,498 | INFO | 103886 registros carregados em 'payments'.
2026-08-18 17:42:20,498 | INFO | Carregando reviews...
2026-08-18 17:42:20,499 | INFO | Lendo arquivo: dados\raw\olist\olist_order_reviews_dataset.csv
2026-08-18 17:42:20,774 | INFO | 99224 registros carregados.
2026-08-18 17:42:20,774 | INFO | 99224 registros carregados em 'reviews'.
2026-08-18 17:42:20,774 | INFO | Carregando sellers...
2026-08-18 17:42:20,774 | INFO | Lendo arquivo: dados\raw\olist\olist_sellers_dataset.csv
2026-08-18 17:42:20,779 | INFO | 3095 registros carregados.
2026-08-18 17:42:20,779 | INFO | 3095 registros carregados em 'sellers'.
2026-08-18 17:42:20,779 | INFO | Carregando geolocation...
2026-08-18 17:42:20,779 | INFO | Lendo arquivo: dados\raw\olist\olist_geolocation_dataset.csv
2026-08-18 17:42:21,350 | INFO | 1000163 registros carregados.
2026-08-18 17:42:21,350 | INFO | 1000163 registros carregados em 'geolocation'.
2026-08-18 17:42:21,351 | INFO | Fonte CSV finalizada.
2026-08-18 17:42:21,351 | INFO | ============================================================
2026-08-18 17:42:21,351 | INFO | DATASETS CARREGADOS
2026-08-18 17:42:21,351 | INFO | ============================================================
2026-08-18 17:42:21,351 | INFO | ETAPA ATUAL: Integração pedidos + itens
2026-08-18 17:42:21,351 | INFO | ============================================================
2026-08-18 17:42:21,351 | INFO | INTEGRANDO PEDIDOS + ITENS
2026-08-18 17:42:21,352 | INFO | ============================================================
2026-08-18 17:42:21,421 | INFO | 99441 pedidos enriquecidos com itens.
2026-08-18 17:42:21,421 | INFO | ETAPA ATUAL: Integração pedidos + clientes
2026-08-18 17:42:21,422 | INFO | ============================================================
2026-08-18 17:42:21,422 | INFO | INTEGRANDO PEDIDOS + CLIENTES
2026-08-18 17:42:21,422 | INFO | ============================================================
2026-08-18 17:42:21,468 | INFO | 99441 pedidos enriquecidos com clientes.
2026-08-18 17:42:21,468 | INFO | ETAPA ATUAL: Integração itens + produtos
2026-08-18 17:42:21,468 | INFO | ============================================================
2026-08-18 17:42:21,468 | INFO | INTEGRANDO ITENS + PRODUTOS
2026-08-18 17:42:21,468 | INFO | ============================================================
2026-08-18 17:42:21,493 | INFO | 112650 itens enriquecidos com produtos.
2026-08-18 17:42:21,494 | INFO | ETAPA ATUAL: Integração pedidos + pagamentos
2026-08-18 17:42:21,494 | INFO | ============================================================
2026-08-18 17:42:21,494 | INFO | INTEGRANDO PEDIDOS + PAGAMENTOS
2026-08-18 17:42:21,494 | INFO | ============================================================
2026-08-18 17:42:21,612 | INFO | 99441 pedidos enriquecidos com pagamentos.
2026-08-18 17:42:21,612 | INFO | ETAPA ATUAL: Integração pedidos + reviews
2026-08-18 17:42:21,612 | INFO | ============================================================
2026-08-18 17:42:21,613 | INFO | INTEGRANDO PEDIDOS + REVIEWS
2026-08-18 17:42:21,613 | INFO | ============================================================
2026-08-18 17:42:21,720 | INFO | 99441 pedidos enriquecidos com reviews.
2026-08-18 17:42:21,720 | INFO | ETAPA ATUAL: Integração itens + sellers
2026-08-18 17:42:21,720 | INFO | ============================================================
2026-08-18 17:42:21,720 | INFO | INTEGRANDO ITENS + SELLERS
2026-08-18 17:42:21,720 | INFO | ============================================================
2026-08-18 17:42:21,739 | INFO | 112650 itens enriquecidos com sellers.
2026-08-18 17:42:21,739 | INFO | ETAPA ATUAL: Integração sellers + geolocation
2026-08-18 17:42:21,740 | INFO | ============================================================
2026-08-18 17:42:21,740 | INFO | INTEGRANDO SELLERS + GEOLOCATION
2026-08-18 17:42:21,740 | INFO | ============================================================
2026-08-18 17:42:21,951 | INFO | 3095 sellers enriquecidos com geolocation.
2026-08-18 17:42:21,951 | INFO | ETAPA ATUAL: Criação da Fato_Vendas
2026-08-18 17:42:22,275 | INFO | ETAPA ATUAL: Validação da Fato_Vendas
2026-08-18 17:42:22,329 | INFO | Fato_Vendas validada com sucesso.
2026-08-18 17:42:22,329 | INFO | Registros validados: 112,650
2026-08-18 17:42:22,330 | INFO | Colunas: 34
2026-08-18 17:42:22,330 | INFO | ETAPA ATUAL: Identificação do período disponível
2026-08-18 17:42:22,369 | INFO | ETAPA ATUAL: Definição do período de análise
2026-08-18 17:42:22,409 | INFO | ETAPA ATUAL: Aplicação do filtro de período
2026-08-18 17:42:22,484 | INFO | ETAPA ATUAL: Validação do período analisado
2026-08-18 17:42:22,509 | INFO | Período validado com sucesso.
2026-08-18 17:42:22,509 | INFO | Primeira venda: 2017-01-05 11:56:06
2026-08-18 17:42:22,509 | INFO | Última venda: 2017-12-31 23:29:31
2026-08-18 17:42:22,509 | INFO | Pedidos únicos: 44,579
2026-08-18 17:42:22,509 | INFO | Sellers únicos: 1,784
2026-08-18 17:42:22,509 | INFO | Receita: R$ 6,155,806.98
2026-08-18 17:42:22,509 | INFO | Frete: R$ 986,865.45
2026-08-18 17:42:22,510 | INFO | ETAPA ATUAL: Cálculo das métricas
2026-08-18 17:42:22,535 | INFO | ETAPA ATUAL: Preparação do diretório de saída
2026-08-18 17:42:22,535 | INFO | ETAPA ATUAL: Exportação do Excel
2026-08-18 17:42:22,536 | INFO | Iniciando exportação para Excel: dados\processed\Business_Analytics_Gabriel_Tecnologia_LTDA_2017-01_a_2017-12.xlsx
2026-08-18 17:42:22,538 | INFO | Exportando aba 'Resumo' com 1 registros.
2026-08-18 17:42:22,541 | INFO | Exportando aba 'Top_Sellers' com 10 registros.
2026-08-18 17:42:22,542 | INFO | Exportando aba 'Frete' com 10 registros.
2026-08-18 17:42:22,544 | INFO | Exportando aba 'Preco_Medio' com 10 registros.
2026-08-18 17:42:22,545 | INFO | Exportando aba 'Por_Estado' com 20 registros.
2026-08-18 17:42:22,549 | INFO | Exportando aba 'Fato_Vendas' com 50864 registros.
2026-08-18 17:42:47,982 | INFO | Arquivo base Excel criado.
2026-08-18 17:42:47,982 | INFO | Iniciando formatação do Excel.
2026-08-18 17:43:27,341 | INFO | Formatação do Excel concluída.
2026-08-18 17:43:27,344 | INFO | Arquivo Excel anterior substituído.
2026-08-18 17:43:27,344 | INFO | Arquivo Excel gerado com sucesso: dados\processed\Business_Analytics_Gabriel_Tecnologia_LTDA_2017-01_a_2017-12.xlsx
2026-08-18 17:43:27,344 | INFO | ETAPA ATUAL: Criação do Dashboard Excel
2026-08-18 17:43:27,344 | INFO | Iniciando criação do Dashboard Excel.
2026-08-18 17:44:02,827 | INFO | Dashboard Excel criado com sucesso.
2026-08-18 17:44:02,828 | INFO | Dashboard Excel criado com sucesso.
2026-08-18 17:44:02,828 | INFO | ETAPA ATUAL: Validação do arquivo Excel
2026-08-18 17:44:02,848 | INFO | Todas as abas esperadas foram encontradas.
2026-08-18 17:44:02,848 | INFO | Abas encontradas: ['Dashboard', 'Resumo', 'Top_Sellers', 'Frete', 'Preco_Medio', 'Por_Estado', 'Fato_Vendas', 'Dashboard_Dados']
2026-08-18 17:44:19,393 | INFO | Aba Fato_Vendas validada.
2026-08-18 17:44:19,393 | INFO | Registros na Fato_Vendas do Excel: 50,864
2026-08-18 17:44:19,393 | INFO | Aba Dashboard validada.
2026-08-18 17:44:19,395 | INFO | Arquivo Excel validado com sucesso.
2026-08-18 17:44:19,395 | INFO | ETAPA ATUAL: Validação de integridade da exportação
2026-08-18 17:44:34,681 | INFO | Integridade da exportação validada com sucesso.
2026-08-18 17:44:34,681 | INFO | Registros origem: 50,864
2026-08-18 17:44:34,681 | INFO | Registros Excel: 50,864
2026-08-18 17:44:34,681 | INFO | Receita validada: R$ 6,155,806.98
2026-08-18 17:44:34,681 | INFO | Frete validado: R$ 986,865.45
2026-08-18 18:03:52,049 | INFO | ETAPA ATUAL: Inicialização
2026-08-18 18:03:52,050 | INFO | ETAPA ATUAL: Validação das configurações
2026-08-18 18:03:52,050 | INFO | Período configurado: 2017-01 a 2017-12
2026-08-18 18:03:52,050 | INFO | ETAPA ATUAL: Validação dos arquivos de fonte
2026-08-18 18:03:52,051 | INFO | Todos os arquivos CSV obrigatórios foram encontrados.
2026-08-18 18:03:52,051 | INFO | ETAPA ATUAL: Inicialização da fonte CSV
2026-08-18 18:03:52,051 | INFO | ETAPA ATUAL: Carregamento dos datasets
2026-08-18 18:03:52,051 | INFO | ============================================================
2026-08-18 18:03:52,051 | INFO | CARREGANDO DATASETS
2026-08-18 18:03:52,051 | INFO | ============================================================
2026-08-18 18:03:52,051 | INFO | Fonte CSV inicializada.
2026-08-18 18:03:52,052 | INFO | Carregando orders...
2026-08-18 18:03:52,052 | INFO | Lendo arquivo: dados\raw\olist\olist_orders_dataset.csv
2026-08-18 18:03:52,416 | INFO | 99441 registros carregados.
2026-08-18 18:03:52,416 | INFO | 99441 registros carregados em 'orders'.
2026-08-18 18:03:52,416 | INFO | Carregando order_items...
2026-08-18 18:03:52,416 | INFO | Lendo arquivo: dados\raw\olist\olist_order_items_dataset.csv
2026-08-18 18:03:52,607 | INFO | 112650 registros carregados.
2026-08-18 18:03:52,607 | INFO | 112650 registros carregados em 'order_items'.
2026-08-18 18:03:52,607 | INFO | Carregando customers...
2026-08-18 18:03:52,607 | INFO | Lendo arquivo: dados\raw\olist\olist_customers_dataset.csv
2026-08-18 18:03:52,741 | INFO | 99441 registros carregados.
2026-08-18 18:03:52,741 | INFO | 99441 registros carregados em 'customers'.
2026-08-18 18:03:52,741 | INFO | Carregando products...
2026-08-18 18:03:52,741 | INFO | Lendo arquivo: dados\raw\olist\olist_products_dataset.csv
2026-08-18 18:03:52,783 | INFO | 32951 registros carregados.
2026-08-18 18:03:52,783 | INFO | 32951 registros carregados em 'products'.
2026-08-18 18:03:52,783 | INFO | Carregando payments...
2026-08-18 18:03:52,783 | INFO | Lendo arquivo: dados\raw\olist\olist_order_payments_dataset.csv
2026-08-18 18:03:52,871 | INFO | 103886 registros carregados.
2026-08-18 18:03:52,871 | INFO | 103886 registros carregados em 'payments'.
2026-08-18 18:03:52,871 | INFO | Carregando reviews...
2026-08-18 18:03:52,871 | INFO | Lendo arquivo: dados\raw\olist\olist_order_reviews_dataset.csv
2026-08-18 18:03:53,157 | INFO | 99224 registros carregados.
2026-08-18 18:03:53,157 | INFO | 99224 registros carregados em 'reviews'.
2026-08-18 18:03:53,157 | INFO | Carregando sellers...
2026-08-18 18:03:53,157 | INFO | Lendo arquivo: dados\raw\olist\olist_sellers_dataset.csv
2026-08-18 18:03:53,162 | INFO | 3095 registros carregados.
2026-08-18 18:03:53,162 | INFO | 3095 registros carregados em 'sellers'.
2026-08-18 18:03:53,162 | INFO | Carregando geolocation...
2026-08-18 18:03:53,162 | INFO | Lendo arquivo: dados\raw\olist\olist_geolocation_dataset.csv
2026-08-18 18:03:53,740 | INFO | 1000163 registros carregados.
2026-08-18 18:03:53,740 | INFO | 1000163 registros carregados em 'geolocation'.
2026-08-18 18:03:53,740 | INFO | Fonte CSV finalizada.
2026-08-18 18:03:53,740 | INFO | ============================================================
2026-08-18 18:03:53,741 | INFO | DATASETS CARREGADOS
2026-08-18 18:03:53,741 | INFO | ============================================================
2026-08-18 18:03:53,741 | INFO | ETAPA ATUAL: Integração pedidos + itens
2026-08-18 18:03:53,741 | INFO | ============================================================
2026-08-18 18:03:53,741 | INFO | INTEGRANDO PEDIDOS + ITENS
2026-08-18 18:03:53,741 | INFO | ============================================================
2026-08-18 18:03:53,821 | INFO | 99441 pedidos enriquecidos com itens.
2026-08-18 18:03:53,821 | INFO | ETAPA ATUAL: Integração pedidos + clientes
2026-08-18 18:03:53,821 | INFO | ============================================================
2026-08-18 18:03:53,821 | INFO | INTEGRANDO PEDIDOS + CLIENTES
2026-08-18 18:03:53,822 | INFO | ============================================================
2026-08-18 18:03:53,870 | INFO | 99441 pedidos enriquecidos com clientes.
2026-08-18 18:03:53,870 | INFO | ETAPA ATUAL: Integração itens + produtos
2026-08-18 18:03:53,870 | INFO | ============================================================
2026-08-18 18:03:53,871 | INFO | INTEGRANDO ITENS + PRODUTOS
2026-08-18 18:03:53,871 | INFO | ============================================================
2026-08-18 18:03:53,897 | INFO | 112650 itens enriquecidos com produtos.
2026-08-18 18:03:53,897 | INFO | ETAPA ATUAL: Integração pedidos + pagamentos
2026-08-18 18:03:53,897 | INFO | ============================================================
2026-08-18 18:03:53,897 | INFO | INTEGRANDO PEDIDOS + PAGAMENTOS
2026-08-18 18:03:53,897 | INFO | ============================================================
2026-08-18 18:03:54,025 | INFO | 99441 pedidos enriquecidos com pagamentos.
2026-08-18 18:03:54,026 | INFO | ETAPA ATUAL: Integração pedidos + reviews
2026-08-18 18:03:54,026 | INFO | ============================================================
2026-08-18 18:03:54,026 | INFO | INTEGRANDO PEDIDOS + REVIEWS
2026-08-18 18:03:54,026 | INFO | ============================================================
2026-08-18 18:03:54,143 | INFO | 99441 pedidos enriquecidos com reviews.
2026-08-18 18:03:54,143 | INFO | ETAPA ATUAL: Integração itens + sellers
2026-08-18 18:03:54,143 | INFO | ============================================================
2026-08-18 18:03:54,143 | INFO | INTEGRANDO ITENS + SELLERS
2026-08-18 18:03:54,143 | INFO | ============================================================
2026-08-18 18:03:54,162 | INFO | 112650 itens enriquecidos com sellers.
2026-08-18 18:03:54,162 | INFO | ETAPA ATUAL: Integração sellers + geolocation
2026-08-18 18:03:54,162 | INFO | ============================================================
2026-08-18 18:03:54,162 | INFO | INTEGRANDO SELLERS + GEOLOCATION
2026-08-18 18:03:54,162 | INFO | ============================================================
2026-08-18 18:03:54,379 | INFO | 3095 sellers enriquecidos com geolocation.
2026-08-18 18:03:54,380 | INFO | ETAPA ATUAL: Criação da Fato_Vendas
2026-08-18 18:03:54,766 | INFO | ETAPA ATUAL: Validação da Fato_Vendas
2026-08-18 18:03:54,822 | INFO | Fato_Vendas validada com sucesso.
2026-08-18 18:03:54,822 | INFO | Registros validados: 112,650
2026-08-18 18:03:54,822 | INFO | Colunas: 34
2026-08-18 18:03:54,823 | INFO | ETAPA ATUAL: Identificação do período disponível
2026-08-18 18:03:54,863 | INFO | ETAPA ATUAL: Definição do período de análise
2026-08-18 18:03:54,904 | INFO | ETAPA ATUAL: Aplicação do filtro de período
2026-08-18 18:03:54,978 | INFO | ETAPA ATUAL: Validação do período analisado
2026-08-18 18:03:55,002 | INFO | Período validado com sucesso.
2026-08-18 18:03:55,002 | INFO | Primeira venda: 2017-01-05 11:56:06
2026-08-18 18:03:55,002 | INFO | Última venda: 2017-12-31 23:29:31
2026-08-18 18:03:55,002 | INFO | Pedidos únicos: 44,579
2026-08-18 18:03:55,002 | INFO | Sellers únicos: 1,784
2026-08-18 18:03:55,002 | INFO | Receita: R$ 6,155,806.98
2026-08-18 18:03:55,002 | INFO | Frete: R$ 986,865.45
2026-08-18 18:03:55,003 | INFO | ETAPA ATUAL: Cálculo das métricas
2026-08-18 18:03:55,028 | INFO | ETAPA ATUAL: Preparação do diretório de saída
2026-08-18 18:03:55,029 | INFO | ETAPA ATUAL: Exportação do Excel
2026-08-18 18:03:55,030 | INFO | Iniciando exportação para Excel: dados\processed\Business_Analytics_Gabriel_Tecnologia_LTDA_2017-01_a_2017-12.xlsx
2026-08-18 18:03:55,031 | INFO | Exportando aba 'Resumo' com 1 registros.
2026-08-18 18:03:55,035 | INFO | Exportando aba 'Top_Sellers' com 10 registros.
2026-08-18 18:03:55,036 | INFO | Exportando aba 'Frete' com 10 registros.
2026-08-18 18:03:55,038 | INFO | Exportando aba 'Preco_Medio' com 10 registros.
2026-08-18 18:03:55,039 | INFO | Exportando aba 'Por_Estado' com 20 registros.
2026-08-18 18:03:55,043 | INFO | Exportando aba 'Fato_Vendas' com 50864 registros.
2026-08-18 18:04:20,110 | INFO | Arquivo base Excel criado.
2026-08-18 18:04:20,111 | INFO | Iniciando formatação do Excel.
2026-08-18 18:04:59,034 | INFO | Formatação do Excel concluída.
2026-08-18 18:04:59,038 | INFO | Arquivo Excel anterior substituído.
2026-08-18 18:04:59,038 | INFO | Arquivo Excel gerado com sucesso: dados\processed\Business_Analytics_Gabriel_Tecnologia_LTDA_2017-01_a_2017-12.xlsx
2026-08-18 18:04:59,038 | INFO | ETAPA ATUAL: Criação do Dashboard Excel
2026-08-18 18:04:59,038 | INFO | Iniciando criação do Dashboard Excel.
2026-08-18 18:05:34,243 | INFO | Dashboard Excel criado com sucesso.
2026-08-18 18:05:34,244 | INFO | Dashboard Excel criado com sucesso.
2026-08-18 18:05:34,244 | INFO | ETAPA ATUAL: Validação do arquivo Excel
2026-08-18 18:05:34,265 | INFO | Todas as abas esperadas foram encontradas.
2026-08-18 18:05:34,265 | INFO | Abas encontradas: ['Dashboard', 'Resumo', 'Top_Sellers', 'Frete', 'Preco_Medio', 'Por_Estado', 'Fato_Vendas', 'Dashboard_Dados']
2026-08-18 18:05:50,564 | INFO | Aba Fato_Vendas validada.
2026-08-18 18:05:50,564 | INFO | Registros na Fato_Vendas do Excel: 50,864
2026-08-18 18:05:50,564 | INFO | Aba Dashboard validada.
2026-08-18 18:05:50,567 | INFO | Arquivo Excel validado com sucesso.
2026-08-18 18:05:50,567 | INFO | ETAPA ATUAL: Validação de integridade da exportação
2026-08-18 18:06:05,694 | INFO | Integridade da exportação validada com sucesso.
2026-08-18 18:06:05,694 | INFO | Registros origem: 50,864
2026-08-18 18:06:05,695 | INFO | Registros Excel: 50,864
2026-08-18 18:06:05,695 | INFO | Receita validada: R$ 6,155,806.98
2026-08-18 18:06:05,695 | INFO | Frete validado: R$ 986,865.45
2026-08-19 09:27:16,507 | INFO | ETAPA ATUAL: Inicialização
2026-08-19 09:27:16,508 | INFO | ETAPA ATUAL: Validação das configurações
2026-08-19 09:27:16,508 | INFO | Período configurado: automático.
2026-08-19 09:27:16,508 | INFO | ETAPA ATUAL: Validação dos arquivos de fonte
2026-08-19 09:27:16,509 | INFO | Todos os arquivos CSV obrigatórios foram encontrados.
2026-08-19 09:27:16,509 | INFO | ETAPA ATUAL: Inicialização da fonte CSV
2026-08-19 09:27:16,509 | INFO | ETAPA ATUAL: Carregamento dos datasets
2026-08-19 09:27:16,509 | INFO | ============================================================
2026-08-19 09:27:16,509 | INFO | CARREGANDO DATASETS
2026-08-19 09:27:16,509 | INFO | ============================================================
2026-08-19 09:27:16,509 | INFO | Fonte CSV inicializada.
2026-08-19 09:27:16,510 | INFO | Carregando orders...
2026-08-19 09:27:16,510 | INFO | Lendo arquivo: dados\raw\olist\olist_orders_dataset.csv
2026-08-19 09:27:16,822 | INFO | 99441 registros carregados.
2026-08-19 09:27:16,822 | INFO | 99441 registros carregados em 'orders'.
2026-08-19 09:27:16,823 | INFO | Carregando order_items...
2026-08-19 09:27:16,823 | INFO | Lendo arquivo: dados\raw\olist\olist_order_items_dataset.csv
2026-08-19 09:27:17,014 | INFO | 112650 registros carregados.
2026-08-19 09:27:17,014 | INFO | 112650 registros carregados em 'order_items'.
2026-08-19 09:27:17,015 | INFO | Carregando customers...
2026-08-19 09:27:17,015 | INFO | Lendo arquivo: dados\raw\olist\olist_customers_dataset.csv
2026-08-19 09:27:17,144 | INFO | 99441 registros carregados.
2026-08-19 09:27:17,144 | INFO | 99441 registros carregados em 'customers'.
2026-08-19 09:27:17,144 | INFO | Carregando products...
2026-08-19 09:27:17,144 | INFO | Lendo arquivo: dados\raw\olist\olist_products_dataset.csv
2026-08-19 09:27:17,194 | INFO | 32951 registros carregados.
2026-08-19 09:27:17,194 | INFO | 32951 registros carregados em 'products'.
2026-08-19 09:27:17,194 | INFO | Carregando payments...
2026-08-19 09:27:17,194 | INFO | Lendo arquivo: dados\raw\olist\olist_order_payments_dataset.csv
2026-08-19 09:27:17,281 | INFO | 103886 registros carregados.
2026-08-19 09:27:17,281 | INFO | 103886 registros carregados em 'payments'.
2026-08-19 09:27:17,281 | INFO | Carregando reviews...
2026-08-19 09:27:17,281 | INFO | Lendo arquivo: dados\raw\olist\olist_order_reviews_dataset.csv
2026-08-19 09:27:17,571 | INFO | 99224 registros carregados.
2026-08-19 09:27:17,571 | INFO | 99224 registros carregados em 'reviews'.
2026-08-19 09:27:17,571 | INFO | Carregando sellers...
2026-08-19 09:27:17,572 | INFO | Lendo arquivo: dados\raw\olist\olist_sellers_dataset.csv
2026-08-19 09:27:17,583 | INFO | 3095 registros carregados.
2026-08-19 09:27:17,583 | INFO | 3095 registros carregados em 'sellers'.
2026-08-19 09:27:17,583 | INFO | Carregando geolocation...
2026-08-19 09:27:17,583 | INFO | Lendo arquivo: dados\raw\olist\olist_geolocation_dataset.csv
2026-08-19 09:27:18,150 | INFO | 1000163 registros carregados.
2026-08-19 09:27:18,150 | INFO | 1000163 registros carregados em 'geolocation'.
2026-08-19 09:27:18,151 | INFO | Fonte CSV finalizada.
2026-08-19 09:27:18,151 | INFO | ============================================================
2026-08-19 09:27:18,151 | INFO | DATASETS CARREGADOS
2026-08-19 09:27:18,151 | INFO | ============================================================
2026-08-19 09:27:18,151 | INFO | ETAPA ATUAL: Integração pedidos + itens
2026-08-19 09:27:18,151 | INFO | ============================================================
2026-08-19 09:27:18,151 | INFO | INTEGRANDO PEDIDOS + ITENS
2026-08-19 09:27:18,151 | INFO | ============================================================
2026-08-19 09:27:18,253 | INFO | 99441 pedidos enriquecidos com itens.
2026-08-19 09:27:18,254 | INFO | ETAPA ATUAL: Integração pedidos + clientes
2026-08-19 09:27:18,254 | INFO | ============================================================
2026-08-19 09:27:18,254 | INFO | INTEGRANDO PEDIDOS + CLIENTES
2026-08-19 09:27:18,254 | INFO | ============================================================
2026-08-19 09:27:18,293 | INFO | 99441 pedidos enriquecidos com clientes.
2026-08-19 09:27:18,293 | INFO | ETAPA ATUAL: Integração itens + produtos
2026-08-19 09:27:18,293 | INFO | ============================================================
2026-08-19 09:27:18,293 | INFO | INTEGRANDO ITENS + PRODUTOS
2026-08-19 09:27:18,293 | INFO | ============================================================
2026-08-19 09:27:18,321 | INFO | 112650 itens enriquecidos com produtos.
2026-08-19 09:27:18,321 | INFO | ETAPA ATUAL: Integração pedidos + pagamentos
2026-08-19 09:27:18,321 | INFO | ============================================================
2026-08-19 09:27:18,321 | INFO | INTEGRANDO PEDIDOS + PAGAMENTOS
2026-08-19 09:27:18,322 | INFO | ============================================================
2026-08-19 09:27:18,446 | INFO | 99441 pedidos enriquecidos com pagamentos.
2026-08-19 09:27:18,447 | INFO | ETAPA ATUAL: Integração pedidos + reviews
2026-08-19 09:27:18,447 | INFO | ============================================================
2026-08-19 09:27:18,447 | INFO | INTEGRANDO PEDIDOS + REVIEWS
2026-08-19 09:27:18,447 | INFO | ============================================================
2026-08-19 09:27:18,566 | INFO | 99441 pedidos enriquecidos com reviews.
2026-08-19 09:27:18,566 | INFO | ETAPA ATUAL: Integração itens + sellers
2026-08-19 09:27:18,566 | INFO | ============================================================
2026-08-19 09:27:18,566 | INFO | INTEGRANDO ITENS + SELLERS
2026-08-19 09:27:18,567 | INFO | ============================================================
2026-08-19 09:27:18,586 | INFO | 112650 itens enriquecidos com sellers.
2026-08-19 09:27:18,586 | INFO | ETAPA ATUAL: Integração sellers + geolocation
2026-08-19 09:27:18,586 | INFO | ============================================================
2026-08-19 09:27:18,586 | INFO | INTEGRANDO SELLERS + GEOLOCATION
2026-08-19 09:27:18,586 | INFO | ============================================================
2026-08-19 09:27:18,798 | INFO | 3095 sellers enriquecidos com geolocation.
2026-08-19 09:27:18,798 | INFO | ETAPA ATUAL: Criação da Fato_Vendas
2026-08-19 09:27:19,159 | INFO | ETAPA ATUAL: Validação da Fato_Vendas
2026-08-19 09:27:19,215 | INFO | Fato_Vendas validada com sucesso.
2026-08-19 09:27:19,215 | INFO | Registros validados: 112,650
2026-08-19 09:27:19,215 | INFO | Colunas: 34
2026-08-19 09:27:19,216 | INFO | ETAPA ATUAL: Identificação do período disponível
2026-08-19 09:27:19,255 | INFO | ETAPA ATUAL: Definição do período de análise
2026-08-19 09:27:19,296 | INFO | ETAPA ATUAL: Aplicação do filtro de período
2026-08-19 09:27:19,358 | INFO | ETAPA ATUAL: Validação do período analisado
2026-08-19 09:27:19,408 | INFO | Período validado com sucesso.
2026-08-19 09:27:19,409 | INFO | Primeira venda: 2016-09-04 21:15:19
2026-08-19 09:27:19,409 | INFO | Última venda: 2018-09-03 09:06:57
2026-08-19 09:27:19,409 | INFO | Pedidos únicos: 98,666
2026-08-19 09:27:19,409 | INFO | Sellers únicos: 3,095
2026-08-19 09:27:19,409 | INFO | Receita: R$ 13,591,643.70
2026-08-19 09:27:19,409 | INFO | Frete: R$ 2,251,909.54
2026-08-19 09:27:19,410 | INFO | ETAPA ATUAL: Cálculo das métricas
2026-08-19 09:27:19,445 | INFO | ETAPA ATUAL: Preparação do diretório de saída
2026-08-19 09:27:19,445 | INFO | ETAPA ATUAL: Exportação do Excel
2026-08-19 09:27:19,446 | INFO | Iniciando exportação para Excel: dados\processed\Business_Analytics_Gabriel_Tecnologia_LTDA_2016-09_a_2018-09.xlsx
2026-08-19 09:27:19,448 | INFO | Exportando aba 'Resumo' com 1 registros.
2026-08-19 09:27:19,452 | INFO | Exportando aba 'Top_Sellers' com 10 registros.
2026-08-19 09:27:19,453 | INFO | Exportando aba 'Frete' com 10 registros.
2026-08-19 09:27:19,455 | INFO | Exportando aba 'Preco_Medio' com 10 registros.
2026-08-19 09:27:19,456 | INFO | Exportando aba 'Por_Estado' com 23 registros.
2026-08-19 09:27:19,460 | INFO | Exportando aba 'Fato_Vendas' com 112650 registros.
2026-08-19 09:28:13,744 | INFO | Arquivo base Excel criado.
2026-08-19 09:28:13,745 | INFO | Iniciando formatação do Excel.
2026-08-19 09:29:37,873 | INFO | Formatação do Excel concluída.
2026-08-19 09:29:37,874 | INFO | Arquivo Excel gerado com sucesso: dados\processed\Business_Analytics_Gabriel_Tecnologia_LTDA_2016-09_a_2018-09.xlsx
2026-08-19 09:29:37,874 | INFO | ETAPA ATUAL: Criação do Dashboard Excel
2026-08-19 09:29:37,874 | INFO | Iniciando criação do Dashboard Excel.
2026-08-19 09:30:55,377 | INFO | Dashboard Excel criado com sucesso.
2026-08-19 09:30:55,378 | INFO | Dashboard Excel criado com sucesso.
2026-08-19 09:30:55,378 | INFO | ETAPA ATUAL: Validação do arquivo Excel
2026-08-19 09:30:55,395 | INFO | Todas as abas esperadas foram encontradas.
2026-08-19 09:30:55,395 | INFO | Abas encontradas: ['Dashboard', 'Resumo', 'Top_Sellers', 'Frete', 'Preco_Medio', 'Por_Estado', 'Fato_Vendas', 'Dashboard_Dados']
2026-08-19 09:31:29,008 | INFO | Aba Fato_Vendas validada.
2026-08-19 09:31:29,009 | INFO | Registros na Fato_Vendas do Excel: 112,650
2026-08-19 09:31:29,009 | INFO | Aba Dashboard validada.
2026-08-19 09:31:29,011 | INFO | Arquivo Excel validado com sucesso.
2026-08-19 09:31:29,011 | INFO | ETAPA ATUAL: Validação de integridade da exportação
2026-08-19 09:32:01,210 | INFO | Integridade da exportação validada com sucesso.
2026-08-19 09:32:01,210 | INFO | Registros origem: 112,650
2026-08-19 09:32:01,211 | INFO | Registros Excel: 112,650
2026-08-19 09:32:01,211 | INFO | Receita validada: R$ 13,591,643.70
2026-08-19 09:32:01,211 | INFO | Frete validado: R$ 2,251,909.54
2026-08-19 10:00:22,928 | INFO | ETAPA ATUAL: Inicialização
2026-08-19 10:00:22,928 | INFO | ETAPA ATUAL: Validação das configurações
2026-08-19 10:00:22,928 | INFO | Período configurado: automático.
2026-08-19 10:00:22,928 | INFO | ETAPA ATUAL: Validação dos arquivos de fonte
2026-08-19 10:00:22,929 | INFO | Todos os arquivos CSV obrigatórios foram encontrados.
2026-08-19 10:00:22,929 | INFO | ETAPA ATUAL: Inicialização da fonte CSV
2026-08-19 10:00:22,929 | INFO | ETAPA ATUAL: Carregamento dos datasets
2026-08-19 10:00:22,929 | INFO | ============================================================
2026-08-19 10:00:22,929 | INFO | CARREGANDO DATASETS
2026-08-19 10:00:22,929 | INFO | ============================================================
2026-08-19 10:00:22,929 | INFO | Fonte CSV inicializada.
2026-08-19 10:00:22,930 | INFO | Carregando orders...
2026-08-19 10:00:22,930 | INFO | Lendo arquivo: dados\raw\olist\olist_orders_dataset.csv
2026-08-19 10:00:23,269 | INFO | 99441 registros carregados.
2026-08-19 10:00:23,269 | INFO | 99441 registros carregados em 'orders'.
2026-08-19 10:00:23,270 | INFO | Carregando order_items...
2026-08-19 10:00:23,270 | INFO | Lendo arquivo: dados\raw\olist\olist_order_items_dataset.csv
2026-08-19 10:00:23,453 | INFO | 112650 registros carregados.
2026-08-19 10:00:23,454 | INFO | 112650 registros carregados em 'order_items'.
2026-08-19 10:00:23,454 | INFO | Carregando customers...
2026-08-19 10:00:23,454 | INFO | Lendo arquivo: dados\raw\olist\olist_customers_dataset.csv
2026-08-19 10:00:23,577 | INFO | 99441 registros carregados.
2026-08-19 10:00:23,577 | INFO | 99441 registros carregados em 'customers'.
2026-08-19 10:00:23,577 | INFO | Carregando products...
2026-08-19 10:00:23,577 | INFO | Lendo arquivo: dados\raw\olist\olist_products_dataset.csv
2026-08-19 10:00:23,618 | INFO | 32951 registros carregados.
2026-08-19 10:00:23,618 | INFO | 32951 registros carregados em 'products'.
2026-08-19 10:00:23,618 | INFO | Carregando payments...
2026-08-19 10:00:23,619 | INFO | Lendo arquivo: dados\raw\olist\olist_order_payments_dataset.csv
2026-08-19 10:00:23,709 | INFO | 103886 registros carregados.
2026-08-19 10:00:23,709 | INFO | 103886 registros carregados em 'payments'.
2026-08-19 10:00:23,709 | INFO | Carregando reviews...
2026-08-19 10:00:23,709 | INFO | Lendo arquivo: dados\raw\olist\olist_order_reviews_dataset.csv
2026-08-19 10:00:23,982 | INFO | 99224 registros carregados.
2026-08-19 10:00:23,983 | INFO | 99224 registros carregados em 'reviews'.
2026-08-19 10:00:23,983 | INFO | Carregando sellers...
2026-08-19 10:00:23,983 | INFO | Lendo arquivo: dados\raw\olist\olist_sellers_dataset.csv
2026-08-19 10:00:23,987 | INFO | 3095 registros carregados.
2026-08-19 10:00:23,988 | INFO | 3095 registros carregados em 'sellers'.
2026-08-19 10:00:23,988 | INFO | Carregando geolocation...
2026-08-19 10:00:23,988 | INFO | Lendo arquivo: dados\raw\olist\olist_geolocation_dataset.csv
2026-08-19 10:00:24,553 | INFO | 1000163 registros carregados.
2026-08-19 10:00:24,554 | INFO | 1000163 registros carregados em 'geolocation'.
2026-08-19 10:00:24,554 | INFO | Fonte CSV finalizada.
2026-08-19 10:00:24,554 | INFO | ============================================================
2026-08-19 10:00:24,554 | INFO | DATASETS CARREGADOS
2026-08-19 10:00:24,554 | INFO | ============================================================
2026-08-19 10:00:24,554 | INFO | ETAPA ATUAL: Integração pedidos + itens
2026-08-19 10:00:24,555 | INFO | ============================================================
2026-08-19 10:00:24,555 | INFO | INTEGRANDO PEDIDOS + ITENS
2026-08-19 10:00:24,555 | INFO | ============================================================
2026-08-19 10:00:24,622 | INFO | 99441 pedidos enriquecidos com itens.
2026-08-19 10:00:24,623 | INFO | ETAPA ATUAL: Integração pedidos + clientes
2026-08-19 10:00:24,623 | INFO | ============================================================
2026-08-19 10:00:24,623 | INFO | INTEGRANDO PEDIDOS + CLIENTES
2026-08-19 10:00:24,623 | INFO | ============================================================
2026-08-19 10:00:24,675 | INFO | 99441 pedidos enriquecidos com clientes.
2026-08-19 10:00:24,676 | INFO | ETAPA ATUAL: Integração itens + produtos
2026-08-19 10:00:24,676 | INFO | ============================================================
2026-08-19 10:00:24,676 | INFO | INTEGRANDO ITENS + PRODUTOS
2026-08-19 10:00:24,676 | INFO | ============================================================
2026-08-19 10:00:24,701 | INFO | 112650 itens enriquecidos com produtos.
2026-08-19 10:00:24,701 | INFO | ETAPA ATUAL: Integração pedidos + pagamentos
2026-08-19 10:00:24,702 | INFO | ============================================================
2026-08-19 10:00:24,702 | INFO | INTEGRANDO PEDIDOS + PAGAMENTOS
2026-08-19 10:00:24,702 | INFO | ============================================================
2026-08-19 10:00:24,822 | INFO | 99441 pedidos enriquecidos com pagamentos.
2026-08-19 10:00:24,822 | INFO | ETAPA ATUAL: Integração pedidos + reviews
2026-08-19 10:00:24,822 | INFO | ============================================================
2026-08-19 10:00:24,822 | INFO | INTEGRANDO PEDIDOS + REVIEWS
2026-08-19 10:00:24,823 | INFO | ============================================================
2026-08-19 10:00:24,930 | INFO | 99441 pedidos enriquecidos com reviews.
2026-08-19 10:00:24,931 | INFO | ETAPA ATUAL: Integração itens + sellers
2026-08-19 10:00:24,931 | INFO | ============================================================
2026-08-19 10:00:24,931 | INFO | INTEGRANDO ITENS + SELLERS
2026-08-19 10:00:24,931 | INFO | ============================================================
2026-08-19 10:00:24,950 | INFO | 112650 itens enriquecidos com sellers.
2026-08-19 10:00:24,950 | INFO | ETAPA ATUAL: Integração sellers + geolocation
2026-08-19 10:00:24,950 | INFO | ============================================================
2026-08-19 10:00:24,950 | INFO | INTEGRANDO SELLERS + GEOLOCATION
2026-08-19 10:00:24,950 | INFO | ============================================================
2026-08-19 10:00:25,159 | INFO | 3095 sellers enriquecidos com geolocation.
2026-08-19 10:00:25,160 | INFO | ETAPA ATUAL: Criação da Fato_Vendas
2026-08-19 10:00:25,495 | INFO | ETAPA ATUAL: Validação da Fato_Vendas
2026-08-19 10:00:25,547 | INFO | Fato_Vendas validada com sucesso.
2026-08-19 10:00:25,547 | INFO | Registros validados: 112,650
2026-08-19 10:00:25,547 | INFO | Colunas: 34
2026-08-19 10:00:25,547 | INFO | ETAPA ATUAL: Identificação do período disponível
2026-08-19 10:00:25,586 | INFO | ETAPA ATUAL: Definição do período de análise
2026-08-19 10:00:25,626 | INFO | ETAPA ATUAL: Aplicação do filtro de período
2026-08-19 10:00:25,685 | INFO | ETAPA ATUAL: Validação do período analisado
2026-08-19 10:00:25,735 | INFO | Período validado com sucesso.
2026-08-19 10:00:25,735 | INFO | Primeira venda: 2016-09-04 21:15:19
2026-08-19 10:00:25,735 | INFO | Última venda: 2018-09-03 09:06:57
2026-08-19 10:00:25,736 | INFO | Pedidos únicos: 98,666
2026-08-19 10:00:25,736 | INFO | Sellers únicos: 3,095
2026-08-19 10:00:25,736 | INFO | Receita: R$ 13,591,643.70
2026-08-19 10:00:25,736 | INFO | Frete: R$ 2,251,909.54
2026-08-19 10:00:25,736 | INFO | ETAPA ATUAL: Cálculo das métricas
2026-08-19 10:00:25,769 | INFO | ETAPA ATUAL: Preparação do diretório de saída
2026-08-19 10:00:25,770 | INFO | ETAPA ATUAL: Exportação do Excel
2026-08-19 10:00:25,771 | INFO | Iniciando exportação para Excel: dados\processed\Business_Analytics_Gabriel_Tecnologia_LTDA_2016-09_a_2018-09.xlsx
2026-08-19 10:00:25,772 | INFO | Exportando aba 'Resumo' com 1 registros.
2026-08-19 10:00:25,776 | INFO | Exportando aba 'Top_Sellers' com 10 registros.
2026-08-19 10:00:25,777 | INFO | Exportando aba 'Frete' com 10 registros.
2026-08-19 10:00:25,778 | INFO | Exportando aba 'Preco_Medio' com 10 registros.
2026-08-19 10:00:25,780 | INFO | Exportando aba 'Por_Estado' com 23 registros.
2026-08-19 10:00:25,783 | INFO | Exportando aba 'Fato_Vendas' com 112650 registros.
2026-08-19 10:01:19,481 | INFO | Arquivo base Excel criado.
2026-08-19 10:01:19,481 | INFO | Iniciando formatação do Excel.
2026-08-19 10:02:43,051 | INFO | Formatação do Excel concluída.
2026-08-19 10:02:43,059 | INFO | Arquivo Excel anterior substituído.
2026-08-19 10:02:43,059 | INFO | Arquivo Excel gerado com sucesso: dados\processed\Business_Analytics_Gabriel_Tecnologia_LTDA_2016-09_a_2018-09.xlsx
2026-08-19 10:02:43,060 | INFO | ETAPA ATUAL: Criação do Dashboard Excel
2026-08-19 10:02:43,060 | INFO | Iniciando criação do Dashboard Excel.
2026-08-19 10:04:03,159 | INFO | Dashboard Excel criado com sucesso.
2026-08-19 10:04:03,159 | INFO | Dashboard Excel criado com sucesso.
2026-08-19 10:04:03,159 | INFO | ETAPA ATUAL: Validação do arquivo Excel
2026-08-19 10:04:03,178 | INFO | Todas as abas esperadas foram encontradas.
2026-08-19 10:04:03,178 | INFO | Abas encontradas: ['Dashboard', 'Resumo', 'Top_Sellers', 'Frete', 'Preco_Medio', 'Por_Estado', 'Fato_Vendas', 'Dashboard_Dados']
2026-08-19 10:04:38,261 | INFO | Aba Fato_Vendas validada.
2026-08-19 10:04:38,262 | INFO | Registros na Fato_Vendas do Excel: 112,650
2026-08-19 10:04:38,262 | INFO | Aba Dashboard validada.
2026-08-19 10:04:38,264 | INFO | Arquivo Excel validado com sucesso.
2026-08-19 10:04:38,264 | INFO | ETAPA ATUAL: Validação de integridade da exportação
2026-08-19 10:05:13,330 | INFO | Integridade da exportação validada com sucesso.
2026-08-19 10:05:13,331 | INFO | Registros origem: 112,650
2026-08-19 10:05:13,331 | INFO | Registros Excel: 112,650
2026-08-19 10:05:13,331 | INFO | Receita validada: R$ 13,591,643.70
2026-08-19 10:05:13,331 | INFO | Frete validado: R$ 2,251,909.54
2026-08-19 10:12:50,630 | INFO | ETAPA ATUAL: Inicialização
2026-08-19 10:12:50,630 | INFO | ETAPA ATUAL: Validação das configurações
2026-08-19 10:12:50,630 | INFO | Período configurado: automático.
2026-08-19 10:12:50,630 | INFO | ETAPA ATUAL: Validação dos arquivos de fonte
2026-08-19 10:12:50,631 | INFO | Todos os arquivos CSV obrigatórios foram encontrados.
2026-08-19 10:12:50,631 | INFO | ETAPA ATUAL: Inicialização da fonte CSV
2026-08-19 10:12:50,631 | INFO | ETAPA ATUAL: Carregamento dos datasets
2026-08-19 10:12:50,631 | INFO | ============================================================
2026-08-19 10:12:50,631 | INFO | CARREGANDO DATASETS
2026-08-19 10:12:50,631 | INFO | ============================================================
2026-08-19 10:12:50,631 | INFO | Fonte CSV inicializada.
2026-08-19 10:12:50,632 | INFO | Carregando orders...
2026-08-19 10:12:50,632 | INFO | Lendo arquivo: dados\raw\olist\olist_orders_dataset.csv
2026-08-19 10:12:50,972 | INFO | 99441 registros carregados.
2026-08-19 10:12:50,972 | INFO | 99441 registros carregados em 'orders'.
2026-08-19 10:12:50,972 | INFO | Carregando order_items...
2026-08-19 10:12:50,972 | INFO | Lendo arquivo: dados\raw\olist\olist_order_items_dataset.csv
2026-08-19 10:12:51,154 | INFO | 112650 registros carregados.
2026-08-19 10:12:51,154 | INFO | 112650 registros carregados em 'order_items'.
2026-08-19 10:12:51,154 | INFO | Carregando customers...
2026-08-19 10:12:51,154 | INFO | Lendo arquivo: dados\raw\olist\olist_customers_dataset.csv
2026-08-19 10:12:51,282 | INFO | 99441 registros carregados.
2026-08-19 10:12:51,282 | INFO | 99441 registros carregados em 'customers'.
2026-08-19 10:12:51,282 | INFO | Carregando products...
2026-08-19 10:12:51,282 | INFO | Lendo arquivo: dados\raw\olist\olist_products_dataset.csv
2026-08-19 10:12:51,323 | INFO | 32951 registros carregados.
2026-08-19 10:12:51,323 | INFO | 32951 registros carregados em 'products'.
2026-08-19 10:12:51,323 | INFO | Carregando payments...
2026-08-19 10:12:51,323 | INFO | Lendo arquivo: dados\raw\olist\olist_order_payments_dataset.csv
2026-08-19 10:12:51,402 | INFO | 103886 registros carregados.
2026-08-19 10:12:51,403 | INFO | 103886 registros carregados em 'payments'.
2026-08-19 10:12:51,403 | INFO | Carregando reviews...
2026-08-19 10:12:51,403 | INFO | Lendo arquivo: dados\raw\olist\olist_order_reviews_dataset.csv
2026-08-19 10:12:51,677 | INFO | 99224 registros carregados.
2026-08-19 10:12:51,677 | INFO | 99224 registros carregados em 'reviews'.
2026-08-19 10:12:51,677 | INFO | Carregando sellers...
2026-08-19 10:12:51,677 | INFO | Lendo arquivo: dados\raw\olist\olist_sellers_dataset.csv
2026-08-19 10:12:51,682 | INFO | 3095 registros carregados.
2026-08-19 10:12:51,682 | INFO | 3095 registros carregados em 'sellers'.
2026-08-19 10:12:51,682 | INFO | Carregando geolocation...
2026-08-19 10:12:51,682 | INFO | Lendo arquivo: dados\raw\olist\olist_geolocation_dataset.csv
2026-08-19 10:12:52,257 | INFO | 1000163 registros carregados.
2026-08-19 10:12:52,257 | INFO | 1000163 registros carregados em 'geolocation'.
2026-08-19 10:12:52,257 | INFO | Fonte CSV finalizada.
2026-08-19 10:12:52,257 | INFO | ============================================================
2026-08-19 10:12:52,257 | INFO | DATASETS CARREGADOS
2026-08-19 10:12:52,257 | INFO | ============================================================
2026-08-19 10:12:52,257 | INFO | ETAPA ATUAL: Integração pedidos + itens
2026-08-19 10:12:52,258 | INFO | ============================================================
2026-08-19 10:12:52,258 | INFO | INTEGRANDO PEDIDOS + ITENS
2026-08-19 10:12:52,258 | INFO | ============================================================
2026-08-19 10:12:52,329 | INFO | 99441 pedidos enriquecidos com itens.
2026-08-19 10:12:52,330 | INFO | ETAPA ATUAL: Integração pedidos + clientes
2026-08-19 10:12:52,330 | INFO | ============================================================
2026-08-19 10:12:52,330 | INFO | INTEGRANDO PEDIDOS + CLIENTES
2026-08-19 10:12:52,330 | INFO | ============================================================
2026-08-19 10:12:52,371 | INFO | 99441 pedidos enriquecidos com clientes.
2026-08-19 10:12:52,371 | INFO | ETAPA ATUAL: Integração itens + produtos
2026-08-19 10:12:52,371 | INFO | ============================================================
2026-08-19 10:12:52,372 | INFO | INTEGRANDO ITENS + PRODUTOS
2026-08-19 10:12:52,372 | INFO | ============================================================
2026-08-19 10:12:52,400 | INFO | 112650 itens enriquecidos com produtos.
2026-08-19 10:12:52,400 | INFO | ETAPA ATUAL: Integração pedidos + pagamentos
2026-08-19 10:12:52,400 | INFO | ============================================================
2026-08-19 10:12:52,400 | INFO | INTEGRANDO PEDIDOS + PAGAMENTOS
2026-08-19 10:12:52,400 | INFO | ============================================================
2026-08-19 10:12:52,519 | INFO | 99441 pedidos enriquecidos com pagamentos.
2026-08-19 10:12:52,520 | INFO | ETAPA ATUAL: Integração pedidos + reviews
2026-08-19 10:12:52,520 | INFO | ============================================================
2026-08-19 10:12:52,520 | INFO | INTEGRANDO PEDIDOS + REVIEWS
2026-08-19 10:12:52,520 | INFO | ============================================================
2026-08-19 10:12:52,628 | INFO | 99441 pedidos enriquecidos com reviews.
2026-08-19 10:12:52,629 | INFO | ETAPA ATUAL: Integração itens + sellers
2026-08-19 10:12:52,629 | INFO | ============================================================
2026-08-19 10:12:52,629 | INFO | INTEGRANDO ITENS + SELLERS
2026-08-19 10:12:52,629 | INFO | ============================================================
2026-08-19 10:12:52,647 | INFO | 112650 itens enriquecidos com sellers.
2026-08-19 10:12:52,647 | INFO | ETAPA ATUAL: Integração sellers + geolocation
2026-08-19 10:12:52,648 | INFO | ============================================================
2026-08-19 10:12:52,648 | INFO | INTEGRANDO SELLERS + GEOLOCATION
2026-08-19 10:12:52,648 | INFO | ============================================================
2026-08-19 10:12:52,862 | INFO | 3095 sellers enriquecidos com geolocation.
2026-08-19 10:12:52,863 | INFO | ETAPA ATUAL: Criação da Fato_Vendas
2026-08-19 10:12:53,217 | INFO | ETAPA ATUAL: Validação da Fato_Vendas
2026-08-19 10:12:53,275 | INFO | Fato_Vendas validada com sucesso.
2026-08-19 10:12:53,275 | INFO | Registros validados: 112,650
2026-08-19 10:12:53,275 | INFO | Colunas: 34
2026-08-19 10:12:53,276 | INFO | ETAPA ATUAL: Identificação do período disponível
2026-08-19 10:12:53,321 | INFO | ETAPA ATUAL: Definição do período de análise
2026-08-19 10:12:53,369 | INFO | ETAPA ATUAL: Aplicação do filtro de período
2026-08-19 10:12:53,434 | INFO | ETAPA ATUAL: Validação do período analisado
2026-08-19 10:12:53,486 | INFO | Período validado com sucesso.
2026-08-19 10:12:53,486 | INFO | Primeira venda: 2016-09-04 21:15:19
2026-08-19 10:12:53,487 | INFO | Última venda: 2018-09-03 09:06:57
2026-08-19 10:12:53,487 | INFO | Pedidos únicos: 98,666
2026-08-19 10:12:53,487 | INFO | Sellers únicos: 3,095
2026-08-19 10:12:53,487 | INFO | Receita: R$ 13,591,643.70
2026-08-19 10:12:53,487 | INFO | Frete: R$ 2,251,909.54
2026-08-19 10:12:53,488 | INFO | ETAPA ATUAL: Cálculo das métricas
2026-08-19 10:12:53,522 | INFO | ETAPA ATUAL: Preparação do diretório de saída
2026-08-19 10:12:53,523 | INFO | ETAPA ATUAL: Exportação do Excel
2026-08-19 10:12:53,524 | INFO | Iniciando exportação para Excel: dados\processed\Business_Analytics_Gabriel_Tecnologia_LTDA_2016-09_a_2018-09.xlsx
2026-08-19 10:12:53,525 | INFO | Exportando aba 'Resumo' com 1 registros.
2026-08-19 10:12:53,529 | INFO | Exportando aba 'Top_Sellers' com 10 registros.
2026-08-19 10:12:53,530 | INFO | Exportando aba 'Frete' com 10 registros.
2026-08-19 10:12:53,531 | INFO | Exportando aba 'Preco_Medio' com 10 registros.
2026-08-19 10:12:53,533 | INFO | Exportando aba 'Por_Estado' com 23 registros.
2026-08-19 10:12:53,537 | INFO | Exportando aba 'Fato_Vendas' com 112650 registros.
2026-08-19 10:13:47,774 | INFO | Arquivo base Excel criado.
2026-08-19 10:13:47,774 | INFO | Iniciando formatação do Excel.
2026-08-19 10:15:10,927 | INFO | Formatação do Excel concluída.
2026-08-19 10:15:10,931 | INFO | Arquivo Excel anterior substituído.
2026-08-19 10:15:10,932 | INFO | Arquivo Excel gerado com sucesso: dados\processed\Business_Analytics_Gabriel_Tecnologia_LTDA_2016-09_a_2018-09.xlsx
2026-08-19 10:15:10,932 | INFO | ETAPA ATUAL: Criação do Dashboard Excel
2026-08-19 10:15:10,932 | INFO | Iniciando criação do Dashboard Excel.
2026-08-19 10:16:28,870 | INFO | Dashboard Excel criado com sucesso.
2026-08-19 10:16:28,870 | INFO | Dashboard Excel criado com sucesso.
2026-08-19 10:16:28,870 | INFO | ETAPA ATUAL: Validação do arquivo Excel
2026-08-19 10:16:28,890 | INFO | Todas as abas esperadas foram encontradas.
2026-08-19 10:16:28,891 | INFO | Abas encontradas: ['Dashboard', 'Resumo', 'Top_Sellers', 'Frete', 'Preco_Medio', 'Por_Estado', 'Fato_Vendas', 'Dashboard_Dados']
2026-08-19 10:17:03,323 | INFO | Aba Fato_Vendas validada.
2026-08-19 10:17:03,323 | INFO | Registros na Fato_Vendas do Excel: 112,650
2026-08-19 10:17:03,323 | INFO | Aba Dashboard validada.
2026-08-19 10:17:03,325 | INFO | Arquivo Excel validado com sucesso.
2026-08-19 10:17:03,325 | INFO | ETAPA ATUAL: Validação de integridade da exportação
2026-08-19 10:17:36,255 | INFO | Integridade da exportação validada com sucesso.
2026-08-19 10:17:36,255 | INFO | Registros origem: 112,650
2026-08-19 10:17:36,255 | INFO | Registros Excel: 112,650
2026-08-19 10:17:36,256 | INFO | Receita validada: R$ 13,591,643.70
2026-08-19 10:17:36,256 | INFO | Frete validado: R$ 2,251,909.54
2026-08-19 10:29:02,518 | INFO | ETAPA ATUAL: Inicialização
2026-08-19 10:29:02,518 | INFO | ETAPA ATUAL: Validação das configurações
2026-08-19 10:29:02,519 | INFO | Período configurado: automático.
2026-08-19 10:29:02,519 | INFO | ETAPA ATUAL: Validação dos arquivos de fonte
2026-08-19 10:29:02,519 | INFO | Todos os arquivos CSV obrigatórios foram encontrados.
2026-08-19 10:29:02,519 | INFO | ETAPA ATUAL: Inicialização da fonte CSV
2026-08-19 10:29:02,519 | INFO | ETAPA ATUAL: Carregamento dos datasets
2026-08-19 10:29:02,519 | INFO | ============================================================
2026-08-19 10:29:02,519 | INFO | CARREGANDO DATASETS
2026-08-19 10:29:02,519 | INFO | ============================================================
2026-08-19 10:29:02,520 | INFO | Fonte CSV inicializada.
2026-08-19 10:29:02,520 | INFO | Carregando orders...
2026-08-19 10:29:02,520 | INFO | Lendo arquivo: dados\raw\olist\olist_orders_dataset.csv
2026-08-19 10:29:02,852 | INFO | 99441 registros carregados.
2026-08-19 10:29:02,852 | INFO | 99441 registros carregados em 'orders'.
2026-08-19 10:29:02,852 | INFO | Carregando order_items...
2026-08-19 10:29:02,853 | INFO | Lendo arquivo: dados\raw\olist\olist_order_items_dataset.csv
2026-08-19 10:29:03,035 | INFO | 112650 registros carregados.
2026-08-19 10:29:03,036 | INFO | 112650 registros carregados em 'order_items'.
2026-08-19 10:29:03,036 | INFO | Carregando customers...
2026-08-19 10:29:03,036 | INFO | Lendo arquivo: dados\raw\olist\olist_customers_dataset.csv
2026-08-19 10:29:03,157 | INFO | 99441 registros carregados.
2026-08-19 10:29:03,157 | INFO | 99441 registros carregados em 'customers'.
2026-08-19 10:29:03,157 | INFO | Carregando products...
2026-08-19 10:29:03,158 | INFO | Lendo arquivo: dados\raw\olist\olist_products_dataset.csv
2026-08-19 10:29:03,198 | INFO | 32951 registros carregados.
2026-08-19 10:29:03,198 | INFO | 32951 registros carregados em 'products'.
2026-08-19 10:29:03,199 | INFO | Carregando payments...
2026-08-19 10:29:03,199 | INFO | Lendo arquivo: dados\raw\olist\olist_order_payments_dataset.csv
2026-08-19 10:29:03,278 | INFO | 103886 registros carregados.
2026-08-19 10:29:03,278 | INFO | 103886 registros carregados em 'payments'.
2026-08-19 10:29:03,278 | INFO | Carregando reviews...
2026-08-19 10:29:03,278 | INFO | Lendo arquivo: dados\raw\olist\olist_order_reviews_dataset.csv
2026-08-19 10:29:03,545 | INFO | 99224 registros carregados.
2026-08-19 10:29:03,545 | INFO | 99224 registros carregados em 'reviews'.
2026-08-19 10:29:03,545 | INFO | Carregando sellers...
2026-08-19 10:29:03,545 | INFO | Lendo arquivo: dados\raw\olist\olist_sellers_dataset.csv
2026-08-19 10:29:03,549 | INFO | 3095 registros carregados.
2026-08-19 10:29:03,549 | INFO | 3095 registros carregados em 'sellers'.
2026-08-19 10:29:03,550 | INFO | Carregando geolocation...
2026-08-19 10:29:03,550 | INFO | Lendo arquivo: dados\raw\olist\olist_geolocation_dataset.csv
2026-08-19 10:29:04,105 | INFO | 1000163 registros carregados.
2026-08-19 10:29:04,105 | INFO | 1000163 registros carregados em 'geolocation'.
2026-08-19 10:29:04,105 | INFO | Fonte CSV finalizada.
2026-08-19 10:29:04,106 | INFO | ============================================================
2026-08-19 10:29:04,106 | INFO | DATASETS CARREGADOS
2026-08-19 10:29:04,106 | INFO | ============================================================
2026-08-19 10:29:04,106 | INFO | ETAPA ATUAL: Integração pedidos + itens
2026-08-19 10:29:04,106 | INFO | ============================================================
2026-08-19 10:29:04,106 | INFO | INTEGRANDO PEDIDOS + ITENS
2026-08-19 10:29:04,106 | INFO | ============================================================
2026-08-19 10:29:04,173 | INFO | 99441 pedidos enriquecidos com itens.
2026-08-19 10:29:04,173 | INFO | ETAPA ATUAL: Integração pedidos + clientes
2026-08-19 10:29:04,173 | INFO | ============================================================
2026-08-19 10:29:04,173 | INFO | INTEGRANDO PEDIDOS + CLIENTES
2026-08-19 10:29:04,173 | INFO | ============================================================
2026-08-19 10:29:04,211 | INFO | 99441 pedidos enriquecidos com clientes.
2026-08-19 10:29:04,211 | INFO | ETAPA ATUAL: Integração itens + produtos
2026-08-19 10:29:04,211 | INFO | ============================================================
2026-08-19 10:29:04,211 | INFO | INTEGRANDO ITENS + PRODUTOS
2026-08-19 10:29:04,211 | INFO | ============================================================
2026-08-19 10:29:04,237 | INFO | 112650 itens enriquecidos com produtos.
2026-08-19 10:29:04,237 | INFO | ETAPA ATUAL: Integração pedidos + pagamentos
2026-08-19 10:29:04,237 | INFO | ============================================================
2026-08-19 10:29:04,238 | INFO | INTEGRANDO PEDIDOS + PAGAMENTOS
2026-08-19 10:29:04,238 | INFO | ============================================================
2026-08-19 10:29:04,351 | INFO | 99441 pedidos enriquecidos com pagamentos.
2026-08-19 10:29:04,352 | INFO | ETAPA ATUAL: Integração pedidos + reviews
2026-08-19 10:29:04,352 | INFO | ============================================================
2026-08-19 10:29:04,352 | INFO | INTEGRANDO PEDIDOS + REVIEWS
2026-08-19 10:29:04,352 | INFO | ============================================================
2026-08-19 10:29:04,460 | INFO | 99441 pedidos enriquecidos com reviews.
2026-08-19 10:29:04,461 | INFO | ETAPA ATUAL: Integração itens + sellers
2026-08-19 10:29:04,461 | INFO | ============================================================
2026-08-19 10:29:04,461 | INFO | INTEGRANDO ITENS + SELLERS
2026-08-19 10:29:04,461 | INFO | ============================================================
2026-08-19 10:29:04,481 | INFO | 112650 itens enriquecidos com sellers.
2026-08-19 10:29:04,481 | INFO | ETAPA ATUAL: Integração sellers + geolocation
2026-08-19 10:29:04,481 | INFO | ============================================================
2026-08-19 10:29:04,481 | INFO | INTEGRANDO SELLERS + GEOLOCATION
2026-08-19 10:29:04,482 | INFO | ============================================================
2026-08-19 10:29:04,688 | INFO | 3095 sellers enriquecidos com geolocation.
2026-08-19 10:29:04,689 | INFO | ETAPA ATUAL: Criação da Fato_Vendas
2026-08-19 10:29:05,007 | INFO | ETAPA ATUAL: Validação da Fato_Vendas
2026-08-19 10:29:05,076 | INFO | Fato_Vendas validada com sucesso.
2026-08-19 10:29:05,076 | INFO | Registros validados: 112,650
2026-08-19 10:29:05,076 | INFO | Colunas: 34
2026-08-19 10:29:05,077 | INFO | ETAPA ATUAL: Identificação do período disponível
2026-08-19 10:29:05,117 | INFO | ETAPA ATUAL: Definição do período de análise
2026-08-19 10:29:05,157 | INFO | ETAPA ATUAL: Aplicação do filtro de período
2026-08-19 10:29:05,215 | INFO | ETAPA ATUAL: Validação do período analisado
2026-08-19 10:29:05,265 | INFO | Período validado com sucesso.
2026-08-19 10:29:05,265 | INFO | Primeira venda: 2016-09-04 21:15:19
2026-08-19 10:29:05,265 | INFO | Última venda: 2018-09-03 09:06:57
2026-08-19 10:29:05,265 | INFO | Pedidos únicos: 98,666
2026-08-19 10:29:05,265 | INFO | Sellers únicos: 3,095
2026-08-19 10:29:05,266 | INFO | Receita: R$ 13,591,643.70
2026-08-19 10:29:05,266 | INFO | Frete: R$ 2,251,909.54
2026-08-19 10:29:05,266 | INFO | ETAPA ATUAL: Cálculo das métricas
2026-08-19 10:29:05,299 | INFO | ETAPA ATUAL: Cálculo dos indicadores financeiros
2026-08-19 10:29:05,310 | INFO | ETAPA ATUAL: Cálculo financeiro por seller
2026-08-19 10:29:05,333 | INFO | ETAPA ATUAL: Cálculo do ranking de margem
2026-08-19 10:29:05,334 | INFO | ETAPA ATUAL: Cálculo financeiro por estado
2026-08-19 10:29:05,342 | INFO | ETAPA ATUAL: Preparação do diretório de saída
2026-08-19 10:29:05,343 | INFO | ETAPA ATUAL: Exportação do Excel
2026-08-19 10:29:05,345 | INFO | Iniciando exportação para Excel: dados\processed\Business_Analytics_Gabriel_Tecnologia_LTDA_2016-09_a_2018-09.xlsx
2026-08-19 10:29:05,346 | INFO | Exportando aba 'Resumo' com 1 registros.
2026-08-19 10:29:05,349 | INFO | Exportando aba 'Top_Sellers' com 10 registros.
2026-08-19 10:29:05,350 | INFO | Exportando aba 'Frete' com 10 registros.
2026-08-19 10:29:05,352 | INFO | Exportando aba 'Preco_Medio' com 10 registros.
2026-08-19 10:29:05,356 | INFO | Exportando aba 'Por_Estado' com 23 registros.
2026-08-19 10:29:05,357 | INFO | Exportando aba 'Financeiro' com 1 registros.
2026-08-19 10:29:05,358 | INFO | Exportando aba 'Financeiro_Sellers' com 20 registros.
2026-08-19 10:29:05,360 | INFO | Exportando aba 'Ranking_Margem' com 20 registros.
2026-08-19 10:29:05,362 | INFO | Exportando aba 'Financeiro_Estados' com 23 registros.
2026-08-19 10:29:05,364 | INFO | Exportando aba 'Fato_Vendas' com 112650 registros.
2026-08-19 10:29:58,822 | INFO | Arquivo base Excel criado.
2026-08-19 10:29:58,822 | INFO | Iniciando formatação do Excel.
2026-08-19 10:31:18,991 | INFO | Formatação do Excel concluída.
2026-08-19 10:31:18,995 | INFO | Arquivo Excel anterior substituído.
2026-08-19 10:31:18,995 | INFO | Arquivo Excel gerado com sucesso: dados\processed\Business_Analytics_Gabriel_Tecnologia_LTDA_2016-09_a_2018-09.xlsx
2026-08-19 10:31:18,996 | INFO | ETAPA ATUAL: Criação do Dashboard Excel
2026-08-19 10:31:18,996 | INFO | Iniciando criação do Dashboard Excel.
2026-08-19 10:32:33,975 | INFO | Dashboard Excel criado com sucesso.
2026-08-19 10:32:33,976 | INFO | Dashboard Excel criado com sucesso.
2026-08-19 10:32:33,976 | INFO | ETAPA ATUAL: Validação do arquivo Excel
2026-08-19 10:32:33,995 | INFO | Todas as abas esperadas foram encontradas.
2026-08-19 10:32:33,995 | INFO | Abas encontradas: ['Dashboard', 'Resumo', 'Top_Sellers', 'Frete', 'Preco_Medio', 'Por_Estado', 'Financeiro', 'Financeiro_Sellers', 'Ranking_Margem', 'Financeiro_Estados', 'Fato_Vendas', 'Dashboard_Dados']
2026-08-19 10:33:05,204 | INFO | Aba Fato_Vendas validada.
2026-08-19 10:33:05,204 | INFO | Registros na Fato_Vendas do Excel: 112,650
2026-08-19 10:33:05,204 | INFO | Aba Dashboard validada.
2026-08-19 10:33:05,208 | INFO | Arquivo Excel validado com sucesso.
2026-08-19 10:33:05,208 | INFO | ETAPA ATUAL: Validação de integridade da exportação
2026-08-19 10:33:36,714 | INFO | Integridade da exportação validada com sucesso.
2026-08-19 10:33:36,714 | INFO | Registros origem: 112,650
2026-08-19 10:33:36,714 | INFO | Registros Excel: 112,650
2026-08-19 10:33:36,714 | INFO | Receita validada: R$ 13,591,643.70
2026-08-19 10:33:36,715 | INFO | Frete validado: R$ 2,251,909.54
2026-08-19 10:44:00,648 | INFO | ETAPA ATUAL: Inicialização
2026-08-19 10:44:00,649 | INFO | ETAPA ATUAL: Validação das configurações
2026-08-19 10:44:00,649 | INFO | Período configurado: automático.
2026-08-19 10:44:00,649 | INFO | ETAPA ATUAL: Validação dos arquivos de fonte
2026-08-19 10:44:00,650 | INFO | Todos os arquivos CSV obrigatórios foram encontrados.
2026-08-19 10:44:00,650 | INFO | ETAPA ATUAL: Inicialização da fonte CSV
2026-08-19 10:44:00,650 | INFO | ETAPA ATUAL: Carregamento dos datasets
2026-08-19 10:44:00,650 | INFO | ============================================================
2026-08-19 10:44:00,650 | INFO | CARREGANDO DATASETS
2026-08-19 10:44:00,650 | INFO | ============================================================
2026-08-19 10:44:00,650 | INFO | Fonte CSV inicializada.
2026-08-19 10:44:00,651 | INFO | Carregando orders...
2026-08-19 10:44:00,651 | INFO | Lendo arquivo: dados\raw\olist\olist_orders_dataset.csv
2026-08-19 10:44:00,950 | INFO | 99441 registros carregados.
2026-08-19 10:44:00,950 | INFO | 99441 registros carregados em 'orders'.
2026-08-19 10:44:00,950 | INFO | Carregando order_items...
2026-08-19 10:44:00,950 | INFO | Lendo arquivo: dados\raw\olist\olist_order_items_dataset.csv
2026-08-19 10:44:01,140 | INFO | 112650 registros carregados.
2026-08-19 10:44:01,140 | INFO | 112650 registros carregados em 'order_items'.
2026-08-19 10:44:01,140 | INFO | Carregando customers...
2026-08-19 10:44:01,140 | INFO | Lendo arquivo: dados\raw\olist\olist_customers_dataset.csv
2026-08-19 10:44:01,268 | INFO | 99441 registros carregados.
2026-08-19 10:44:01,268 | INFO | 99441 registros carregados em 'customers'.
2026-08-19 10:44:01,269 | INFO | Carregando products...
2026-08-19 10:44:01,269 | INFO | Lendo arquivo: dados\raw\olist\olist_products_dataset.csv
2026-08-19 10:44:01,317 | INFO | 32951 registros carregados.
2026-08-19 10:44:01,317 | INFO | 32951 registros carregados em 'products'.
2026-08-19 10:44:01,317 | INFO | Carregando payments...
2026-08-19 10:44:01,317 | INFO | Lendo arquivo: dados\raw\olist\olist_order_payments_dataset.csv
2026-08-19 10:44:01,403 | INFO | 103886 registros carregados.
2026-08-19 10:44:01,403 | INFO | 103886 registros carregados em 'payments'.
2026-08-19 10:44:01,403 | INFO | Carregando reviews...
2026-08-19 10:44:01,403 | INFO | Lendo arquivo: dados\raw\olist\olist_order_reviews_dataset.csv
2026-08-19 10:44:01,677 | INFO | 99224 registros carregados.
2026-08-19 10:44:01,677 | INFO | 99224 registros carregados em 'reviews'.
2026-08-19 10:44:01,677 | INFO | Carregando sellers...
2026-08-19 10:44:01,678 | INFO | Lendo arquivo: dados\raw\olist\olist_sellers_dataset.csv
2026-08-19 10:44:01,690 | INFO | 3095 registros carregados.
2026-08-19 10:44:01,690 | INFO | 3095 registros carregados em 'sellers'.
2026-08-19 10:44:01,690 | INFO | Carregando geolocation...
2026-08-19 10:44:01,690 | INFO | Lendo arquivo: dados\raw\olist\olist_geolocation_dataset.csv
2026-08-19 10:44:02,255 | INFO | 1000163 registros carregados.
2026-08-19 10:44:02,255 | INFO | 1000163 registros carregados em 'geolocation'.
2026-08-19 10:44:02,256 | INFO | Fonte CSV finalizada.
2026-08-19 10:44:02,256 | INFO | ============================================================
2026-08-19 10:44:02,256 | INFO | DATASETS CARREGADOS
2026-08-19 10:44:02,256 | INFO | ============================================================
2026-08-19 10:44:02,256 | INFO | ETAPA ATUAL: Integração pedidos + itens
2026-08-19 10:44:02,256 | INFO | ============================================================
2026-08-19 10:44:02,256 | INFO | INTEGRANDO PEDIDOS + ITENS
2026-08-19 10:44:02,256 | INFO | ============================================================
2026-08-19 10:44:02,324 | INFO | 99441 pedidos enriquecidos com itens.
2026-08-19 10:44:02,324 | INFO | ETAPA ATUAL: Integração pedidos + clientes
2026-08-19 10:44:02,324 | INFO | ============================================================
2026-08-19 10:44:02,325 | INFO | INTEGRANDO PEDIDOS + CLIENTES
2026-08-19 10:44:02,325 | INFO | ============================================================
2026-08-19 10:44:02,368 | INFO | 99441 pedidos enriquecidos com clientes.
2026-08-19 10:44:02,368 | INFO | ETAPA ATUAL: Integração itens + produtos
2026-08-19 10:44:02,368 | INFO | ============================================================
2026-08-19 10:44:02,368 | INFO | INTEGRANDO ITENS + PRODUTOS
2026-08-19 10:44:02,368 | INFO | ============================================================
2026-08-19 10:44:02,393 | INFO | 112650 itens enriquecidos com produtos.
2026-08-19 10:44:02,394 | INFO | ETAPA ATUAL: Integração pedidos + pagamentos
2026-08-19 10:44:02,394 | INFO | ============================================================
2026-08-19 10:44:02,394 | INFO | INTEGRANDO PEDIDOS + PAGAMENTOS
2026-08-19 10:44:02,394 | INFO | ============================================================
2026-08-19 10:44:02,505 | INFO | 99441 pedidos enriquecidos com pagamentos.
2026-08-19 10:44:02,505 | INFO | ETAPA ATUAL: Integração pedidos + reviews
2026-08-19 10:44:02,505 | INFO | ============================================================
2026-08-19 10:44:02,505 | INFO | INTEGRANDO PEDIDOS + REVIEWS
2026-08-19 10:44:02,505 | INFO | ============================================================
2026-08-19 10:44:02,614 | INFO | 99441 pedidos enriquecidos com reviews.
2026-08-19 10:44:02,615 | INFO | ETAPA ATUAL: Integração itens + sellers
2026-08-19 10:44:02,615 | INFO | ============================================================
2026-08-19 10:44:02,615 | INFO | INTEGRANDO ITENS + SELLERS
2026-08-19 10:44:02,615 | INFO | ============================================================
2026-08-19 10:44:02,634 | INFO | 112650 itens enriquecidos com sellers.
2026-08-19 10:44:02,634 | INFO | ETAPA ATUAL: Integração sellers + geolocation
2026-08-19 10:44:02,635 | INFO | ============================================================
2026-08-19 10:44:02,635 | INFO | INTEGRANDO SELLERS + GEOLOCATION
2026-08-19 10:44:02,635 | INFO | ============================================================
2026-08-19 10:44:02,846 | INFO | 3095 sellers enriquecidos com geolocation.
2026-08-19 10:44:02,846 | INFO | ETAPA ATUAL: Criação da Fato_Vendas
2026-08-19 10:44:03,171 | INFO | ETAPA ATUAL: Validação da Fato_Vendas
2026-08-19 10:44:03,225 | INFO | Fato_Vendas validada com sucesso.
2026-08-19 10:44:03,225 | INFO | Registros validados: 112,650
2026-08-19 10:44:03,225 | INFO | Colunas: 34
2026-08-19 10:44:03,226 | INFO | ETAPA ATUAL: Identificação do período disponível
2026-08-19 10:44:03,267 | INFO | ETAPA ATUAL: Definição do período de análise
2026-08-19 10:44:03,306 | INFO | ETAPA ATUAL: Aplicação do filtro de período
2026-08-19 10:44:03,363 | INFO | ETAPA ATUAL: Validação do período analisado
2026-08-19 10:44:03,412 | INFO | Período validado com sucesso.
2026-08-19 10:44:03,412 | INFO | Primeira venda: 2016-09-04 21:15:19
2026-08-19 10:44:03,413 | INFO | Última venda: 2018-09-03 09:06:57
2026-08-19 10:44:03,413 | INFO | Pedidos únicos: 98,666
2026-08-19 10:44:03,413 | INFO | Sellers únicos: 3,095
2026-08-19 10:44:03,413 | INFO | Receita: R$ 13,591,643.70
2026-08-19 10:44:03,413 | INFO | Frete: R$ 2,251,909.54
2026-08-19 10:44:03,414 | INFO | ETAPA ATUAL: Cálculo das métricas de sellers
2026-08-19 10:44:03,447 | INFO | ETAPA ATUAL: Cálculo dos indicadores financeiros
2026-08-19 10:44:03,488 | INFO | ETAPA ATUAL: Preparação do diretório de saída
2026-08-19 10:44:03,489 | INFO | ETAPA ATUAL: Exportação do Excel
2026-08-19 10:44:03,490 | INFO | Iniciando exportação para Excel: dados\processed\Business_Analytics_Gabriel_Tecnologia_LTDA_2016-09_a_2018-09.xlsx
2026-08-19 10:44:03,492 | INFO | Exportando aba 'Resumo' com 1 registros.
2026-08-19 10:44:03,495 | INFO | Exportando aba 'Top_Sellers' com 10 registros.
2026-08-19 10:44:03,497 | INFO | Exportando aba 'Frete' com 10 registros.
2026-08-19 10:44:03,498 | INFO | Exportando aba 'Preco_Medio' com 10 registros.
2026-08-19 10:44:03,502 | INFO | Exportando aba 'Por_Estado' com 23 registros.
2026-08-19 10:44:03,504 | INFO | Exportando aba 'Financeiro' com 1 registros.
2026-08-19 10:44:03,504 | INFO | Exportando aba 'Margem_Sellers' com 10 registros.
2026-08-19 10:44:03,506 | INFO | Exportando aba 'Financeiro_Estados' com 23 registros.
2026-08-19 10:44:03,507 | INFO | Exportando aba 'Fato_Vendas' com 112650 registros.
2026-08-19 10:44:59,180 | INFO | Arquivo base Excel criado.
2026-08-19 10:44:59,180 | INFO | Iniciando formatação do Excel.
2026-08-19 10:46:22,703 | INFO | Formatação do Excel concluída.
2026-08-19 10:46:22,707 | INFO | Arquivo Excel anterior substituído.
2026-08-19 10:46:22,708 | INFO | Arquivo Excel gerado com sucesso: dados\processed\Business_Analytics_Gabriel_Tecnologia_LTDA_2016-09_a_2018-09.xlsx
2026-08-19 10:46:22,708 | INFO | ETAPA ATUAL: Criação do Dashboard Excel
2026-08-19 10:46:22,708 | INFO | Iniciando criação do Dashboard Excel.
2026-08-19 10:47:42,584 | INFO | Dashboard Excel criado com sucesso.
2026-08-19 10:47:42,584 | INFO | Dashboard Excel criado com sucesso.
2026-08-19 10:47:42,584 | INFO | ETAPA ATUAL: Validação do arquivo Excel
2026-08-19 10:47:42,604 | INFO | Todas as abas esperadas foram encontradas.
2026-08-19 10:48:17,628 | INFO | Arquivo Excel validado com sucesso.
2026-08-19 10:48:17,628 | INFO | ETAPA ATUAL: Validação de integridade da exportação
2026-08-19 10:48:50,741 | INFO | Integridade da exportação validada com sucesso.
2026-08-19 11:01:26,672 | INFO | ETAPA ATUAL: Inicialização
2026-08-19 11:01:26,673 | INFO | ETAPA ATUAL: Validação das configurações
2026-08-19 11:01:26,673 | INFO | Período configurado: automático.
2026-08-19 11:01:26,673 | INFO | ETAPA ATUAL: Validação dos arquivos de fonte
2026-08-19 11:01:26,673 | INFO | Todos os arquivos CSV obrigatórios foram encontrados.
2026-08-19 11:01:26,674 | INFO | ETAPA ATUAL: Carregamento dos datasets
2026-08-19 11:01:26,674 | INFO | ============================================================
2026-08-19 11:01:26,674 | INFO | CARREGANDO DATASETS
2026-08-19 11:01:26,674 | INFO | ============================================================
2026-08-19 11:01:26,674 | INFO | Fonte CSV inicializada.
2026-08-19 11:01:26,675 | INFO | Carregando orders...
2026-08-19 11:01:26,675 | INFO | Lendo arquivo: dados\raw\olist\olist_orders_dataset.csv
2026-08-19 11:01:27,020 | INFO | 99441 registros carregados.
2026-08-19 11:01:27,020 | INFO | 99441 registros carregados em 'orders'.
2026-08-19 11:01:27,020 | INFO | Carregando order_items...
2026-08-19 11:01:27,021 | INFO | Lendo arquivo: dados\raw\olist\olist_order_items_dataset.csv
2026-08-19 11:01:27,220 | INFO | 112650 registros carregados.
2026-08-19 11:01:27,220 | INFO | 112650 registros carregados em 'order_items'.
2026-08-19 11:01:27,220 | INFO | Carregando customers...
2026-08-19 11:01:27,220 | INFO | Lendo arquivo: dados\raw\olist\olist_customers_dataset.csv
2026-08-19 11:01:27,343 | INFO | 99441 registros carregados.
2026-08-19 11:01:27,344 | INFO | 99441 registros carregados em 'customers'.
2026-08-19 11:01:27,344 | INFO | Carregando products...
2026-08-19 11:01:27,344 | INFO | Lendo arquivo: dados\raw\olist\olist_products_dataset.csv
2026-08-19 11:01:27,386 | INFO | 32951 registros carregados.
2026-08-19 11:01:27,386 | INFO | 32951 registros carregados em 'products'.
2026-08-19 11:01:27,386 | INFO | Carregando payments...
2026-08-19 11:01:27,386 | INFO | Lendo arquivo: dados\raw\olist\olist_order_payments_dataset.csv
2026-08-19 11:01:27,467 | INFO | 103886 registros carregados.
2026-08-19 11:01:27,467 | INFO | 103886 registros carregados em 'payments'.
2026-08-19 11:01:27,467 | INFO | Carregando reviews...
2026-08-19 11:01:27,467 | INFO | Lendo arquivo: dados\raw\olist\olist_order_reviews_dataset.csv
2026-08-19 11:01:27,757 | INFO | 99224 registros carregados.
2026-08-19 11:01:27,757 | INFO | 99224 registros carregados em 'reviews'.
2026-08-19 11:01:27,757 | INFO | Carregando sellers...
2026-08-19 11:01:27,757 | INFO | Lendo arquivo: dados\raw\olist\olist_sellers_dataset.csv
2026-08-19 11:01:27,762 | INFO | 3095 registros carregados.
2026-08-19 11:01:27,762 | INFO | 3095 registros carregados em 'sellers'.
2026-08-19 11:01:27,762 | INFO | Carregando geolocation...
2026-08-19 11:01:27,762 | INFO | Lendo arquivo: dados\raw\olist\olist_geolocation_dataset.csv
2026-08-19 11:01:28,336 | INFO | 1000163 registros carregados.
2026-08-19 11:01:28,336 | INFO | 1000163 registros carregados em 'geolocation'.
2026-08-19 11:01:28,336 | INFO | Fonte CSV finalizada.
2026-08-19 11:01:28,336 | INFO | ============================================================
2026-08-19 11:01:28,336 | INFO | DATASETS CARREGADOS
2026-08-19 11:01:28,336 | INFO | ============================================================
2026-08-19 11:01:28,337 | INFO | ============================================================
2026-08-19 11:01:28,337 | INFO | INTEGRANDO PEDIDOS + ITENS
2026-08-19 11:01:28,337 | INFO | ============================================================
2026-08-19 11:01:28,416 | INFO | 99441 pedidos enriquecidos com itens.
2026-08-19 11:01:28,416 | INFO | ============================================================
2026-08-19 11:01:28,416 | INFO | INTEGRANDO PEDIDOS + CLIENTES
2026-08-19 11:01:28,417 | INFO | ============================================================
2026-08-19 11:01:28,462 | INFO | 99441 pedidos enriquecidos com clientes.
2026-08-19 11:01:28,463 | INFO | ============================================================
2026-08-19 11:01:28,463 | INFO | INTEGRANDO ITENS + PRODUTOS
2026-08-19 11:01:28,463 | INFO | ============================================================
2026-08-19 11:01:28,491 | INFO | 112650 itens enriquecidos com produtos.
2026-08-19 11:01:28,491 | INFO | ============================================================
2026-08-19 11:01:28,491 | INFO | INTEGRANDO PEDIDOS + PAGAMENTOS
2026-08-19 11:01:28,491 | INFO | ============================================================
2026-08-19 11:01:28,624 | INFO | 99441 pedidos enriquecidos com pagamentos.
2026-08-19 11:01:28,625 | INFO | ============================================================
2026-08-19 11:01:28,625 | INFO | INTEGRANDO PEDIDOS + REVIEWS
2026-08-19 11:01:28,625 | INFO | ============================================================
2026-08-19 11:01:28,733 | INFO | 99441 pedidos enriquecidos com reviews.
2026-08-19 11:01:28,733 | INFO | ============================================================
2026-08-19 11:01:28,733 | INFO | INTEGRANDO ITENS + SELLERS
2026-08-19 11:01:28,734 | INFO | ============================================================
2026-08-19 11:01:28,753 | INFO | 112650 itens enriquecidos com sellers.
2026-08-19 11:01:28,753 | INFO | ============================================================
2026-08-19 11:01:28,753 | INFO | INTEGRANDO SELLERS + GEOLOCATION
2026-08-19 11:01:28,753 | INFO | ============================================================
2026-08-19 11:01:28,964 | INFO | 3095 sellers enriquecidos com geolocation.
2026-08-19 11:01:28,964 | INFO | ETAPA ATUAL: Criação da Fato_Vendas
2026-08-19 11:01:29,290 | INFO | ETAPA ATUAL: Validação da Fato_Vendas
2026-08-19 11:01:29,343 | INFO | Fato_Vendas validada com sucesso.
2026-08-19 11:01:29,488 | INFO | ETAPA ATUAL: Validação do período analisado
2026-08-19 11:01:29,531 | INFO | Primeira venda: 2016-09-04 21:15:19
2026-08-19 11:01:29,531 | INFO | Última venda: 2018-09-03 09:06:57
2026-08-19 11:01:29,538 | INFO | Pedidos únicos: 98,666
2026-08-19 11:01:29,541 | INFO | Sellers únicos: 3,095
2026-08-19 11:01:29,541 | INFO | Receita: R$ 13,591,643.70
2026-08-19 11:01:29,542 | INFO | Frete: R$ 2,251,909.54
2026-08-19 11:01:29,542 | INFO | ETAPA ATUAL: Cálculo das métricas de sellers
2026-08-19 11:01:29,575 | INFO | ETAPA ATUAL: Cálculo dos indicadores financeiros
2026-08-19 11:01:29,618 | INFO | ETAPA ATUAL: Geração dos Insights Gerenciais
2026-08-19 11:01:29,624 | INFO | ETAPA ATUAL: Exportação do Excel
2026-08-19 11:01:29,625 | INFO | Iniciando exportação para Excel: dados\processed\Business_Analytics_Gabriel_Tecnologia_LTDA_2016-09_a_2018-09.xlsx
2026-08-19 11:01:29,627 | INFO | Exportando aba 'Resumo' com 1 registros.
2026-08-19 11:01:29,630 | INFO | Exportando aba 'Top_Sellers' com 10 registros.
2026-08-19 11:01:29,631 | INFO | Exportando aba 'Frete' com 10 registros.
2026-08-19 11:01:29,633 | INFO | Exportando aba 'Preco_Medio' com 10 registros.
2026-08-19 11:01:29,634 | INFO | Exportando aba 'Por_Estado' com 23 registros.
2026-08-19 11:01:29,638 | INFO | Exportando aba 'Financeiro' com 1 registros.
2026-08-19 11:01:29,639 | INFO | Exportando aba 'Margem_Sellers' com 10 registros.
2026-08-19 11:01:29,641 | INFO | Exportando aba 'Financeiro_Estados' com 23 registros.
2026-08-19 11:01:29,643 | INFO | Exportando aba 'Fato_Vendas' com 112650 registros.
2026-08-19 11:02:25,079 | INFO | Arquivo base Excel criado.
2026-08-19 11:02:25,079 | INFO | Iniciando formatação do Excel.
2026-08-19 11:03:50,440 | INFO | Formatação do Excel concluída.
2026-08-19 11:03:50,446 | INFO | Arquivo Excel anterior substituído.
2026-08-19 11:03:50,446 | INFO | Arquivo Excel gerado com sucesso: dados\processed\Business_Analytics_Gabriel_Tecnologia_LTDA_2016-09_a_2018-09.xlsx
2026-08-19 11:03:50,446 | INFO | ETAPA ATUAL: Criação do Dashboard Excel
2026-08-19 11:05:09,656 | INFO | Dashboard Excel criado com sucesso.
2026-08-19 11:05:09,656 | INFO | ETAPA ATUAL: Validação do arquivo Excel
2026-08-19 11:05:09,677 | INFO | Todas as abas esperadas foram encontradas.
2026-08-19 11:05:09,677 | INFO | ETAPA ATUAL: Validação de integridade da exportação
2026-08-19 11:05:42,040 | INFO | Integridade da exportação validada com sucesso.
2026-08-20 09:46:41,342 | INFO | ETAPA ATUAL: Validação das configurações
2026-08-20 09:46:41,342 | INFO | Período configurado: automático.
2026-08-20 09:46:41,343 | INFO | ETAPA ATUAL: Validação dos arquivos de fonte
2026-08-20 09:46:41,344 | INFO | Todos os arquivos CSV obrigatórios foram encontrados.
2026-08-20 09:46:41,344 | INFO | ETAPA ATUAL: Inicialização da fonte CSV
2026-08-20 09:46:41,344 | INFO | ETAPA ATUAL: Carregamento dos datasets
2026-08-20 09:46:41,345 | INFO | ============================================================
2026-08-20 09:46:41,345 | INFO | CARREGANDO DATASETS
2026-08-20 09:46:41,345 | INFO | ============================================================
2026-08-20 09:46:41,345 | INFO | Fonte CSV inicializada.
2026-08-20 09:46:41,346 | INFO | Carregando orders...
2026-08-20 09:46:41,346 | INFO | Lendo arquivo: dados\raw\olist\olist_orders_dataset.csv
2026-08-20 09:46:41,701 | INFO | 99441 registros carregados.
2026-08-20 09:46:41,701 | INFO | 99441 registros carregados em 'orders'.
2026-08-20 09:46:41,701 | INFO | Carregando order_items...
2026-08-20 09:46:41,701 | INFO | Lendo arquivo: dados\raw\olist\olist_order_items_dataset.csv
2026-08-20 09:46:41,904 | INFO | 112650 registros carregados.
2026-08-20 09:46:41,904 | INFO | 112650 registros carregados em 'order_items'.
2026-08-20 09:46:41,904 | INFO | Carregando customers...
2026-08-20 09:46:41,904 | INFO | Lendo arquivo: dados\raw\olist\olist_customers_dataset.csv
2026-08-20 09:46:42,054 | INFO | 99441 registros carregados.
2026-08-20 09:46:42,055 | INFO | 99441 registros carregados em 'customers'.
2026-08-20 09:46:42,055 | INFO | Carregando products...
2026-08-20 09:46:42,055 | INFO | Lendo arquivo: dados\raw\olist\olist_products_dataset.csv
2026-08-20 09:46:42,111 | INFO | 32951 registros carregados.
2026-08-20 09:46:42,111 | INFO | 32951 registros carregados em 'products'.
2026-08-20 09:46:42,111 | INFO | Carregando payments...
2026-08-20 09:46:42,111 | INFO | Lendo arquivo: dados\raw\olist\olist_order_payments_dataset.csv
2026-08-20 09:46:42,215 | INFO | 103886 registros carregados.
2026-08-20 09:46:42,215 | INFO | 103886 registros carregados em 'payments'.
2026-08-20 09:46:42,216 | INFO | Carregando reviews...
2026-08-20 09:46:42,216 | INFO | Lendo arquivo: dados\raw\olist\olist_order_reviews_dataset.csv
2026-08-20 09:46:42,515 | INFO | 99224 registros carregados.
2026-08-20 09:46:42,515 | INFO | 99224 registros carregados em 'reviews'.
2026-08-20 09:46:42,515 | INFO | Carregando sellers...
2026-08-20 09:46:42,515 | INFO | Lendo arquivo: dados\raw\olist\olist_sellers_dataset.csv
2026-08-20 09:46:42,533 | INFO | 3095 registros carregados.
2026-08-20 09:46:42,533 | INFO | 3095 registros carregados em 'sellers'.
2026-08-20 09:46:42,533 | INFO | Carregando geolocation...
2026-08-20 09:46:42,533 | INFO | Lendo arquivo: dados\raw\olist\olist_geolocation_dataset.csv
2026-08-20 09:46:43,118 | INFO | 1000163 registros carregados.
2026-08-20 09:46:43,119 | INFO | 1000163 registros carregados em 'geolocation'.
2026-08-20 09:46:43,119 | INFO | Fonte CSV finalizada.
2026-08-20 09:46:43,119 | INFO | ============================================================
2026-08-20 09:46:43,119 | INFO | DATASETS CARREGADOS
2026-08-20 09:46:43,119 | INFO | ============================================================
2026-08-20 09:46:43,119 | INFO | ============================================================
2026-08-20 09:46:43,119 | INFO | INTEGRANDO PEDIDOS + ITENS
2026-08-20 09:46:43,119 | INFO | ============================================================
2026-08-20 09:46:43,233 | INFO | 99441 pedidos enriquecidos com itens.
2026-08-20 09:46:43,233 | INFO | ============================================================
2026-08-20 09:46:43,233 | INFO | INTEGRANDO PEDIDOS + CLIENTES
2026-08-20 09:46:43,233 | INFO | ============================================================
2026-08-20 09:46:43,278 | INFO | 99441 pedidos enriquecidos com clientes.
2026-08-20 09:46:43,278 | INFO | ============================================================
2026-08-20 09:46:43,278 | INFO | INTEGRANDO ITENS + PRODUTOS
2026-08-20 09:46:43,278 | INFO | ============================================================
2026-08-20 09:46:43,304 | INFO | 112650 itens enriquecidos com produtos.
2026-08-20 09:46:43,304 | INFO | ============================================================
2026-08-20 09:46:43,304 | INFO | INTEGRANDO PEDIDOS + PAGAMENTOS
2026-08-20 09:46:43,304 | INFO | ============================================================
2026-08-20 09:46:43,432 | INFO | 99441 pedidos enriquecidos com pagamentos.
2026-08-20 09:46:43,432 | INFO | ============================================================
2026-08-20 09:46:43,432 | INFO | INTEGRANDO PEDIDOS + REVIEWS
2026-08-20 09:46:43,433 | INFO | ============================================================
2026-08-20 09:46:43,551 | INFO | 99441 pedidos enriquecidos com reviews.
2026-08-20 09:46:43,552 | INFO | ============================================================
2026-08-20 09:46:43,552 | INFO | INTEGRANDO ITENS + SELLERS
2026-08-20 09:46:43,552 | INFO | ============================================================
2026-08-20 09:46:43,571 | INFO | 112650 itens enriquecidos com sellers.
2026-08-20 09:46:43,571 | INFO | ============================================================
2026-08-20 09:46:43,571 | INFO | INTEGRANDO SELLERS + GEOLOCATION
2026-08-20 09:46:43,571 | INFO | ============================================================
2026-08-20 09:46:43,786 | INFO | 3095 sellers enriquecidos com geolocation.
2026-08-20 09:46:43,786 | INFO | ETAPA ATUAL: Criação da Fato_Vendas
2026-08-20 09:46:44,098 | INFO | ETAPA ATUAL: Validação da Fato_Vendas
2026-08-20 09:46:44,152 | INFO | Fato_Vendas validada com sucesso.
2026-08-20 09:46:44,152 | INFO | Registros validados: 112,650
2026-08-20 09:46:44,296 | INFO | ETAPA ATUAL: Validação do período analisado
2026-08-20 09:46:44,341 | INFO | Primeira venda: 2016-09-04 21:15:19
2026-08-20 09:46:44,341 | INFO | Última venda: 2018-09-03 09:06:57
2026-08-20 09:46:44,349 | INFO | Pedidos únicos: 98,666
2026-08-20 09:46:44,353 | INFO | Sellers únicos: 3,095
2026-08-20 09:46:44,354 | INFO | Receita: R$ 13,591,643.70
2026-08-20 09:46:44,354 | INFO | Frete: R$ 2,251,909.54
2026-08-20 09:46:44,354 | INFO | ETAPA ATUAL: Cálculo das métricas de sellers
2026-08-20 09:46:44,392 | INFO | ETAPA ATUAL: Cálculo dos indicadores financeiros
2026-08-20 09:46:44,433 | INFO | ETAPA ATUAL: Geração dos Insights Gerenciais
2026-08-20 09:46:44,443 | INFO | Insights gerados: 8
2026-08-20 09:46:44,447 | INFO | ETAPA ATUAL: Exportação do Excel
2026-08-20 09:46:44,449 | INFO | Iniciando exportação para Excel: dados\processed\Business_Analytics_Gabriel_Tecnologia_LTDA_2016-09_a_2018-09.xlsx
2026-08-20 09:46:44,451 | INFO | Exportando aba 'Resumo' com 1 registros.
2026-08-20 09:46:44,456 | INFO | Exportando aba 'Top_Sellers' com 10 registros.
2026-08-20 09:46:44,458 | INFO | Exportando aba 'Frete' com 10 registros.
2026-08-20 09:46:44,460 | INFO | Exportando aba 'Preco_Medio' com 10 registros.
2026-08-20 09:46:44,465 | INFO | Exportando aba 'Por_Estado' com 23 registros.
2026-08-20 09:46:44,467 | INFO | Exportando aba 'Financeiro' com 1 registros.
2026-08-20 09:46:44,467 | INFO | Exportando aba 'Margem_Sellers' com 10 registros.
2026-08-20 09:46:44,469 | INFO | Exportando aba 'Financeiro_Estados' com 23 registros.
2026-08-20 09:46:44,471 | INFO | Exportando aba 'Insights' com 8 registros.
2026-08-20 09:46:44,472 | INFO | Exportando aba 'Fato_Vendas' com 112650 registros.
2026-08-20 09:47:39,182 | INFO | Arquivo base Excel criado.
2026-08-20 09:47:39,182 | INFO | Iniciando formatação do Excel.
2026-08-20 09:49:03,007 | INFO | Formatação do Excel concluída.
2026-08-20 09:49:03,008 | INFO | Arquivo Excel anterior substituído.
2026-08-20 09:49:03,008 | INFO | Arquivo Excel gerado com sucesso: dados\processed\Business_Analytics_Gabriel_Tecnologia_LTDA_2016-09_a_2018-09.xlsx
2026-08-20 09:49:03,008 | INFO | ETAPA ATUAL: Criação do Dashboard Excel
2026-08-20 09:50:22,181 | INFO | Dashboard Excel criado com sucesso.
2026-08-20 09:50:22,182 | INFO | ETAPA ATUAL: Validação do arquivo Excel
2026-08-20 09:50:56,404 | INFO | Todas as abas e estruturas foram validadas.
2026-08-20 09:50:56,404 | INFO | ETAPA ATUAL: Validação de integridade da exportação
2026-08-20 09:51:28,788 | INFO | Integridade da exportação validada com sucesso.
2026-08-20 10:11:41,892 | INFO | ETAPA ATUAL: Validação das configurações
2026-08-20 10:11:41,893 | INFO | Período configurado: automático.
2026-08-20 10:11:41,893 | INFO | ETAPA ATUAL: Validação dos arquivos de fonte
2026-08-20 10:11:41,893 | INFO | Todos os arquivos CSV obrigatórios foram encontrados.
2026-08-20 10:11:41,894 | INFO | ETAPA ATUAL: Inicialização da fonte CSV
2026-08-20 10:11:41,894 | INFO | ETAPA ATUAL: Carregamento dos datasets
2026-08-20 10:11:41,894 | INFO | ============================================================
2026-08-20 10:11:41,894 | INFO | CARREGANDO DATASETS
2026-08-20 10:11:41,894 | INFO | ============================================================
2026-08-20 10:11:41,894 | INFO | Fonte CSV inicializada.
2026-08-20 10:11:41,895 | INFO | Carregando orders...
2026-08-20 10:11:41,895 | INFO | Lendo arquivo: dados\raw\olist\olist_orders_dataset.csv
2026-08-20 10:11:42,246 | INFO | 99441 registros carregados.
2026-08-20 10:11:42,246 | INFO | 99441 registros carregados em 'orders'.
2026-08-20 10:11:42,246 | INFO | Carregando order_items...
2026-08-20 10:11:42,247 | INFO | Lendo arquivo: dados\raw\olist\olist_order_items_dataset.csv
2026-08-20 10:11:42,433 | INFO | 112650 registros carregados.
2026-08-20 10:11:42,433 | INFO | 112650 registros carregados em 'order_items'.
2026-08-20 10:11:42,433 | INFO | Carregando customers...
2026-08-20 10:11:42,433 | INFO | Lendo arquivo: dados\raw\olist\olist_customers_dataset.csv
2026-08-20 10:11:42,556 | INFO | 99441 registros carregados.
2026-08-20 10:11:42,556 | INFO | 99441 registros carregados em 'customers'.
2026-08-20 10:11:42,556 | INFO | Carregando products...
2026-08-20 10:11:42,556 | INFO | Lendo arquivo: dados\raw\olist\olist_products_dataset.csv
2026-08-20 10:11:42,599 | INFO | 32951 registros carregados.
2026-08-20 10:11:42,599 | INFO | 32951 registros carregados em 'products'.
2026-08-20 10:11:42,599 | INFO | Carregando payments...
2026-08-20 10:11:42,599 | INFO | Lendo arquivo: dados\raw\olist\olist_order_payments_dataset.csv
2026-08-20 10:11:42,679 | INFO | 103886 registros carregados.
2026-08-20 10:11:42,680 | INFO | 103886 registros carregados em 'payments'.
2026-08-20 10:11:42,680 | INFO | Carregando reviews...
2026-08-20 10:11:42,680 | INFO | Lendo arquivo: dados\raw\olist\olist_order_reviews_dataset.csv
2026-08-20 10:11:42,954 | INFO | 99224 registros carregados.
2026-08-20 10:11:42,955 | INFO | 99224 registros carregados em 'reviews'.
2026-08-20 10:11:42,955 | INFO | Carregando sellers...
2026-08-20 10:11:42,955 | INFO | Lendo arquivo: dados\raw\olist\olist_sellers_dataset.csv
2026-08-20 10:11:42,959 | INFO | 3095 registros carregados.
2026-08-20 10:11:42,959 | INFO | 3095 registros carregados em 'sellers'.
2026-08-20 10:11:42,959 | INFO | Carregando geolocation...
2026-08-20 10:11:42,960 | INFO | Lendo arquivo: dados\raw\olist\olist_geolocation_dataset.csv
2026-08-20 10:11:43,530 | INFO | 1000163 registros carregados.
2026-08-20 10:11:43,530 | INFO | 1000163 registros carregados em 'geolocation'.
2026-08-20 10:11:43,530 | INFO | Fonte CSV finalizada.
2026-08-20 10:11:43,530 | INFO | ============================================================
2026-08-20 10:11:43,530 | INFO | DATASETS CARREGADOS
2026-08-20 10:11:43,530 | INFO | ============================================================
2026-08-20 10:11:43,530 | INFO | ============================================================
2026-08-20 10:11:43,530 | INFO | INTEGRANDO PEDIDOS + ITENS
2026-08-20 10:11:43,530 | INFO | ============================================================
2026-08-20 10:11:43,598 | INFO | 99441 pedidos enriquecidos com itens.
2026-08-20 10:11:43,598 | INFO | ============================================================
2026-08-20 10:11:43,598 | INFO | INTEGRANDO PEDIDOS + CLIENTES
2026-08-20 10:11:43,599 | INFO | ============================================================
2026-08-20 10:11:43,640 | INFO | 99441 pedidos enriquecidos com clientes.
2026-08-20 10:11:43,640 | INFO | ============================================================
2026-08-20 10:11:43,641 | INFO | INTEGRANDO ITENS + PRODUTOS
2026-08-20 10:11:43,641 | INFO | ============================================================
2026-08-20 10:11:43,667 | INFO | 112650 itens enriquecidos com produtos.
2026-08-20 10:11:43,667 | INFO | ============================================================
2026-08-20 10:11:43,668 | INFO | INTEGRANDO PEDIDOS + PAGAMENTOS
2026-08-20 10:11:43,668 | INFO | ============================================================
2026-08-20 10:11:43,781 | INFO | 99441 pedidos enriquecidos com pagamentos.
2026-08-20 10:11:43,781 | INFO | ============================================================
2026-08-20 10:11:43,781 | INFO | INTEGRANDO PEDIDOS + REVIEWS
2026-08-20 10:11:43,782 | INFO | ============================================================
2026-08-20 10:11:43,887 | INFO | 99441 pedidos enriquecidos com reviews.
2026-08-20 10:11:43,888 | INFO | ============================================================
2026-08-20 10:11:43,888 | INFO | INTEGRANDO ITENS + SELLERS
2026-08-20 10:11:43,888 | INFO | ============================================================
2026-08-20 10:11:43,906 | INFO | 112650 itens enriquecidos com sellers.
2026-08-20 10:11:43,907 | INFO | ============================================================
2026-08-20 10:11:43,907 | INFO | INTEGRANDO SELLERS + GEOLOCATION
2026-08-20 10:11:43,907 | INFO | ============================================================
2026-08-20 10:11:44,118 | INFO | 3095 sellers enriquecidos com geolocation.
2026-08-20 10:11:44,119 | INFO | ETAPA ATUAL: Criação da Fato_Vendas
2026-08-20 10:11:44,440 | INFO | ETAPA ATUAL: Validação da Fato_Vendas
2026-08-20 10:11:44,493 | INFO | Fato_Vendas validada com sucesso.
2026-08-20 10:11:44,493 | INFO | Registros validados: 112,650
2026-08-20 10:11:44,628 | INFO | ETAPA ATUAL: Validação do período analisado
2026-08-20 10:11:44,669 | INFO | Primeira venda: 2016-09-04 21:15:19
2026-08-20 10:11:44,670 | INFO | Última venda: 2018-09-03 09:06:57
2026-08-20 10:11:44,677 | INFO | Pedidos únicos: 98,666
2026-08-20 10:11:44,680 | INFO | Sellers únicos: 3,095
2026-08-20 10:11:44,680 | INFO | Receita: R$ 13,591,643.70
2026-08-20 10:11:44,680 | INFO | Frete: R$ 2,251,909.54
2026-08-20 10:11:44,680 | INFO | ETAPA ATUAL: Cálculo das métricas de sellers
2026-08-20 10:11:44,714 | INFO | ETAPA ATUAL: Cálculo dos indicadores financeiros
2026-08-20 10:11:44,755 | INFO | ETAPA ATUAL: Geração dos Insights Gerenciais
2026-08-20 10:11:44,764 | INFO | Insights gerados: 8
2026-08-20 10:11:44,767 | INFO | ETAPA ATUAL: Exportação do Excel
2026-08-20 10:11:44,769 | INFO | Iniciando exportação para Excel: dados\processed\Business_Analytics_Gabriel_Tecnologia_LTDA_2016-09_a_2018-09.xlsx
2026-08-20 10:11:44,770 | INFO | Exportando aba 'Resumo' com 1 registros.
2026-08-20 10:11:44,774 | INFO | Exportando aba 'Top_Sellers' com 10 registros.
2026-08-20 10:11:44,775 | INFO | Exportando aba 'Frete' com 10 registros.
2026-08-20 10:11:44,777 | INFO | Exportando aba 'Preco_Medio' com 10 registros.
2026-08-20 10:11:44,780 | INFO | Exportando aba 'Por_Estado' com 23 registros.
2026-08-20 10:11:44,782 | INFO | Exportando aba 'Financeiro' com 1 registros.
2026-08-20 10:11:44,783 | INFO | Exportando aba 'Margem_Sellers' com 10 registros.
2026-08-20 10:11:44,784 | INFO | Exportando aba 'Financeiro_Estados' com 23 registros.
2026-08-20 10:11:44,786 | INFO | Exportando aba 'Insights' com 8 registros.
2026-08-20 10:11:44,787 | INFO | Exportando aba 'Fato_Vendas' com 112650 registros.
2026-08-20 10:12:40,469 | INFO | Arquivo base Excel criado.
2026-08-20 10:12:40,470 | INFO | Iniciando formatação do Excel.
2026-08-20 10:14:03,537 | INFO | Formatação do Excel concluída.
2026-08-20 10:14:03,542 | INFO | Arquivo Excel anterior substituído.
2026-08-20 10:14:03,542 | INFO | Arquivo Excel gerado com sucesso: dados\processed\Business_Analytics_Gabriel_Tecnologia_LTDA_2016-09_a_2018-09.xlsx
2026-08-20 10:14:03,543 | INFO | ETAPA ATUAL: Criação do Dashboard Excel
2026-08-20 10:14:03,543 | ERROR | ERRO INESPERADO.
Traceback (most recent call last):
  File "C:\Users\gabri\OneDrive\Área de Trabalho\Cursos\Pos Tech Data Analytics\Projetos GitHub\Business Analytics Automation\main.py", line 1731, in <module>
    main()
    ~~~~^^
  File "C:\Users\gabri\OneDrive\Área de Trabalho\Cursos\Pos Tech Data Analytics\Projetos GitHub\Business Analytics Automation\main.py", line 1653, in main
    dashboard.criar_dashboard(
    ^^^^^^^^^^^^^^^^^^^^^^^^^
AttributeError: 'DashboardExcel' object has no attribute 'criar_dashboard'
2026-08-20 10:16:30,282 | INFO | ETAPA ATUAL: Validação das configurações
2026-08-20 10:16:30,282 | INFO | Período configurado: automático.
2026-08-20 10:16:30,282 | INFO | ETAPA ATUAL: Validação dos arquivos de fonte
2026-08-20 10:16:30,282 | INFO | Todos os arquivos CSV obrigatórios foram encontrados.
2026-08-20 10:16:30,283 | INFO | ETAPA ATUAL: Inicialização da fonte CSV
2026-08-20 10:16:30,283 | INFO | ETAPA ATUAL: Carregamento dos datasets
2026-08-20 10:16:30,283 | INFO | ============================================================
2026-08-20 10:16:30,283 | INFO | CARREGANDO DATASETS
2026-08-20 10:16:30,283 | INFO | ============================================================
2026-08-20 10:16:30,283 | INFO | Fonte CSV inicializada.
2026-08-20 10:16:30,284 | INFO | Carregando orders...
2026-08-20 10:16:30,284 | INFO | Lendo arquivo: dados\raw\olist\olist_orders_dataset.csv
2026-08-20 10:16:30,575 | INFO | 99441 registros carregados.
2026-08-20 10:16:30,575 | INFO | 99441 registros carregados em 'orders'.
2026-08-20 10:16:30,575 | INFO | Carregando order_items...
2026-08-20 10:16:30,576 | INFO | Lendo arquivo: dados\raw\olist\olist_order_items_dataset.csv
2026-08-20 10:16:30,762 | INFO | 112650 registros carregados.
2026-08-20 10:16:30,762 | INFO | 112650 registros carregados em 'order_items'.
2026-08-20 10:16:30,762 | INFO | Carregando customers...
2026-08-20 10:16:30,762 | INFO | Lendo arquivo: dados\raw\olist\olist_customers_dataset.csv
2026-08-20 10:16:30,895 | INFO | 99441 registros carregados.
2026-08-20 10:16:30,895 | INFO | 99441 registros carregados em 'customers'.
2026-08-20 10:16:30,896 | INFO | Carregando products...
2026-08-20 10:16:30,896 | INFO | Lendo arquivo: dados\raw\olist\olist_products_dataset.csv
2026-08-20 10:16:30,951 | INFO | 32951 registros carregados.
2026-08-20 10:16:30,951 | INFO | 32951 registros carregados em 'products'.
2026-08-20 10:16:30,951 | INFO | Carregando payments...
2026-08-20 10:16:30,951 | INFO | Lendo arquivo: dados\raw\olist\olist_order_payments_dataset.csv
2026-08-20 10:16:31,044 | INFO | 103886 registros carregados.
2026-08-20 10:16:31,044 | INFO | 103886 registros carregados em 'payments'.
2026-08-20 10:16:31,044 | INFO | Carregando reviews...
2026-08-20 10:16:31,044 | INFO | Lendo arquivo: dados\raw\olist\olist_order_reviews_dataset.csv
2026-08-20 10:16:31,324 | INFO | 99224 registros carregados.
2026-08-20 10:16:31,324 | INFO | 99224 registros carregados em 'reviews'.
2026-08-20 10:16:31,324 | INFO | Carregando sellers...
2026-08-20 10:16:31,324 | INFO | Lendo arquivo: dados\raw\olist\olist_sellers_dataset.csv
2026-08-20 10:16:31,335 | INFO | 3095 registros carregados.
2026-08-20 10:16:31,335 | INFO | 3095 registros carregados em 'sellers'.
2026-08-20 10:16:31,335 | INFO | Carregando geolocation...
2026-08-20 10:16:31,335 | INFO | Lendo arquivo: dados\raw\olist\olist_geolocation_dataset.csv
2026-08-20 10:16:31,914 | INFO | 1000163 registros carregados.
2026-08-20 10:16:31,914 | INFO | 1000163 registros carregados em 'geolocation'.
2026-08-20 10:16:31,914 | INFO | Fonte CSV finalizada.
2026-08-20 10:16:31,914 | INFO | ============================================================
2026-08-20 10:16:31,915 | INFO | DATASETS CARREGADOS
2026-08-20 10:16:31,915 | INFO | ============================================================
2026-08-20 10:16:31,915 | INFO | ============================================================
2026-08-20 10:16:31,915 | INFO | INTEGRANDO PEDIDOS + ITENS
2026-08-20 10:16:31,915 | INFO | ============================================================
2026-08-20 10:16:31,980 | INFO | 99441 pedidos enriquecidos com itens.
2026-08-20 10:16:31,981 | INFO | ============================================================
2026-08-20 10:16:31,981 | INFO | INTEGRANDO PEDIDOS + CLIENTES
2026-08-20 10:16:31,981 | INFO | ============================================================
2026-08-20 10:16:32,023 | INFO | 99441 pedidos enriquecidos com clientes.
2026-08-20 10:16:32,023 | INFO | ============================================================
2026-08-20 10:16:32,023 | INFO | INTEGRANDO ITENS + PRODUTOS
2026-08-20 10:16:32,023 | INFO | ============================================================
2026-08-20 10:16:32,048 | INFO | 112650 itens enriquecidos com produtos.
2026-08-20 10:16:32,048 | INFO | ============================================================
2026-08-20 10:16:32,048 | INFO | INTEGRANDO PEDIDOS + PAGAMENTOS
2026-08-20 10:16:32,048 | INFO | ============================================================
2026-08-20 10:16:32,174 | INFO | 99441 pedidos enriquecidos com pagamentos.
2026-08-20 10:16:32,175 | INFO | ============================================================
2026-08-20 10:16:32,175 | INFO | INTEGRANDO PEDIDOS + REVIEWS
2026-08-20 10:16:32,175 | INFO | ============================================================
2026-08-20 10:16:32,283 | INFO | 99441 pedidos enriquecidos com reviews.
2026-08-20 10:16:32,283 | INFO | ============================================================
2026-08-20 10:16:32,283 | INFO | INTEGRANDO ITENS + SELLERS
2026-08-20 10:16:32,284 | INFO | ============================================================
2026-08-20 10:16:32,303 | INFO | 112650 itens enriquecidos com sellers.
2026-08-20 10:16:32,303 | INFO | ============================================================
2026-08-20 10:16:32,303 | INFO | INTEGRANDO SELLERS + GEOLOCATION
2026-08-20 10:16:32,303 | INFO | ============================================================
2026-08-20 10:16:32,511 | INFO | 3095 sellers enriquecidos com geolocation.
2026-08-20 10:16:32,511 | INFO | ETAPA ATUAL: Criação da Fato_Vendas
2026-08-20 10:16:32,812 | INFO | ETAPA ATUAL: Validação da Fato_Vendas
2026-08-20 10:16:32,872 | INFO | Fato_Vendas validada com sucesso.
2026-08-20 10:16:32,872 | INFO | Registros validados: 112,650
2026-08-20 10:16:33,012 | INFO | ETAPA ATUAL: Validação do período analisado
2026-08-20 10:16:33,056 | INFO | Primeira venda: 2016-09-04 21:15:19
2026-08-20 10:16:33,056 | INFO | Última venda: 2018-09-03 09:06:57
2026-08-20 10:16:33,064 | INFO | Pedidos únicos: 98,666
2026-08-20 10:16:33,068 | INFO | Sellers únicos: 3,095
2026-08-20 10:16:33,068 | INFO | Receita: R$ 13,591,643.70
2026-08-20 10:16:33,068 | INFO | Frete: R$ 2,251,909.54
2026-08-20 10:16:33,068 | INFO | ETAPA ATUAL: Cálculo das métricas de sellers
2026-08-20 10:16:33,107 | INFO | ETAPA ATUAL: Cálculo dos indicadores financeiros
2026-08-20 10:16:33,151 | INFO | ETAPA ATUAL: Geração dos Insights Gerenciais
2026-08-20 10:16:33,160 | INFO | Insights gerados: 8
2026-08-20 10:16:33,164 | INFO | ETAPA ATUAL: Exportação do Excel
2026-08-20 10:16:33,166 | INFO | Iniciando exportação para Excel: dados\processed\Business_Analytics_Gabriel_Tecnologia_LTDA_2016-09_a_2018-09.xlsx
2026-08-20 10:16:33,168 | INFO | Exportando aba 'Resumo' com 1 registros.
2026-08-20 10:16:33,172 | INFO | Exportando aba 'Top_Sellers' com 10 registros.
2026-08-20 10:16:33,174 | INFO | Exportando aba 'Frete' com 10 registros.
2026-08-20 10:16:33,176 | INFO | Exportando aba 'Preco_Medio' com 10 registros.
2026-08-20 10:16:33,180 | INFO | Exportando aba 'Por_Estado' com 23 registros.
2026-08-20 10:16:33,182 | INFO | Exportando aba 'Financeiro' com 1 registros.
2026-08-20 10:16:33,183 | INFO | Exportando aba 'Margem_Sellers' com 10 registros.
2026-08-20 10:16:33,185 | INFO | Exportando aba 'Financeiro_Estados' com 23 registros.
2026-08-20 10:16:33,187 | INFO | Exportando aba 'Insights' com 8 registros.
2026-08-20 10:16:33,188 | INFO | Exportando aba 'Fato_Vendas' com 112650 registros.
2026-08-20 10:17:28,503 | INFO | Arquivo base Excel criado.
2026-08-20 10:17:28,503 | INFO | Iniciando formatação do Excel.
2026-08-20 10:18:52,636 | INFO | Formatação do Excel concluída.
2026-08-20 10:18:52,641 | INFO | Arquivo Excel anterior substituído.
2026-08-20 10:18:52,641 | INFO | Arquivo Excel gerado com sucesso: dados\processed\Business_Analytics_Gabriel_Tecnologia_LTDA_2016-09_a_2018-09.xlsx
2026-08-20 10:18:52,642 | INFO | ETAPA ATUAL: Criação do Dashboard Excel
2026-08-20 10:18:52,642 | INFO | Iniciando criação do Dashboard Excel.
2026-08-20 10:20:11,141 | INFO | Dashboard Excel criado com sucesso.
2026-08-20 10:20:11,142 | INFO | Dashboard Excel criado com sucesso.
2026-08-20 10:20:11,142 | INFO | ETAPA ATUAL: Validação do arquivo Excel
2026-08-20 10:20:44,451 | INFO | Todas as abas e estruturas foram validadas.
2026-08-20 10:20:44,451 | INFO | ETAPA ATUAL: Validação de integridade da exportação
2026-08-20 10:21:16,479 | INFO | Integridade da exportação validada com sucesso.
2026-08-20 10:27:56,433 | INFO | ETAPA ATUAL: Validação das configurações
2026-08-20 10:27:56,434 | INFO | Período configurado: automático.
2026-08-20 10:27:56,434 | INFO | ETAPA ATUAL: Validação dos arquivos de fonte
2026-08-20 10:27:56,434 | INFO | Todos os arquivos CSV obrigatórios foram encontrados.
2026-08-20 10:27:56,434 | INFO | ETAPA ATUAL: Inicialização da fonte CSV
2026-08-20 10:27:56,435 | INFO | ETAPA ATUAL: Carregamento dos datasets
2026-08-20 10:27:56,435 | INFO | ============================================================
2026-08-20 10:27:56,435 | INFO | CARREGANDO DATASETS
2026-08-20 10:27:56,435 | INFO | ============================================================
2026-08-20 10:27:56,435 | INFO | Fonte CSV inicializada.
2026-08-20 10:27:56,436 | INFO | Carregando orders...
2026-08-20 10:27:56,436 | INFO | Lendo arquivo: dados\raw\olist\olist_orders_dataset.csv
2026-08-20 10:27:56,777 | INFO | 99441 registros carregados.
2026-08-20 10:27:56,777 | INFO | 99441 registros carregados em 'orders'.
2026-08-20 10:27:56,778 | INFO | Carregando order_items...
2026-08-20 10:27:56,778 | INFO | Lendo arquivo: dados\raw\olist\olist_order_items_dataset.csv
2026-08-20 10:27:56,956 | INFO | 112650 registros carregados.
2026-08-20 10:27:56,957 | INFO | 112650 registros carregados em 'order_items'.
2026-08-20 10:27:56,957 | INFO | Carregando customers...
2026-08-20 10:27:56,957 | INFO | Lendo arquivo: dados\raw\olist\olist_customers_dataset.csv
2026-08-20 10:27:57,082 | INFO | 99441 registros carregados.
2026-08-20 10:27:57,082 | INFO | 99441 registros carregados em 'customers'.
2026-08-20 10:27:57,083 | INFO | Carregando products...
2026-08-20 10:27:57,083 | INFO | Lendo arquivo: dados\raw\olist\olist_products_dataset.csv
2026-08-20 10:27:57,123 | INFO | 32951 registros carregados.
2026-08-20 10:27:57,123 | INFO | 32951 registros carregados em 'products'.
2026-08-20 10:27:57,123 | INFO | Carregando payments...
2026-08-20 10:27:57,123 | INFO | Lendo arquivo: dados\raw\olist\olist_order_payments_dataset.csv
2026-08-20 10:27:57,204 | INFO | 103886 registros carregados.
2026-08-20 10:27:57,204 | INFO | 103886 registros carregados em 'payments'.
2026-08-20 10:27:57,204 | INFO | Carregando reviews...
2026-08-20 10:27:57,204 | INFO | Lendo arquivo: dados\raw\olist\olist_order_reviews_dataset.csv
2026-08-20 10:27:57,479 | INFO | 99224 registros carregados.
2026-08-20 10:27:57,479 | INFO | 99224 registros carregados em 'reviews'.
2026-08-20 10:27:57,479 | INFO | Carregando sellers...
2026-08-20 10:27:57,479 | INFO | Lendo arquivo: dados\raw\olist\olist_sellers_dataset.csv
2026-08-20 10:27:57,484 | INFO | 3095 registros carregados.
2026-08-20 10:27:57,484 | INFO | 3095 registros carregados em 'sellers'.
2026-08-20 10:27:57,484 | INFO | Carregando geolocation...
2026-08-20 10:27:57,484 | INFO | Lendo arquivo: dados\raw\olist\olist_geolocation_dataset.csv
2026-08-20 10:27:58,055 | INFO | 1000163 registros carregados.
2026-08-20 10:27:58,055 | INFO | 1000163 registros carregados em 'geolocation'.
2026-08-20 10:27:58,055 | INFO | Fonte CSV finalizada.
2026-08-20 10:27:58,055 | INFO | ============================================================
2026-08-20 10:27:58,055 | INFO | DATASETS CARREGADOS
2026-08-20 10:27:58,055 | INFO | ============================================================
2026-08-20 10:27:58,055 | INFO | ============================================================
2026-08-20 10:27:58,056 | INFO | INTEGRANDO PEDIDOS + ITENS
2026-08-20 10:27:58,056 | INFO | ============================================================
2026-08-20 10:27:58,123 | INFO | 99441 pedidos enriquecidos com itens.
2026-08-20 10:27:58,124 | INFO | ============================================================
2026-08-20 10:27:58,124 | INFO | INTEGRANDO PEDIDOS + CLIENTES
2026-08-20 10:27:58,124 | INFO | ============================================================
2026-08-20 10:27:58,167 | INFO | 99441 pedidos enriquecidos com clientes.
2026-08-20 10:27:58,167 | INFO | ============================================================
2026-08-20 10:27:58,168 | INFO | INTEGRANDO ITENS + PRODUTOS
2026-08-20 10:27:58,168 | INFO | ============================================================
2026-08-20 10:27:58,192 | INFO | 112650 itens enriquecidos com produtos.
2026-08-20 10:27:58,193 | INFO | ============================================================
2026-08-20 10:27:58,193 | INFO | INTEGRANDO PEDIDOS + PAGAMENTOS
2026-08-20 10:27:58,193 | INFO | ============================================================
2026-08-20 10:27:58,324 | INFO | 99441 pedidos enriquecidos com pagamentos.
2026-08-20 10:27:58,324 | INFO | ============================================================
2026-08-20 10:27:58,324 | INFO | INTEGRANDO PEDIDOS + REVIEWS
2026-08-20 10:27:58,324 | INFO | ============================================================
2026-08-20 10:27:58,432 | INFO | 99441 pedidos enriquecidos com reviews.
2026-08-20 10:27:58,432 | INFO | ============================================================
2026-08-20 10:27:58,432 | INFO | INTEGRANDO ITENS + SELLERS
2026-08-20 10:27:58,432 | INFO | ============================================================
2026-08-20 10:27:58,451 | INFO | 112650 itens enriquecidos com sellers.
2026-08-20 10:27:58,451 | INFO | ============================================================
2026-08-20 10:27:58,451 | INFO | INTEGRANDO SELLERS + GEOLOCATION
2026-08-20 10:27:58,451 | INFO | ============================================================
2026-08-20 10:27:58,661 | INFO | 3095 sellers enriquecidos com geolocation.
2026-08-20 10:27:58,661 | INFO | ETAPA ATUAL: Criação da Fato_Vendas
2026-08-20 10:27:58,964 | INFO | ETAPA ATUAL: Validação da Fato_Vendas
2026-08-20 10:27:59,015 | INFO | Fato_Vendas validada com sucesso.
2026-08-20 10:27:59,016 | INFO | Registros validados: 112,650
2026-08-20 10:27:59,153 | INFO | ETAPA ATUAL: Validação do período analisado
2026-08-20 10:27:59,192 | INFO | Primeira venda: 2016-09-04 21:15:19
2026-08-20 10:27:59,192 | INFO | Última venda: 2018-09-03 09:06:57
2026-08-20 10:27:59,202 | INFO | Pedidos únicos: 98,666
2026-08-20 10:27:59,206 | INFO | Sellers únicos: 3,095
2026-08-20 10:27:59,207 | INFO | Receita: R$ 13,591,643.70
2026-08-20 10:27:59,207 | INFO | Frete: R$ 2,251,909.54
2026-08-20 10:27:59,207 | INFO | ETAPA ATUAL: Cálculo das métricas de sellers
2026-08-20 10:27:59,240 | INFO | ETAPA ATUAL: Cálculo dos indicadores financeiros
2026-08-20 10:27:59,284 | INFO | ETAPA ATUAL: Geração dos Insights Gerenciais
2026-08-20 10:27:59,292 | INFO | Insights gerados: 8
2026-08-20 10:27:59,296 | INFO | ETAPA ATUAL: Exportação do Excel
2026-08-20 10:27:59,298 | INFO | Iniciando exportação para Excel: dados\processed\Business_Analytics_Gabriel_Tecnologia_LTDA_2016-09_a_2018-09.xlsx
2026-08-20 10:27:59,300 | INFO | Exportando aba 'Resumo' com 1 registros.
2026-08-20 10:27:59,304 | INFO | Exportando aba 'Top_Sellers' com 10 registros.
2026-08-20 10:27:59,305 | INFO | Exportando aba 'Frete' com 10 registros.
2026-08-20 10:27:59,307 | INFO | Exportando aba 'Preco_Medio' com 10 registros.
2026-08-20 10:27:59,311 | INFO | Exportando aba 'Por_Estado' com 23 registros.
2026-08-20 10:27:59,312 | INFO | Exportando aba 'Financeiro' com 1 registros.
2026-08-20 10:27:59,313 | INFO | Exportando aba 'Margem_Sellers' com 10 registros.
2026-08-20 10:27:59,316 | INFO | Exportando aba 'Financeiro_Estados' com 23 registros.
2026-08-20 10:27:59,318 | INFO | Exportando aba 'Insights' com 8 registros.
2026-08-20 10:27:59,319 | INFO | Exportando aba 'Fato_Vendas' com 112650 registros.
2026-08-20 10:28:54,303 | INFO | Arquivo base Excel criado.
2026-08-20 10:28:54,304 | INFO | Iniciando formatação do Excel.
2026-08-20 10:30:17,235 | INFO | Formatação do Excel concluída.
2026-08-20 10:30:17,240 | INFO | Arquivo Excel anterior substituído.
2026-08-20 10:30:17,240 | INFO | Arquivo Excel gerado com sucesso: dados\processed\Business_Analytics_Gabriel_Tecnologia_LTDA_2016-09_a_2018-09.xlsx
2026-08-20 10:30:17,240 | INFO | ETAPA ATUAL: Criação do Dashboard Excel
2026-08-20 10:30:17,240 | INFO | Iniciando criação do Dashboard Excel.
2026-08-20 10:31:35,381 | INFO | Dashboard Excel criado com sucesso.
2026-08-20 10:31:35,382 | INFO | Dashboard Excel criado com sucesso.
2026-08-20 10:31:35,382 | INFO | ETAPA ATUAL: Validação do arquivo Excel
2026-08-20 10:32:09,319 | INFO | Todas as abas e estruturas foram validadas.
2026-08-20 10:32:09,319 | INFO | ETAPA ATUAL: Validação de integridade da exportação
2026-08-20 10:32:41,623 | INFO | Integridade da exportação validada com sucesso.
2026-08-20 10:49:25,003 | INFO | ETAPA ATUAL: Validação das configurações
2026-08-20 10:49:25,004 | INFO | Período configurado: automático.
2026-08-20 10:49:25,004 | INFO | ETAPA ATUAL: Validação dos arquivos de fonte
2026-08-20 10:49:25,005 | INFO | Todos os arquivos CSV obrigatórios foram encontrados.
2026-08-20 10:49:25,005 | INFO | ETAPA ATUAL: Inicialização da fonte CSV
2026-08-20 10:49:25,005 | INFO | ETAPA ATUAL: Carregamento dos datasets
2026-08-20 10:49:25,005 | INFO | ============================================================
2026-08-20 10:49:25,005 | INFO | CARREGANDO DATASETS
2026-08-20 10:49:25,005 | INFO | ============================================================
2026-08-20 10:49:25,005 | INFO | Fonte CSV inicializada.
2026-08-20 10:49:25,006 | INFO | Carregando orders...
2026-08-20 10:49:25,006 | INFO | Lendo arquivo: dados\raw\olist\olist_orders_dataset.csv
2026-08-20 10:49:25,342 | INFO | 99441 registros carregados.
2026-08-20 10:49:25,342 | INFO | 99441 registros carregados em 'orders'.
2026-08-20 10:49:25,343 | INFO | Carregando order_items...
2026-08-20 10:49:25,343 | INFO | Lendo arquivo: dados\raw\olist\olist_order_items_dataset.csv
2026-08-20 10:49:25,524 | INFO | 112650 registros carregados.
2026-08-20 10:49:25,524 | INFO | 112650 registros carregados em 'order_items'.
2026-08-20 10:49:25,525 | INFO | Carregando customers...
2026-08-20 10:49:25,525 | INFO | Lendo arquivo: dados\raw\olist\olist_customers_dataset.csv
2026-08-20 10:49:25,658 | INFO | 99441 registros carregados.
2026-08-20 10:49:25,659 | INFO | 99441 registros carregados em 'customers'.
2026-08-20 10:49:25,659 | INFO | Carregando products...
2026-08-20 10:49:25,659 | INFO | Lendo arquivo: dados\raw\olist\olist_products_dataset.csv
2026-08-20 10:49:25,700 | INFO | 32951 registros carregados.
2026-08-20 10:49:25,701 | INFO | 32951 registros carregados em 'products'.
2026-08-20 10:49:25,701 | INFO | Carregando payments...
2026-08-20 10:49:25,701 | INFO | Lendo arquivo: dados\raw\olist\olist_order_payments_dataset.csv
2026-08-20 10:49:25,783 | INFO | 103886 registros carregados.
2026-08-20 10:49:25,784 | INFO | 103886 registros carregados em 'payments'.
2026-08-20 10:49:25,784 | INFO | Carregando reviews...
2026-08-20 10:49:25,784 | INFO | Lendo arquivo: dados\raw\olist\olist_order_reviews_dataset.csv
2026-08-20 10:49:26,072 | INFO | 99224 registros carregados.
2026-08-20 10:49:26,072 | INFO | 99224 registros carregados em 'reviews'.
2026-08-20 10:49:26,072 | INFO | Carregando sellers...
2026-08-20 10:49:26,072 | INFO | Lendo arquivo: dados\raw\olist\olist_sellers_dataset.csv
2026-08-20 10:49:26,076 | INFO | 3095 registros carregados.
2026-08-20 10:49:26,076 | INFO | 3095 registros carregados em 'sellers'.
2026-08-20 10:49:26,076 | INFO | Carregando geolocation...
2026-08-20 10:49:26,077 | INFO | Lendo arquivo: dados\raw\olist\olist_geolocation_dataset.csv
2026-08-20 10:49:26,649 | INFO | 1000163 registros carregados.
2026-08-20 10:49:26,649 | INFO | 1000163 registros carregados em 'geolocation'.
2026-08-20 10:49:26,649 | INFO | Fonte CSV finalizada.
2026-08-20 10:49:26,649 | INFO | ============================================================
2026-08-20 10:49:26,649 | INFO | DATASETS CARREGADOS
2026-08-20 10:49:26,649 | INFO | ============================================================
2026-08-20 10:49:26,649 | INFO | ============================================================
2026-08-20 10:49:26,650 | INFO | INTEGRANDO PEDIDOS + ITENS
2026-08-20 10:49:26,650 | INFO | ============================================================
2026-08-20 10:49:26,726 | INFO | 99441 pedidos enriquecidos com itens.
2026-08-20 10:49:26,726 | INFO | ============================================================
2026-08-20 10:49:26,726 | INFO | INTEGRANDO PEDIDOS + CLIENTES
2026-08-20 10:49:26,726 | INFO | ============================================================
2026-08-20 10:49:26,772 | INFO | 99441 pedidos enriquecidos com clientes.
2026-08-20 10:49:26,772 | INFO | ============================================================
2026-08-20 10:49:26,772 | INFO | INTEGRANDO ITENS + PRODUTOS
2026-08-20 10:49:26,772 | INFO | ============================================================
2026-08-20 10:49:26,797 | INFO | 112650 itens enriquecidos com produtos.
2026-08-20 10:49:26,797 | INFO | ============================================================
2026-08-20 10:49:26,798 | INFO | INTEGRANDO PEDIDOS + PAGAMENTOS
2026-08-20 10:49:26,798 | INFO | ============================================================
2026-08-20 10:49:26,924 | INFO | 99441 pedidos enriquecidos com pagamentos.
2026-08-20 10:49:26,924 | INFO | ============================================================
2026-08-20 10:49:26,924 | INFO | INTEGRANDO PEDIDOS + REVIEWS
2026-08-20 10:49:26,925 | INFO | ============================================================
2026-08-20 10:49:27,046 | INFO | 99441 pedidos enriquecidos com reviews.
2026-08-20 10:49:27,046 | INFO | ============================================================
2026-08-20 10:49:27,046 | INFO | INTEGRANDO ITENS + SELLERS
2026-08-20 10:49:27,046 | INFO | ============================================================
2026-08-20 10:49:27,065 | INFO | 112650 itens enriquecidos com sellers.
2026-08-20 10:49:27,065 | INFO | ============================================================
2026-08-20 10:49:27,065 | INFO | INTEGRANDO SELLERS + GEOLOCATION
2026-08-20 10:49:27,065 | INFO | ============================================================
2026-08-20 10:49:27,279 | INFO | 3095 sellers enriquecidos com geolocation.
2026-08-20 10:49:27,280 | INFO | ETAPA ATUAL: Criação da Fato_Vendas
2026-08-20 10:49:27,606 | INFO | ETAPA ATUAL: Validação da Fato_Vendas
2026-08-20 10:49:27,660 | INFO | Fato_Vendas validada com sucesso.
2026-08-20 10:49:27,660 | INFO | Registros validados: 112,650
2026-08-20 10:49:27,801 | INFO | ETAPA ATUAL: Validação do período analisado
2026-08-20 10:49:27,846 | INFO | Primeira venda: 2016-09-04 21:15:19
2026-08-20 10:49:27,847 | INFO | Última venda: 2018-09-03 09:06:57
2026-08-20 10:49:27,860 | INFO | Pedidos únicos: 98,666
2026-08-20 10:49:27,862 | INFO | Sellers únicos: 3,095
2026-08-20 10:49:27,863 | INFO | Receita: R$ 13,591,643.70
2026-08-20 10:49:27,863 | INFO | Frete: R$ 2,251,909.54
2026-08-20 10:49:27,863 | INFO | ETAPA ATUAL: Cálculo das métricas de sellers
2026-08-20 10:49:27,898 | INFO | ETAPA ATUAL: Cálculo dos indicadores financeiros
2026-08-20 10:49:27,941 | INFO | ETAPA ATUAL: Geração dos Insights Gerenciais
2026-08-20 10:49:27,949 | INFO | Insights gerados: 8
2026-08-20 10:49:27,953 | INFO | ETAPA ATUAL: Exportação do Excel
2026-08-20 10:49:27,955 | INFO | Iniciando exportação para Excel: dados\processed\Business_Analytics_Gabriel_Tecnologia_LTDA_2016-09_a_2018-09.xlsx
2026-08-20 10:49:27,957 | INFO | Exportando aba 'Resumo' com 1 registros.
2026-08-20 10:49:27,961 | INFO | Exportando aba 'Top_Sellers' com 10 registros.
2026-08-20 10:49:27,962 | INFO | Exportando aba 'Frete' com 10 registros.
2026-08-20 10:49:27,964 | INFO | Exportando aba 'Preco_Medio' com 10 registros.
2026-08-20 10:49:27,969 | INFO | Exportando aba 'Por_Estado' com 23 registros.
2026-08-20 10:49:27,972 | INFO | Exportando aba 'Financeiro' com 1 registros.
2026-08-20 10:49:27,973 | INFO | Exportando aba 'Margem_Sellers' com 10 registros.
2026-08-20 10:49:27,974 | INFO | Exportando aba 'Financeiro_Estados' com 23 registros.
2026-08-20 10:49:27,976 | INFO | Exportando aba 'Insights' com 8 registros.
2026-08-20 10:49:27,977 | INFO | Exportando aba 'Fato_Vendas' com 112650 registros.
2026-08-20 10:50:23,452 | INFO | Arquivo base Excel criado.
2026-08-20 10:50:23,452 | INFO | Iniciando formatação do Excel.
2026-08-20 10:51:46,895 | INFO | Formatação do Excel concluída.
2026-08-20 10:51:46,899 | INFO | Arquivo Excel anterior substituído.
2026-08-20 10:51:46,899 | INFO | Arquivo Excel gerado com sucesso: dados\processed\Business_Analytics_Gabriel_Tecnologia_LTDA_2016-09_a_2018-09.xlsx
2026-08-20 10:51:46,899 | INFO | ETAPA ATUAL: Criação do Dashboard Excel
2026-08-20 10:51:46,899 | INFO | Iniciando criação do Dashboard Excel.
2026-08-20 10:52:30,288 | INFO | Salvamento temporário: C:\Users\gabri\OneDrive\Área de Trabalho\Cursos\Pos Tech Data Analytics\Projetos GitHub\Business Analytics Automation\dados\processed\Business_Analytics_Gabriel_Tecnologia_LTDA_2016-09_a_2018-09_temp.xlsx
2026-08-20 10:53:06,123 | INFO | Arquivo temporário criado: 33,205,585 bytes
2026-08-20 10:53:06,404 | INFO | Integridade ZIP do arquivo temporário validada.
2026-08-20 10:53:06,414 | INFO | Validação OpenPyXL concluída. Abas encontradas: 12
2026-08-20 10:53:06,419 | INFO | Arquivo Excel principal substituído com sucesso.
2026-08-20 10:53:06,419 | INFO | Tamanho final do Excel: 33,205,585 bytes
2026-08-20 10:53:06,419 | INFO | Dashboard Excel criado com sucesso.
2026-08-20 10:53:06,420 | INFO | Dashboard Excel criado com sucesso.
2026-08-20 10:53:06,420 | INFO | ETAPA ATUAL: Validação do arquivo Excel
2026-08-20 10:53:40,165 | INFO | Todas as abas e estruturas foram validadas.
2026-08-20 10:53:40,165 | INFO | ETAPA ATUAL: Validação de integridade da exportação
2026-08-20 10:54:15,485 | INFO | Integridade da exportação validada com sucesso.
2026-08-20 10:59:59,869 | INFO | ETAPA ATUAL: Validação das configurações
2026-08-20 10:59:59,869 | INFO | Período configurado: automático.
2026-08-20 10:59:59,869 | INFO | ETAPA ATUAL: Validação dos arquivos de fonte
2026-08-20 10:59:59,870 | INFO | Todos os arquivos CSV obrigatórios foram encontrados.
2026-08-20 10:59:59,870 | INFO | ETAPA ATUAL: Inicialização da fonte CSV
2026-08-20 10:59:59,870 | INFO | ETAPA ATUAL: Carregamento dos datasets
2026-08-20 10:59:59,870 | INFO | ============================================================
2026-08-20 10:59:59,870 | INFO | CARREGANDO DATASETS
2026-08-20 10:59:59,870 | INFO | ============================================================
2026-08-20 10:59:59,870 | INFO | Fonte CSV inicializada.
2026-08-20 10:59:59,871 | INFO | Carregando orders...
2026-08-20 10:59:59,871 | INFO | Lendo arquivo: dados\raw\olist\olist_orders_dataset.csv
2026-08-20 11:00:00,218 | INFO | 99441 registros carregados.
2026-08-20 11:00:00,218 | INFO | 99441 registros carregados em 'orders'.
2026-08-20 11:00:00,218 | INFO | Carregando order_items...
2026-08-20 11:00:00,218 | INFO | Lendo arquivo: dados\raw\olist\olist_order_items_dataset.csv
2026-08-20 11:00:00,404 | INFO | 112650 registros carregados.
2026-08-20 11:00:00,404 | INFO | 112650 registros carregados em 'order_items'.
2026-08-20 11:00:00,405 | INFO | Carregando customers...
2026-08-20 11:00:00,405 | INFO | Lendo arquivo: dados\raw\olist\olist_customers_dataset.csv
2026-08-20 11:00:00,528 | INFO | 99441 registros carregados.
2026-08-20 11:00:00,528 | INFO | 99441 registros carregados em 'customers'.
2026-08-20 11:00:00,528 | INFO | Carregando products...
2026-08-20 11:00:00,528 | INFO | Lendo arquivo: dados\raw\olist\olist_products_dataset.csv
2026-08-20 11:00:00,570 | INFO | 32951 registros carregados.
2026-08-20 11:00:00,570 | INFO | 32951 registros carregados em 'products'.
2026-08-20 11:00:00,570 | INFO | Carregando payments...
2026-08-20 11:00:00,570 | INFO | Lendo arquivo: dados\raw\olist\olist_order_payments_dataset.csv
2026-08-20 11:00:00,657 | INFO | 103886 registros carregados.
2026-08-20 11:00:00,657 | INFO | 103886 registros carregados em 'payments'.
2026-08-20 11:00:00,657 | INFO | Carregando reviews...
2026-08-20 11:00:00,657 | INFO | Lendo arquivo: dados\raw\olist\olist_order_reviews_dataset.csv
2026-08-20 11:00:00,937 | INFO | 99224 registros carregados.
2026-08-20 11:00:00,938 | INFO | 99224 registros carregados em 'reviews'.
2026-08-20 11:00:00,938 | INFO | Carregando sellers...
2026-08-20 11:00:00,938 | INFO | Lendo arquivo: dados\raw\olist\olist_sellers_dataset.csv
2026-08-20 11:00:00,942 | INFO | 3095 registros carregados.
2026-08-20 11:00:00,943 | INFO | 3095 registros carregados em 'sellers'.
2026-08-20 11:00:00,943 | INFO | Carregando geolocation...
2026-08-20 11:00:00,943 | INFO | Lendo arquivo: dados\raw\olist\olist_geolocation_dataset.csv
2026-08-20 11:00:01,505 | INFO | 1000163 registros carregados.
2026-08-20 11:00:01,505 | INFO | 1000163 registros carregados em 'geolocation'.
2026-08-20 11:00:01,506 | INFO | Fonte CSV finalizada.
2026-08-20 11:00:01,506 | INFO | ============================================================
2026-08-20 11:00:01,506 | INFO | DATASETS CARREGADOS
2026-08-20 11:00:01,506 | INFO | ============================================================
2026-08-20 11:00:01,506 | INFO | ============================================================
2026-08-20 11:00:01,506 | INFO | INTEGRANDO PEDIDOS + ITENS
2026-08-20 11:00:01,506 | INFO | ============================================================
2026-08-20 11:00:01,574 | INFO | 99441 pedidos enriquecidos com itens.
2026-08-20 11:00:01,574 | INFO | ============================================================
2026-08-20 11:00:01,575 | INFO | INTEGRANDO PEDIDOS + CLIENTES
2026-08-20 11:00:01,575 | INFO | ============================================================
2026-08-20 11:00:01,629 | INFO | 99441 pedidos enriquecidos com clientes.
2026-08-20 11:00:01,629 | INFO | ============================================================
2026-08-20 11:00:01,629 | INFO | INTEGRANDO ITENS + PRODUTOS
2026-08-20 11:00:01,629 | INFO | ============================================================
2026-08-20 11:00:01,656 | INFO | 112650 itens enriquecidos com produtos.
2026-08-20 11:00:01,656 | INFO | ============================================================
2026-08-20 11:00:01,656 | INFO | INTEGRANDO PEDIDOS + PAGAMENTOS
2026-08-20 11:00:01,656 | INFO | ============================================================
2026-08-20 11:00:01,785 | INFO | 99441 pedidos enriquecidos com pagamentos.
2026-08-20 11:00:01,786 | INFO | ============================================================
2026-08-20 11:00:01,786 | INFO | INTEGRANDO PEDIDOS + REVIEWS
2026-08-20 11:00:01,786 | INFO | ============================================================
2026-08-20 11:00:01,895 | INFO | 99441 pedidos enriquecidos com reviews.
2026-08-20 11:00:01,895 | INFO | ============================================================
2026-08-20 11:00:01,895 | INFO | INTEGRANDO ITENS + SELLERS
2026-08-20 11:00:01,895 | INFO | ============================================================
2026-08-20 11:00:01,914 | INFO | 112650 itens enriquecidos com sellers.
2026-08-20 11:00:01,914 | INFO | ============================================================
2026-08-20 11:00:01,915 | INFO | INTEGRANDO SELLERS + GEOLOCATION
2026-08-20 11:00:01,915 | INFO | ============================================================
2026-08-20 11:00:02,122 | INFO | 3095 sellers enriquecidos com geolocation.
2026-08-20 11:00:02,122 | INFO | ETAPA ATUAL: Criação da Fato_Vendas
2026-08-20 11:00:02,461 | INFO | ETAPA ATUAL: Validação da Fato_Vendas
2026-08-20 11:00:02,515 | INFO | Fato_Vendas validada com sucesso.
2026-08-20 11:00:02,515 | INFO | Registros validados: 112,650
2026-08-20 11:00:02,664 | INFO | ETAPA ATUAL: Validação do período analisado
2026-08-20 11:00:02,705 | INFO | Primeira venda: 2016-09-04 21:15:19
2026-08-20 11:00:02,706 | INFO | Última venda: 2018-09-03 09:06:57
2026-08-20 11:00:02,715 | INFO | Pedidos únicos: 98,666
2026-08-20 11:00:02,718 | INFO | Sellers únicos: 3,095
2026-08-20 11:00:02,718 | INFO | Receita: R$ 13,591,643.70
2026-08-20 11:00:02,718 | INFO | Frete: R$ 2,251,909.54
2026-08-20 11:00:02,719 | INFO | ETAPA ATUAL: Cálculo das métricas de sellers
2026-08-20 11:00:02,756 | INFO | ETAPA ATUAL: Cálculo dos indicadores financeiros
2026-08-20 11:00:02,806 | INFO | ETAPA ATUAL: Geração dos Insights Gerenciais
2026-08-20 11:00:02,815 | INFO | Insights gerados: 8
2026-08-20 11:00:02,818 | INFO | ETAPA ATUAL: Exportação do Excel
2026-08-20 11:00:02,820 | INFO | Iniciando exportação para Excel: dados\processed\Business_Analytics_Gabriel_Tecnologia_LTDA_2016-09_a_2018-09.xlsx
2026-08-20 11:00:02,822 | INFO | Exportando aba 'Resumo' com 1 registros.
2026-08-20 11:00:02,827 | INFO | Exportando aba 'Top_Sellers' com 10 registros.
2026-08-20 11:00:02,828 | INFO | Exportando aba 'Frete' com 10 registros.
2026-08-20 11:00:02,830 | INFO | Exportando aba 'Preco_Medio' com 10 registros.
2026-08-20 11:00:02,834 | INFO | Exportando aba 'Por_Estado' com 23 registros.
2026-08-20 11:00:02,836 | INFO | Exportando aba 'Financeiro' com 1 registros.
2026-08-20 11:00:02,837 | INFO | Exportando aba 'Margem_Sellers' com 10 registros.
2026-08-20 11:00:02,838 | INFO | Exportando aba 'Financeiro_Estados' com 23 registros.
2026-08-20 11:00:02,840 | INFO | Exportando aba 'Insights' com 8 registros.
2026-08-20 11:00:02,841 | INFO | Exportando aba 'Fato_Vendas' com 112650 registros.
2026-08-20 11:00:58,511 | INFO | Arquivo base Excel criado.
2026-08-20 11:00:58,511 | INFO | Iniciando formatação do Excel.
2026-08-20 11:02:23,048 | INFO | Formatação do Excel concluída.
2026-08-20 11:02:23,053 | INFO | Arquivo Excel anterior substituído.
2026-08-20 11:02:23,053 | INFO | Arquivo Excel gerado com sucesso: dados\processed\Business_Analytics_Gabriel_Tecnologia_LTDA_2016-09_a_2018-09.xlsx
2026-08-20 11:02:23,053 | INFO | ETAPA ATUAL: Criação do Dashboard Excel
2026-08-20 11:02:23,053 | INFO | Iniciando criação do Dashboard Excel.
2026-08-20 11:03:43,926 | INFO | Dashboard Excel criado com sucesso.
2026-08-20 11:03:43,927 | INFO | Dashboard Excel criado com sucesso.
2026-08-20 11:03:43,927 | INFO | ETAPA ATUAL: Validação do arquivo Excel
2026-08-20 11:04:21,813 | INFO | Todas as abas e estruturas foram validadas.
2026-08-20 11:04:21,813 | INFO | ETAPA ATUAL: Validação de integridade da exportação
2026-08-20 11:05:05,673 | INFO | Integridade da exportação validada com sucesso.
2026-08-20 11:11:42,911 | INFO | ETAPA ATUAL: Validação das configurações
2026-08-20 11:11:42,912 | INFO | Período configurado: automático.
2026-08-20 11:11:42,912 | INFO | ETAPA ATUAL: Validação dos arquivos de fonte
2026-08-20 11:11:42,912 | INFO | Todos os arquivos CSV obrigatórios foram encontrados.
2026-08-20 11:11:42,913 | INFO | ETAPA ATUAL: Inicialização da fonte CSV
2026-08-20 11:11:42,913 | INFO | ETAPA ATUAL: Carregamento dos datasets
2026-08-20 11:11:42,913 | INFO | ============================================================
2026-08-20 11:11:42,913 | INFO | CARREGANDO DATASETS
2026-08-20 11:11:42,913 | INFO | ============================================================
2026-08-20 11:11:42,913 | INFO | Fonte CSV inicializada.
2026-08-20 11:11:42,914 | INFO | Carregando orders...
2026-08-20 11:11:42,914 | INFO | Lendo arquivo: dados\raw\olist\olist_orders_dataset.csv
2026-08-20 11:11:43,269 | INFO | 99441 registros carregados.
2026-08-20 11:11:43,269 | INFO | 99441 registros carregados em 'orders'.
2026-08-20 11:11:43,269 | INFO | Carregando order_items...
2026-08-20 11:11:43,270 | INFO | Lendo arquivo: dados\raw\olist\olist_order_items_dataset.csv
2026-08-20 11:11:43,448 | INFO | 112650 registros carregados.
2026-08-20 11:11:43,448 | INFO | 112650 registros carregados em 'order_items'.
2026-08-20 11:11:43,448 | INFO | Carregando customers...
2026-08-20 11:11:43,449 | INFO | Lendo arquivo: dados\raw\olist\olist_customers_dataset.csv
2026-08-20 11:11:43,573 | INFO | 99441 registros carregados.
2026-08-20 11:11:43,573 | INFO | 99441 registros carregados em 'customers'.
2026-08-20 11:11:43,573 | INFO | Carregando products...
2026-08-20 11:11:43,573 | INFO | Lendo arquivo: dados\raw\olist\olist_products_dataset.csv
2026-08-20 11:11:43,615 | INFO | 32951 registros carregados.
2026-08-20 11:11:43,615 | INFO | 32951 registros carregados em 'products'.
2026-08-20 11:11:43,615 | INFO | Carregando payments...
2026-08-20 11:11:43,615 | INFO | Lendo arquivo: dados\raw\olist\olist_order_payments_dataset.csv
2026-08-20 11:11:43,694 | INFO | 103886 registros carregados.
2026-08-20 11:11:43,694 | INFO | 103886 registros carregados em 'payments'.
2026-08-20 11:11:43,694 | INFO | Carregando reviews...
2026-08-20 11:11:43,694 | INFO | Lendo arquivo: dados\raw\olist\olist_order_reviews_dataset.csv
2026-08-20 11:11:43,965 | INFO | 99224 registros carregados.
2026-08-20 11:11:43,965 | INFO | 99224 registros carregados em 'reviews'.
2026-08-20 11:11:43,965 | INFO | Carregando sellers...
2026-08-20 11:11:43,965 | INFO | Lendo arquivo: dados\raw\olist\olist_sellers_dataset.csv
2026-08-20 11:11:43,970 | INFO | 3095 registros carregados.
2026-08-20 11:11:43,970 | INFO | 3095 registros carregados em 'sellers'.
2026-08-20 11:11:43,970 | INFO | Carregando geolocation...
2026-08-20 11:11:43,970 | INFO | Lendo arquivo: dados\raw\olist\olist_geolocation_dataset.csv
2026-08-20 11:11:44,551 | INFO | 1000163 registros carregados.
2026-08-20 11:11:44,551 | INFO | 1000163 registros carregados em 'geolocation'.
2026-08-20 11:11:44,551 | INFO | Fonte CSV finalizada.
2026-08-20 11:11:44,551 | INFO | ============================================================
2026-08-20 11:11:44,551 | INFO | DATASETS CARREGADOS
2026-08-20 11:11:44,551 | INFO | ============================================================
2026-08-20 11:11:44,552 | INFO | ============================================================
2026-08-20 11:11:44,552 | INFO | INTEGRANDO PEDIDOS + ITENS
2026-08-20 11:11:44,552 | INFO | ============================================================
2026-08-20 11:11:44,619 | INFO | 99441 pedidos enriquecidos com itens.
2026-08-20 11:11:44,620 | INFO | ============================================================
2026-08-20 11:11:44,620 | INFO | INTEGRANDO PEDIDOS + CLIENTES
2026-08-20 11:11:44,620 | INFO | ============================================================
2026-08-20 11:11:44,662 | INFO | 99441 pedidos enriquecidos com clientes.
2026-08-20 11:11:44,662 | INFO | ============================================================
2026-08-20 11:11:44,662 | INFO | INTEGRANDO ITENS + PRODUTOS
2026-08-20 11:11:44,662 | INFO | ============================================================
2026-08-20 11:11:44,687 | INFO | 112650 itens enriquecidos com produtos.
2026-08-20 11:11:44,687 | INFO | ============================================================
2026-08-20 11:11:44,688 | INFO | INTEGRANDO PEDIDOS + PAGAMENTOS
2026-08-20 11:11:44,688 | INFO | ============================================================
2026-08-20 11:11:44,800 | INFO | 99441 pedidos enriquecidos com pagamentos.
2026-08-20 11:11:44,801 | INFO | ============================================================
2026-08-20 11:11:44,801 | INFO | INTEGRANDO PEDIDOS + REVIEWS
2026-08-20 11:11:44,801 | INFO | ============================================================
2026-08-20 11:11:44,908 | INFO | 99441 pedidos enriquecidos com reviews.
2026-08-20 11:11:44,909 | INFO | ============================================================
2026-08-20 11:11:44,909 | INFO | INTEGRANDO ITENS + SELLERS
2026-08-20 11:11:44,909 | INFO | ============================================================
2026-08-20 11:11:44,928 | INFO | 112650 itens enriquecidos com sellers.
2026-08-20 11:11:44,928 | INFO | ============================================================
2026-08-20 11:11:44,928 | INFO | INTEGRANDO SELLERS + GEOLOCATION
2026-08-20 11:11:44,928 | INFO | ============================================================
2026-08-20 11:11:45,137 | INFO | 3095 sellers enriquecidos com geolocation.
2026-08-20 11:11:45,137 | INFO | ETAPA ATUAL: Criação da Fato_Vendas
2026-08-20 11:11:45,424 | INFO | ETAPA ATUAL: Validação da Fato_Vendas
2026-08-20 11:11:45,476 | INFO | Fato_Vendas validada com sucesso.
2026-08-20 11:11:45,477 | INFO | Registros validados: 112,650
2026-08-20 11:11:45,612 | INFO | ETAPA ATUAL: Validação do período analisado
2026-08-20 11:11:45,652 | INFO | Primeira venda: 2016-09-04 21:15:19
2026-08-20 11:11:45,652 | INFO | Última venda: 2018-09-03 09:06:57
2026-08-20 11:11:45,666 | INFO | Pedidos únicos: 98,666
2026-08-20 11:11:45,669 | INFO | Sellers únicos: 3,095
2026-08-20 11:11:45,669 | INFO | Receita: R$ 13,591,643.70
2026-08-20 11:11:45,669 | INFO | Frete: R$ 2,251,909.54
2026-08-20 11:11:45,669 | INFO | ETAPA ATUAL: Cálculo das métricas de sellers
2026-08-20 11:11:45,701 | INFO | ETAPA ATUAL: Cálculo dos indicadores financeiros
2026-08-20 11:11:45,742 | INFO | ETAPA ATUAL: Geração dos Insights Gerenciais
2026-08-20 11:11:45,750 | INFO | Insights gerados: 8
2026-08-20 11:11:45,754 | INFO | ETAPA ATUAL: Exportação do Excel
2026-08-20 11:11:45,755 | INFO | Iniciando exportação para Excel: dados\processed\Business_Analytics_Gabriel_Tecnologia_LTDA_2016-09_a_2018-09.xlsx
2026-08-20 11:11:45,757 | INFO | Exportando aba 'Resumo' com 1 registros.
2026-08-20 11:11:45,760 | INFO | Exportando aba 'Top_Sellers' com 10 registros.
2026-08-20 11:11:45,762 | INFO | Exportando aba 'Frete' com 10 registros.
2026-08-20 11:11:45,763 | INFO | Exportando aba 'Preco_Medio' com 10 registros.
2026-08-20 11:11:45,767 | INFO | Exportando aba 'Por_Estado' com 23 registros.
2026-08-20 11:11:45,768 | INFO | Exportando aba 'Financeiro' com 1 registros.
2026-08-20 11:11:45,769 | INFO | Exportando aba 'Margem_Sellers' com 10 registros.
2026-08-20 11:11:45,770 | INFO | Exportando aba 'Financeiro_Estados' com 23 registros.
2026-08-20 11:11:45,772 | INFO | Exportando aba 'Insights' com 8 registros.
2026-08-20 11:11:45,773 | INFO | Exportando aba 'Fato_Vendas' com 112650 registros.
2026-08-20 11:12:39,147 | INFO | Arquivo base Excel criado.
2026-08-20 11:12:39,147 | INFO | Iniciando formatação do Excel.
2026-08-20 11:14:00,803 | INFO | Formatação do Excel concluída.
2026-08-20 11:14:00,808 | INFO | Arquivo Excel anterior substituído.
2026-08-20 11:14:00,809 | INFO | Arquivo Excel gerado com sucesso: dados\processed\Business_Analytics_Gabriel_Tecnologia_LTDA_2016-09_a_2018-09.xlsx
2026-08-20 11:14:00,809 | INFO | ETAPA ATUAL: Criação do Dashboard Excel
2026-08-20 11:14:00,809 | INFO | Iniciando criação do Dashboard Excel.
2026-08-20 11:14:41,846 | INFO | Salvando Dashboard Excel em arquivo temporário.
2026-08-20 11:15:17,584 | INFO | Arquivo Excel atualizado: dados\processed\Business_Analytics_Gabriel_Tecnologia_LTDA_2016-09_a_2018-09.xlsx
2026-08-20 11:15:17,584 | INFO | Dashboard Excel criado com sucesso.
2026-08-20 11:15:17,585 | INFO | Dashboard Excel criado com sucesso.
2026-08-20 11:15:17,585 | INFO | ETAPA ATUAL: Validação do arquivo Excel
2026-08-20 11:15:51,317 | INFO | Todas as abas e estruturas foram validadas.
2026-08-20 11:15:51,317 | INFO | ETAPA ATUAL: Validação de integridade da exportação
2026-08-20 11:16:25,236 | INFO | Integridade da exportação validada com sucesso.
2026-08-21 11:11:26,231 | INFO | ETAPA ATUAL: Validação das configurações
2026-08-21 11:11:26,231 | INFO | Período configurado: automático.
2026-08-21 11:11:26,232 | INFO | ETAPA ATUAL: Validação dos arquivos de fonte
2026-08-21 11:11:26,232 | INFO | Todos os arquivos CSV obrigatórios foram encontrados.
2026-08-21 11:11:26,232 | INFO | ETAPA ATUAL: Inicialização da fonte CSV
2026-08-21 11:11:26,232 | INFO | ETAPA ATUAL: Carregamento dos datasets
2026-08-21 11:11:26,232 | INFO | ============================================================
2026-08-21 11:11:26,232 | INFO | CARREGANDO DATASETS
2026-08-21 11:11:26,232 | INFO | ============================================================
2026-08-21 11:11:26,233 | INFO | Fonte CSV inicializada.
2026-08-21 11:11:26,234 | INFO | Carregando orders...
2026-08-21 11:11:26,234 | INFO | Lendo arquivo: dados\raw\olist\olist_orders_dataset.csv
2026-08-21 11:11:26,556 | INFO | 99441 registros carregados.
2026-08-21 11:11:26,556 | INFO | 99441 registros carregados em 'orders'.
2026-08-21 11:11:26,556 | INFO | Carregando order_items...
2026-08-21 11:11:26,556 | INFO | Lendo arquivo: dados\raw\olist\olist_order_items_dataset.csv
2026-08-21 11:11:26,745 | INFO | 112650 registros carregados.
2026-08-21 11:11:26,745 | INFO | 112650 registros carregados em 'order_items'.
2026-08-21 11:11:26,745 | INFO | Carregando customers...
2026-08-21 11:11:26,745 | INFO | Lendo arquivo: dados\raw\olist\olist_customers_dataset.csv
2026-08-21 11:11:26,879 | INFO | 99441 registros carregados.
2026-08-21 11:11:26,879 | INFO | 99441 registros carregados em 'customers'.
2026-08-21 11:11:26,879 | INFO | Carregando products...
2026-08-21 11:11:26,879 | INFO | Lendo arquivo: dados\raw\olist\olist_products_dataset.csv
2026-08-21 11:11:26,929 | INFO | 32951 registros carregados.
2026-08-21 11:11:26,929 | INFO | 32951 registros carregados em 'products'.
2026-08-21 11:11:26,929 | INFO | Carregando payments...
2026-08-21 11:11:26,929 | INFO | Lendo arquivo: dados\raw\olist\olist_order_payments_dataset.csv
2026-08-21 11:11:27,018 | INFO | 103886 registros carregados.
2026-08-21 11:11:27,018 | INFO | 103886 registros carregados em 'payments'.
2026-08-21 11:11:27,018 | INFO | Carregando reviews...
2026-08-21 11:11:27,018 | INFO | Lendo arquivo: dados\raw\olist\olist_order_reviews_dataset.csv
2026-08-21 11:11:27,301 | INFO | 99224 registros carregados.
2026-08-21 11:11:27,301 | INFO | 99224 registros carregados em 'reviews'.
2026-08-21 11:11:27,302 | INFO | Carregando sellers...
2026-08-21 11:11:27,302 | INFO | Lendo arquivo: dados\raw\olist\olist_sellers_dataset.csv
2026-08-21 11:11:27,313 | INFO | 3095 registros carregados.
2026-08-21 11:11:27,313 | INFO | 3095 registros carregados em 'sellers'.
2026-08-21 11:11:27,313 | INFO | Carregando geolocation...
2026-08-21 11:11:27,313 | INFO | Lendo arquivo: dados\raw\olist\olist_geolocation_dataset.csv
2026-08-21 11:11:27,884 | INFO | 1000163 registros carregados.
2026-08-21 11:11:27,884 | INFO | 1000163 registros carregados em 'geolocation'.
2026-08-21 11:11:27,884 | INFO | Fonte CSV finalizada.
2026-08-21 11:11:27,884 | INFO | ============================================================
2026-08-21 11:11:27,884 | INFO | DATASETS CARREGADOS
2026-08-21 11:11:27,884 | INFO | ============================================================
2026-08-21 11:11:27,884 | INFO | ============================================================
2026-08-21 11:11:27,884 | INFO | INTEGRANDO PEDIDOS + ITENS
2026-08-21 11:11:27,885 | INFO | ============================================================
2026-08-21 11:11:27,975 | INFO | 99441 pedidos enriquecidos com itens.
2026-08-21 11:11:27,975 | INFO | ============================================================
2026-08-21 11:11:27,975 | INFO | INTEGRANDO PEDIDOS + CLIENTES
2026-08-21 11:11:27,975 | INFO | ============================================================
2026-08-21 11:11:28,018 | INFO | 99441 pedidos enriquecidos com clientes.
2026-08-21 11:11:28,018 | INFO | ============================================================
2026-08-21 11:11:28,019 | INFO | INTEGRANDO ITENS + PRODUTOS
2026-08-21 11:11:28,019 | INFO | ============================================================
2026-08-21 11:11:28,047 | INFO | 112650 itens enriquecidos com produtos.
2026-08-21 11:11:28,047 | INFO | ============================================================
2026-08-21 11:11:28,048 | INFO | INTEGRANDO PEDIDOS + PAGAMENTOS
2026-08-21 11:11:28,048 | INFO | ============================================================
2026-08-21 11:11:28,170 | INFO | 99441 pedidos enriquecidos com pagamentos.
2026-08-21 11:11:28,171 | INFO | ============================================================
2026-08-21 11:11:28,171 | INFO | INTEGRANDO PEDIDOS + REVIEWS
2026-08-21 11:11:28,171 | INFO | ============================================================
2026-08-21 11:11:28,296 | INFO | 99441 pedidos enriquecidos com reviews.
2026-08-21 11:11:28,297 | INFO | ============================================================
2026-08-21 11:11:28,297 | INFO | INTEGRANDO ITENS + SELLERS
2026-08-21 11:11:28,297 | INFO | ============================================================
2026-08-21 11:11:28,323 | INFO | 112650 itens enriquecidos com sellers.
2026-08-21 11:11:28,323 | INFO | ============================================================
2026-08-21 11:11:28,323 | INFO | INTEGRANDO SELLERS + GEOLOCATION
2026-08-21 11:11:28,323 | INFO | ============================================================
2026-08-21 11:11:28,544 | INFO | 3095 sellers enriquecidos com geolocation.
2026-08-21 11:11:28,544 | INFO | ETAPA ATUAL: Criação da Fato_Vendas
2026-08-21 11:11:28,848 | INFO | ETAPA ATUAL: Validação da Fato_Vendas
2026-08-21 11:11:28,903 | INFO | Fato_Vendas validada com sucesso.
2026-08-21 11:11:28,903 | INFO | Registros validados: 112,650
2026-08-21 11:11:29,040 | INFO | ETAPA ATUAL: Validação do período analisado
2026-08-21 11:11:29,080 | INFO | Primeira venda: 2016-09-04 21:15:19
2026-08-21 11:11:29,080 | INFO | Última venda: 2018-09-03 09:06:57
2026-08-21 11:11:29,088 | INFO | Pedidos únicos: 98,666
2026-08-21 11:11:29,091 | INFO | Sellers únicos: 3,095
2026-08-21 11:11:29,091 | INFO | Receita: R$ 13,591,643.70
2026-08-21 11:11:29,091 | INFO | Frete: R$ 2,251,909.54
2026-08-21 11:11:29,091 | INFO | ETAPA ATUAL: Cálculo das métricas de sellers
2026-08-21 11:11:29,127 | INFO | ETAPA ATUAL: Cálculo dos indicadores financeiros
2026-08-21 11:11:29,167 | INFO | ETAPA ATUAL: Geração dos Insights Gerenciais
2026-08-21 11:11:29,176 | INFO | Insights gerados: 8
2026-08-21 11:11:29,179 | INFO | ETAPA ATUAL: Exportação do Excel
2026-08-21 11:11:29,181 | INFO | Iniciando exportação para Excel: dados\processed\Business_Analytics_Gabriel_Tecnologia_LTDA_2016-09_a_2018-09.xlsx
2026-08-21 11:11:29,182 | INFO | Exportando aba 'Resumo' com 1 registros.
2026-08-21 11:11:29,187 | INFO | Exportando aba 'Top_Sellers' com 10 registros.
2026-08-21 11:11:29,188 | INFO | Exportando aba 'Frete' com 10 registros.
2026-08-21 11:11:29,189 | INFO | Exportando aba 'Preco_Medio' com 10 registros.
2026-08-21 11:11:29,194 | INFO | Exportando aba 'Por_Estado' com 23 registros.
2026-08-21 11:11:29,195 | INFO | Exportando aba 'Financeiro' com 1 registros.
2026-08-21 11:11:29,196 | INFO | Exportando aba 'Margem_Sellers' com 10 registros.
2026-08-21 11:11:29,198 | INFO | Exportando aba 'Financeiro_Estados' com 23 registros.
2026-08-21 11:11:29,199 | INFO | Exportando aba 'Insights' com 8 registros.
2026-08-21 11:11:29,201 | INFO | Exportando aba 'Fato_Vendas' com 112650 registros.
2026-08-21 11:12:24,310 | INFO | Arquivo base Excel criado.
2026-08-21 11:12:24,311 | INFO | Iniciando formatação do Excel.
2026-08-21 11:13:48,777 | INFO | Formatação do Excel concluída.
2026-08-21 11:13:48,779 | INFO | Arquivo Excel anterior substituído.
2026-08-21 11:13:48,779 | INFO | Arquivo Excel gerado com sucesso: dados\processed\Business_Analytics_Gabriel_Tecnologia_LTDA_2016-09_a_2018-09.xlsx
2026-08-21 11:13:48,779 | INFO | ETAPA ATUAL: Criação do Dashboard Excel
2026-08-21 11:13:48,779 | INFO | Iniciando criação do Dashboard Excel.
2026-08-21 11:14:32,328 | INFO | Salvando Dashboard Excel temporariamente.
2026-08-21 11:15:08,309 | INFO | Arquivo Excel atualizado com sucesso: dados\processed\Business_Analytics_Gabriel_Tecnologia_LTDA_2016-09_a_2018-09.xlsx
2026-08-21 11:15:08,309 | INFO | Dashboard Excel criado com sucesso.
2026-08-21 11:15:08,310 | INFO | Dashboard Excel criado com sucesso.
2026-08-21 11:15:08,310 | INFO | ETAPA ATUAL: Validação do arquivo Excel
2026-08-21 11:15:41,701 | INFO | Todas as abas e estruturas foram validadas.
2026-08-21 11:15:41,702 | INFO | ETAPA ATUAL: Validação de integridade da exportação
2026-08-21 11:16:14,030 | INFO | Integridade da exportação validada com sucesso.
2026-08-21 11:21:48,557 | INFO | ETAPA ATUAL: Validação das configurações
2026-08-21 11:21:48,557 | INFO | Período configurado: automático.
2026-08-21 11:21:48,557 | INFO | ETAPA ATUAL: Validação dos arquivos de fonte
2026-08-21 11:21:48,557 | INFO | Todos os arquivos CSV obrigatórios foram encontrados.
2026-08-21 11:21:48,558 | INFO | ETAPA ATUAL: Inicialização da fonte CSV
2026-08-21 11:21:48,558 | INFO | ETAPA ATUAL: Carregamento dos datasets
2026-08-21 11:21:48,558 | INFO | ============================================================
2026-08-21 11:21:48,558 | INFO | CARREGANDO DATASETS
2026-08-21 11:21:48,558 | INFO | ============================================================
2026-08-21 11:21:48,558 | INFO | Fonte CSV inicializada.
2026-08-21 11:21:48,559 | INFO | Carregando orders...
2026-08-21 11:21:48,559 | INFO | Lendo arquivo: dados\raw\olist\olist_orders_dataset.csv
2026-08-21 11:21:48,919 | INFO | 99441 registros carregados.
2026-08-21 11:21:48,920 | INFO | 99441 registros carregados em 'orders'.
2026-08-21 11:21:48,920 | INFO | Carregando order_items...
2026-08-21 11:21:48,920 | INFO | Lendo arquivo: dados\raw\olist\olist_order_items_dataset.csv
2026-08-21 11:21:49,102 | INFO | 112650 registros carregados.
2026-08-21 11:21:49,102 | INFO | 112650 registros carregados em 'order_items'.
2026-08-21 11:21:49,102 | INFO | Carregando customers...
2026-08-21 11:21:49,102 | INFO | Lendo arquivo: dados\raw\olist\olist_customers_dataset.csv
2026-08-21 11:21:49,234 | INFO | 99441 registros carregados.
2026-08-21 11:21:49,234 | INFO | 99441 registros carregados em 'customers'.
2026-08-21 11:21:49,234 | INFO | Carregando products...
2026-08-21 11:21:49,234 | INFO | Lendo arquivo: dados\raw\olist\olist_products_dataset.csv
2026-08-21 11:21:49,276 | INFO | 32951 registros carregados.
2026-08-21 11:21:49,276 | INFO | 32951 registros carregados em 'products'.
2026-08-21 11:21:49,276 | INFO | Carregando payments...
2026-08-21 11:21:49,276 | INFO | Lendo arquivo: dados\raw\olist\olist_order_payments_dataset.csv
2026-08-21 11:21:49,357 | INFO | 103886 registros carregados.
2026-08-21 11:21:49,357 | INFO | 103886 registros carregados em 'payments'.
2026-08-21 11:21:49,357 | INFO | Carregando reviews...
2026-08-21 11:21:49,358 | INFO | Lendo arquivo: dados\raw\olist\olist_order_reviews_dataset.csv
2026-08-21 11:21:49,635 | INFO | 99224 registros carregados.
2026-08-21 11:21:49,635 | INFO | 99224 registros carregados em 'reviews'.
2026-08-21 11:21:49,635 | INFO | Carregando sellers...
2026-08-21 11:21:49,635 | INFO | Lendo arquivo: dados\raw\olist\olist_sellers_dataset.csv
2026-08-21 11:21:49,640 | INFO | 3095 registros carregados.
2026-08-21 11:21:49,640 | INFO | 3095 registros carregados em 'sellers'.
2026-08-21 11:21:49,640 | INFO | Carregando geolocation...
2026-08-21 11:21:49,640 | INFO | Lendo arquivo: dados\raw\olist\olist_geolocation_dataset.csv
2026-08-21 11:21:50,211 | INFO | 1000163 registros carregados.
2026-08-21 11:21:50,211 | INFO | 1000163 registros carregados em 'geolocation'.
2026-08-21 11:21:50,211 | INFO | Fonte CSV finalizada.
2026-08-21 11:21:50,211 | INFO | ============================================================
2026-08-21 11:21:50,211 | INFO | DATASETS CARREGADOS
2026-08-21 11:21:50,212 | INFO | ============================================================
2026-08-21 11:21:50,212 | INFO | ============================================================
2026-08-21 11:21:50,212 | INFO | INTEGRANDO PEDIDOS + ITENS
2026-08-21 11:21:50,212 | INFO | ============================================================
2026-08-21 11:21:50,280 | INFO | 99441 pedidos enriquecidos com itens.
2026-08-21 11:21:50,280 | INFO | ============================================================
2026-08-21 11:21:50,281 | INFO | INTEGRANDO PEDIDOS + CLIENTES
2026-08-21 11:21:50,281 | INFO | ============================================================
2026-08-21 11:21:50,323 | INFO | 99441 pedidos enriquecidos com clientes.
2026-08-21 11:21:50,323 | INFO | ============================================================
2026-08-21 11:21:50,323 | INFO | INTEGRANDO ITENS + PRODUTOS
2026-08-21 11:21:50,323 | INFO | ============================================================
2026-08-21 11:21:50,349 | INFO | 112650 itens enriquecidos com produtos.
2026-08-21 11:21:50,349 | INFO | ============================================================
2026-08-21 11:21:50,349 | INFO | INTEGRANDO PEDIDOS + PAGAMENTOS
2026-08-21 11:21:50,349 | INFO | ============================================================
2026-08-21 11:21:50,467 | INFO | 99441 pedidos enriquecidos com pagamentos.
2026-08-21 11:21:50,468 | INFO | ============================================================
2026-08-21 11:21:50,468 | INFO | INTEGRANDO PEDIDOS + REVIEWS
2026-08-21 11:21:50,468 | INFO | ============================================================
2026-08-21 11:21:50,578 | INFO | 99441 pedidos enriquecidos com reviews.
2026-08-21 11:21:50,578 | INFO | ============================================================
2026-08-21 11:21:50,578 | INFO | INTEGRANDO ITENS + SELLERS
2026-08-21 11:21:50,578 | INFO | ============================================================
2026-08-21 11:21:50,597 | INFO | 112650 itens enriquecidos com sellers.
2026-08-21 11:21:50,597 | INFO | ============================================================
2026-08-21 11:21:50,597 | INFO | INTEGRANDO SELLERS + GEOLOCATION
2026-08-21 11:21:50,598 | INFO | ============================================================
2026-08-21 11:21:50,811 | INFO | 3095 sellers enriquecidos com geolocation.
2026-08-21 11:21:50,812 | INFO | ETAPA ATUAL: Criação da Fato_Vendas
2026-08-21 11:21:51,131 | INFO | ETAPA ATUAL: Validação da Fato_Vendas
2026-08-21 11:21:51,185 | INFO | Fato_Vendas validada com sucesso.
2026-08-21 11:21:51,186 | INFO | Registros validados: 112,650
2026-08-21 11:21:51,333 | INFO | ETAPA ATUAL: Validação do período analisado
2026-08-21 11:21:51,374 | INFO | Primeira venda: 2016-09-04 21:15:19
2026-08-21 11:21:51,375 | INFO | Última venda: 2018-09-03 09:06:57
2026-08-21 11:21:51,382 | INFO | Pedidos únicos: 98,666
2026-08-21 11:21:51,385 | INFO | Sellers únicos: 3,095
2026-08-21 11:21:51,386 | INFO | Receita: R$ 13,591,643.70
2026-08-21 11:21:51,386 | INFO | Frete: R$ 2,251,909.54
2026-08-21 11:21:51,386 | INFO | ETAPA ATUAL: Cálculo das métricas de sellers
2026-08-21 11:21:51,421 | INFO | ETAPA ATUAL: Cálculo dos indicadores financeiros
2026-08-21 11:21:51,462 | INFO | ETAPA ATUAL: Geração dos Insights Gerenciais
2026-08-21 11:21:51,471 | INFO | Insights gerados: 8
2026-08-21 11:21:51,474 | INFO | ETAPA ATUAL: Exportação do Excel
2026-08-21 11:21:51,476 | INFO | Iniciando exportação para Excel: dados\processed\Business_Analytics_Gabriel_Tecnologia_LTDA_2016-09_a_2018-09.xlsx
2026-08-21 11:21:51,478 | INFO | Exportando aba 'Resumo' com 1 registros.
2026-08-21 11:21:51,483 | INFO | Exportando aba 'Top_Sellers' com 10 registros.
2026-08-21 11:21:51,485 | INFO | Exportando aba 'Frete' com 10 registros.
2026-08-21 11:21:51,487 | INFO | Exportando aba 'Preco_Medio' com 10 registros.
2026-08-21 11:21:51,492 | INFO | Exportando aba 'Por_Estado' com 23 registros.
2026-08-21 11:21:51,494 | INFO | Exportando aba 'Financeiro' com 1 registros.
2026-08-21 11:21:51,495 | INFO | Exportando aba 'Margem_Sellers' com 10 registros.
2026-08-21 11:21:51,496 | INFO | Exportando aba 'Financeiro_Estados' com 23 registros.
2026-08-21 11:21:51,498 | INFO | Exportando aba 'Insights' com 8 registros.
2026-08-21 11:21:51,500 | INFO | Exportando aba 'Fato_Vendas' com 112650 registros.
2026-08-21 11:22:46,251 | INFO | Arquivo base Excel criado.
2026-08-21 11:22:46,251 | INFO | Iniciando formatação do Excel.
2026-08-21 11:24:10,296 | INFO | Formatação do Excel concluída.
2026-08-21 11:24:10,301 | INFO | Arquivo Excel anterior substituído.
2026-08-21 11:24:10,301 | INFO | Arquivo Excel gerado com sucesso: dados\processed\Business_Analytics_Gabriel_Tecnologia_LTDA_2016-09_a_2018-09.xlsx
2026-08-21 11:24:10,301 | INFO | ETAPA ATUAL: Criação do Dashboard Excel
2026-08-21 11:24:10,302 | INFO | Iniciando criação do Dashboard Excel.
2026-08-21 11:24:52,779 | INFO | Salvando Dashboard Excel.
2026-08-21 11:25:27,459 | INFO | Arquivo Excel atualizado: dados\processed\Business_Analytics_Gabriel_Tecnologia_LTDA_2016-09_a_2018-09.xlsx
2026-08-21 11:25:27,459 | INFO | Dashboard Excel criado com sucesso.
2026-08-21 11:25:27,460 | INFO | Dashboard Excel criado com sucesso.
2026-08-21 11:25:27,461 | INFO | ETAPA ATUAL: Validação do arquivo Excel
2026-08-21 11:26:01,836 | INFO | Todas as abas e estruturas foram validadas.
2026-08-21 11:26:01,837 | INFO | ETAPA ATUAL: Validação de integridade da exportação
2026-08-21 11:26:34,135 | INFO | Integridade da exportação validada com sucesso.
2026-08-24 09:19:37,430 | INFO | ETAPA ATUAL: Validação das configurações
2026-08-24 09:19:37,431 | INFO | Período configurado: automático.
2026-08-24 09:19:37,431 | INFO | ETAPA ATUAL: Validação dos arquivos de fonte
2026-08-24 09:19:37,432 | INFO | Todos os arquivos CSV obrigatórios foram encontrados.
2026-08-24 09:19:37,432 | INFO | ETAPA ATUAL: Inicialização da fonte CSV
2026-08-24 09:19:37,432 | INFO | ETAPA ATUAL: Carregamento dos datasets
2026-08-24 09:19:37,432 | INFO | ============================================================
2026-08-24 09:19:37,433 | INFO | CARREGANDO DATASETS
2026-08-24 09:19:37,433 | INFO | ============================================================
2026-08-24 09:19:37,433 | INFO | Fonte CSV inicializada.
2026-08-24 09:19:37,434 | INFO | Carregando orders...
2026-08-24 09:19:37,434 | INFO | Lendo arquivo: dados\raw\olist\olist_orders_dataset.csv
2026-08-24 09:19:37,806 | INFO | 99441 registros carregados.
2026-08-24 09:19:37,806 | INFO | 99441 registros carregados em 'orders'.
2026-08-24 09:19:37,806 | INFO | Carregando order_items...
2026-08-24 09:19:37,806 | INFO | Lendo arquivo: dados\raw\olist\olist_order_items_dataset.csv
2026-08-24 09:19:38,001 | INFO | 112650 registros carregados.
2026-08-24 09:19:38,002 | INFO | 112650 registros carregados em 'order_items'.
2026-08-24 09:19:38,002 | INFO | Carregando customers...
2026-08-24 09:19:38,002 | INFO | Lendo arquivo: dados\raw\olist\olist_customers_dataset.csv
2026-08-24 09:19:38,137 | INFO | 99441 registros carregados.
2026-08-24 09:19:38,137 | INFO | 99441 registros carregados em 'customers'.
2026-08-24 09:19:38,137 | INFO | Carregando products...
2026-08-24 09:19:38,137 | INFO | Lendo arquivo: dados\raw\olist\olist_products_dataset.csv
2026-08-24 09:19:38,189 | INFO | 32951 registros carregados.
2026-08-24 09:19:38,189 | INFO | 32951 registros carregados em 'products'.
2026-08-24 09:19:38,189 | INFO | Carregando payments...
2026-08-24 09:19:38,189 | INFO | Lendo arquivo: dados\raw\olist\olist_order_payments_dataset.csv
2026-08-24 09:19:38,279 | INFO | 103886 registros carregados.
2026-08-24 09:19:38,279 | INFO | 103886 registros carregados em 'payments'.
2026-08-24 09:19:38,279 | INFO | Carregando reviews...
2026-08-24 09:19:38,279 | INFO | Lendo arquivo: dados\raw\olist\olist_order_reviews_dataset.csv
2026-08-24 09:19:38,568 | INFO | 99224 registros carregados.
2026-08-24 09:19:38,568 | INFO | 99224 registros carregados em 'reviews'.
2026-08-24 09:19:38,568 | INFO | Carregando sellers...
2026-08-24 09:19:38,569 | INFO | Lendo arquivo: dados\raw\olist\olist_sellers_dataset.csv
2026-08-24 09:19:38,580 | INFO | 3095 registros carregados.
2026-08-24 09:19:38,580 | INFO | 3095 registros carregados em 'sellers'.
2026-08-24 09:19:38,580 | INFO | Carregando geolocation...
2026-08-24 09:19:38,580 | INFO | Lendo arquivo: dados\raw\olist\olist_geolocation_dataset.csv
2026-08-24 09:19:39,149 | INFO | 1000163 registros carregados.
2026-08-24 09:19:39,149 | INFO | 1000163 registros carregados em 'geolocation'.
2026-08-24 09:19:39,149 | INFO | Fonte CSV finalizada.
2026-08-24 09:19:39,149 | INFO | ============================================================
2026-08-24 09:19:39,149 | INFO | DATASETS CARREGADOS
2026-08-24 09:19:39,149 | INFO | ============================================================
2026-08-24 09:19:39,150 | INFO | ============================================================
2026-08-24 09:19:39,150 | INFO | INTEGRANDO PEDIDOS + ITENS
2026-08-24 09:19:39,150 | INFO | ============================================================
2026-08-24 09:19:39,242 | INFO | 99441 pedidos enriquecidos com itens.
2026-08-24 09:19:39,242 | INFO | ============================================================
2026-08-24 09:19:39,242 | INFO | INTEGRANDO PEDIDOS + CLIENTES
2026-08-24 09:19:39,243 | INFO | ============================================================
2026-08-24 09:19:39,284 | INFO | 99441 pedidos enriquecidos com clientes.
2026-08-24 09:19:39,284 | INFO | ============================================================
2026-08-24 09:19:39,284 | INFO | INTEGRANDO ITENS + PRODUTOS
2026-08-24 09:19:39,285 | INFO | ============================================================
2026-08-24 09:19:39,311 | INFO | 112650 itens enriquecidos com produtos.
2026-08-24 09:19:39,312 | INFO | ============================================================
2026-08-24 09:19:39,312 | INFO | INTEGRANDO PEDIDOS + PAGAMENTOS
2026-08-24 09:19:39,312 | INFO | ============================================================
2026-08-24 09:19:39,429 | INFO | 99441 pedidos enriquecidos com pagamentos.
2026-08-24 09:19:39,429 | INFO | ============================================================
2026-08-24 09:19:39,429 | INFO | INTEGRANDO PEDIDOS + REVIEWS
2026-08-24 09:19:39,429 | INFO | ============================================================
2026-08-24 09:19:39,540 | INFO | 99441 pedidos enriquecidos com reviews.
2026-08-24 09:19:39,540 | INFO | ============================================================
2026-08-24 09:19:39,540 | INFO | INTEGRANDO ITENS + SELLERS
2026-08-24 09:19:39,541 | INFO | ============================================================
2026-08-24 09:19:39,560 | INFO | 112650 itens enriquecidos com sellers.
2026-08-24 09:19:39,560 | INFO | ============================================================
2026-08-24 09:19:39,560 | INFO | INTEGRANDO SELLERS + GEOLOCATION
2026-08-24 09:19:39,560 | INFO | ============================================================
2026-08-24 09:19:39,771 | INFO | 3095 sellers enriquecidos com geolocation.
2026-08-24 09:19:39,771 | INFO | ETAPA ATUAL: Criação da Fato_Vendas
2026-08-24 09:19:40,072 | INFO | ETAPA ATUAL: Validação da Fato_Vendas
2026-08-24 09:19:40,126 | INFO | Fato_Vendas validada com sucesso.
2026-08-24 09:19:40,127 | INFO | Registros validados: 112,650
2026-08-24 09:19:40,265 | INFO | ETAPA ATUAL: Validação do período analisado
2026-08-24 09:19:40,304 | INFO | Primeira venda: 2016-09-04 21:15:19
2026-08-24 09:19:40,305 | INFO | Última venda: 2018-09-03 09:06:57
2026-08-24 09:19:40,313 | INFO | Pedidos únicos: 98,666
2026-08-24 09:19:40,315 | INFO | Sellers únicos: 3,095
2026-08-24 09:19:40,316 | INFO | Receita: R$ 13,591,643.70
2026-08-24 09:19:40,316 | INFO | Frete: R$ 2,251,909.54
2026-08-24 09:19:40,316 | INFO | ETAPA ATUAL: Cálculo das métricas de sellers
2026-08-24 09:19:40,351 | INFO | ETAPA ATUAL: Cálculo dos indicadores financeiros
2026-08-24 09:19:40,391 | INFO | ETAPA ATUAL: Geração dos Insights Gerenciais
2026-08-24 09:19:40,400 | INFO | Insights gerados: 8
2026-08-24 09:19:40,403 | INFO | ETAPA ATUAL: Exportação do Excel
2026-08-24 09:19:40,405 | INFO | Iniciando exportação para Excel: dados\processed\Business_Analytics_Gabriel_Tecnologia_LTDA_2016-09_a_2018-09.xlsx
2026-08-24 09:19:40,406 | INFO | Exportando aba 'Resumo' com 1 registros.
2026-08-24 09:19:40,411 | INFO | Exportando aba 'Top_Sellers' com 10 registros.
2026-08-24 09:19:40,412 | INFO | Exportando aba 'Frete' com 10 registros.
2026-08-24 09:19:40,414 | INFO | Exportando aba 'Preco_Medio' com 10 registros.
2026-08-24 09:19:40,418 | INFO | Exportando aba 'Por_Estado' com 23 registros.
2026-08-24 09:19:40,419 | INFO | Exportando aba 'Financeiro' com 1 registros.
2026-08-24 09:19:40,420 | INFO | Exportando aba 'Margem_Sellers' com 10 registros.
2026-08-24 09:19:40,422 | INFO | Exportando aba 'Financeiro_Estados' com 23 registros.
2026-08-24 09:19:40,423 | INFO | Exportando aba 'Insights' com 8 registros.
2026-08-24 09:19:40,424 | INFO | Exportando aba 'Fato_Vendas' com 112650 registros.
2026-08-24 09:20:47,502 | INFO | Arquivo base Excel criado.
2026-08-24 09:20:47,502 | INFO | Iniciando formatação do Excel.
2026-08-24 09:22:20,617 | INFO | Formatação do Excel concluída.
2026-08-24 09:22:20,618 | INFO | Arquivo Excel anterior substituído.
2026-08-24 09:22:20,618 | INFO | Arquivo Excel gerado com sucesso: dados\processed\Business_Analytics_Gabriel_Tecnologia_LTDA_2016-09_a_2018-09.xlsx
2026-08-24 09:22:20,619 | INFO | ETAPA ATUAL: Criação do Dashboard Excel
2026-08-24 09:22:20,619 | INFO | Iniciando criação do Dashboard Excel.
2026-08-24 09:23:03,858 | INFO | Salvando Dashboard Excel.
2026-08-24 09:23:39,500 | INFO | Arquivo Excel atualizado: dados\processed\Business_Analytics_Gabriel_Tecnologia_LTDA_2016-09_a_2018-09.xlsx
2026-08-24 09:23:39,500 | INFO | Dashboard Excel criado com sucesso.
2026-08-24 09:23:39,501 | INFO | Dashboard Excel criado com sucesso.
2026-08-24 09:23:39,501 | INFO | ETAPA ATUAL: Validação do arquivo Excel
2026-08-24 09:24:14,624 | INFO | Todas as abas e estruturas foram validadas.
2026-08-24 09:24:14,625 | INFO | ETAPA ATUAL: Validação de integridade da exportação
2026-08-24 09:24:48,032 | INFO | Integridade da exportação validada com sucesso.
2026-08-24 09:29:53,180 | INFO | ETAPA ATUAL: Validação das configurações
2026-08-24 09:29:53,180 | INFO | Período configurado: automático.
2026-08-24 09:29:53,180 | INFO | ETAPA ATUAL: Validação dos arquivos de fonte
2026-08-24 09:29:53,181 | INFO | Todos os arquivos CSV obrigatórios foram encontrados.
2026-08-24 09:29:53,181 | INFO | ETAPA ATUAL: Inicialização da fonte CSV
2026-08-24 09:29:53,181 | INFO | ETAPA ATUAL: Carregamento dos datasets
2026-08-24 09:29:53,181 | INFO | ============================================================
2026-08-24 09:29:53,181 | INFO | CARREGANDO DATASETS
2026-08-24 09:29:53,181 | INFO | ============================================================
2026-08-24 09:29:53,181 | INFO | Fonte CSV inicializada.
2026-08-24 09:29:53,182 | INFO | Carregando orders...
2026-08-24 09:29:53,182 | INFO | Lendo arquivo: dados\raw\olist\olist_orders_dataset.csv
2026-08-24 09:29:53,522 | INFO | 99441 registros carregados.
2026-08-24 09:29:53,523 | INFO | 99441 registros carregados em 'orders'.
2026-08-24 09:29:53,523 | INFO | Carregando order_items...
2026-08-24 09:29:53,523 | INFO | Lendo arquivo: dados\raw\olist\olist_order_items_dataset.csv
2026-08-24 09:29:53,707 | INFO | 112650 registros carregados.
2026-08-24 09:29:53,707 | INFO | 112650 registros carregados em 'order_items'.
2026-08-24 09:29:53,707 | INFO | Carregando customers...
2026-08-24 09:29:53,708 | INFO | Lendo arquivo: dados\raw\olist\olist_customers_dataset.csv
2026-08-24 09:29:53,832 | INFO | 99441 registros carregados.
2026-08-24 09:29:53,832 | INFO | 99441 registros carregados em 'customers'.
2026-08-24 09:29:53,832 | INFO | Carregando products...
2026-08-24 09:29:53,832 | INFO | Lendo arquivo: dados\raw\olist\olist_products_dataset.csv
2026-08-24 09:29:53,874 | INFO | 32951 registros carregados.
2026-08-24 09:29:53,874 | INFO | 32951 registros carregados em 'products'.
2026-08-24 09:29:53,875 | INFO | Carregando payments...
2026-08-24 09:29:53,875 | INFO | Lendo arquivo: dados\raw\olist\olist_order_payments_dataset.csv
2026-08-24 09:29:53,955 | INFO | 103886 registros carregados.
2026-08-24 09:29:53,956 | INFO | 103886 registros carregados em 'payments'.
2026-08-24 09:29:53,956 | INFO | Carregando reviews...
2026-08-24 09:29:53,956 | INFO | Lendo arquivo: dados\raw\olist\olist_order_reviews_dataset.csv
2026-08-24 09:29:54,225 | INFO | 99224 registros carregados.
2026-08-24 09:29:54,225 | INFO | 99224 registros carregados em 'reviews'.
2026-08-24 09:29:54,226 | INFO | Carregando sellers...
2026-08-24 09:29:54,226 | INFO | Lendo arquivo: dados\raw\olist\olist_sellers_dataset.csv
2026-08-24 09:29:54,230 | INFO | 3095 registros carregados.
2026-08-24 09:29:54,230 | INFO | 3095 registros carregados em 'sellers'.
2026-08-24 09:29:54,230 | INFO | Carregando geolocation...
2026-08-24 09:29:54,231 | INFO | Lendo arquivo: dados\raw\olist\olist_geolocation_dataset.csv
2026-08-24 09:29:54,799 | INFO | 1000163 registros carregados.
2026-08-24 09:29:54,799 | INFO | 1000163 registros carregados em 'geolocation'.
2026-08-24 09:29:54,799 | INFO | Fonte CSV finalizada.
2026-08-24 09:29:54,799 | INFO | ============================================================
2026-08-24 09:29:54,799 | INFO | DATASETS CARREGADOS
2026-08-24 09:29:54,800 | INFO | ============================================================
2026-08-24 09:29:54,800 | INFO | ============================================================
2026-08-24 09:29:54,800 | INFO | INTEGRANDO PEDIDOS + ITENS
2026-08-24 09:29:54,800 | INFO | ============================================================
2026-08-24 09:29:54,864 | INFO | 99441 pedidos enriquecidos com itens.
2026-08-24 09:29:54,864 | INFO | ============================================================
2026-08-24 09:29:54,864 | INFO | INTEGRANDO PEDIDOS + CLIENTES
2026-08-24 09:29:54,864 | INFO | ============================================================
2026-08-24 09:29:54,906 | INFO | 99441 pedidos enriquecidos com clientes.
2026-08-24 09:29:54,906 | INFO | ============================================================
2026-08-24 09:29:54,906 | INFO | INTEGRANDO ITENS + PRODUTOS
2026-08-24 09:29:54,906 | INFO | ============================================================
2026-08-24 09:29:54,931 | INFO | 112650 itens enriquecidos com produtos.
2026-08-24 09:29:54,931 | INFO | ============================================================
2026-08-24 09:29:54,931 | INFO | INTEGRANDO PEDIDOS + PAGAMENTOS
2026-08-24 09:29:54,931 | INFO | ============================================================
2026-08-24 09:29:55,049 | INFO | 99441 pedidos enriquecidos com pagamentos.
2026-08-24 09:29:55,050 | INFO | ============================================================
2026-08-24 09:29:55,050 | INFO | INTEGRANDO PEDIDOS + REVIEWS
2026-08-24 09:29:55,050 | INFO | ============================================================
2026-08-24 09:29:55,157 | INFO | 99441 pedidos enriquecidos com reviews.
2026-08-24 09:29:55,158 | INFO | ============================================================
2026-08-24 09:29:55,158 | INFO | INTEGRANDO ITENS + SELLERS
2026-08-24 09:29:55,158 | INFO | ============================================================
2026-08-24 09:29:55,177 | INFO | 112650 itens enriquecidos com sellers.
2026-08-24 09:29:55,177 | INFO | ============================================================
2026-08-24 09:29:55,177 | INFO | INTEGRANDO SELLERS + GEOLOCATION
2026-08-24 09:29:55,177 | INFO | ============================================================
2026-08-24 09:29:55,386 | INFO | 3095 sellers enriquecidos com geolocation.
2026-08-24 09:29:55,386 | INFO | ETAPA ATUAL: Criação da Fato_Vendas
2026-08-24 09:29:55,684 | INFO | ETAPA ATUAL: Validação da Fato_Vendas
2026-08-24 09:29:55,737 | INFO | Fato_Vendas validada com sucesso.
2026-08-24 09:29:55,737 | INFO | Registros validados: 112,650
2026-08-24 09:29:55,872 | INFO | ETAPA ATUAL: Validação do período analisado
2026-08-24 09:29:55,912 | INFO | Primeira venda: 2016-09-04 21:15:19
2026-08-24 09:29:55,912 | INFO | Última venda: 2018-09-03 09:06:57
2026-08-24 09:29:55,928 | INFO | Pedidos únicos: 98,666
2026-08-24 09:29:55,930 | INFO | Sellers únicos: 3,095
2026-08-24 09:29:55,930 | INFO | Receita: R$ 13,591,643.70
2026-08-24 09:29:55,931 | INFO | Frete: R$ 2,251,909.54
2026-08-24 09:29:55,931 | INFO | ETAPA ATUAL: Cálculo das métricas de sellers
2026-08-24 09:29:55,965 | INFO | ETAPA ATUAL: Cálculo dos indicadores financeiros
2026-08-24 09:29:56,008 | INFO | ETAPA ATUAL: Geração dos Insights Gerenciais
2026-08-24 09:29:56,017 | INFO | Insights gerados: 8
2026-08-24 09:29:56,020 | INFO | ETAPA ATUAL: Exportação do Excel
2026-08-24 09:29:56,021 | INFO | Iniciando exportação para Excel: dados\processed\Business_Analytics_Gabriel_Tecnologia_LTDA_2016-09_a_2018-09.xlsx
2026-08-24 09:29:56,023 | INFO | Exportando aba 'Resumo' com 1 registros.
2026-08-24 09:29:56,026 | INFO | Exportando aba 'Top_Sellers' com 10 registros.
2026-08-24 09:29:56,028 | INFO | Exportando aba 'Frete' com 10 registros.
2026-08-24 09:29:56,029 | INFO | Exportando aba 'Preco_Medio' com 10 registros.
2026-08-24 09:29:56,033 | INFO | Exportando aba 'Por_Estado' com 23 registros.
2026-08-24 09:29:56,034 | INFO | Exportando aba 'Financeiro' com 1 registros.
2026-08-24 09:29:56,035 | INFO | Exportando aba 'Margem_Sellers' com 10 registros.
2026-08-24 09:29:56,037 | INFO | Exportando aba 'Financeiro_Estados' com 23 registros.
2026-08-24 09:29:56,038 | INFO | Exportando aba 'Insights' com 8 registros.
2026-08-24 09:29:56,040 | INFO | Exportando aba 'Fato_Vendas' com 112650 registros.
2026-08-24 09:30:50,067 | INFO | Arquivo base Excel criado.
2026-08-24 09:30:50,067 | INFO | Iniciando formatação do Excel.
2026-08-24 09:32:11,878 | INFO | Formatação do Excel concluída.
2026-08-24 09:32:11,882 | INFO | Arquivo Excel anterior substituído.
2026-08-24 09:32:11,882 | INFO | Arquivo Excel gerado com sucesso: dados\processed\Business_Analytics_Gabriel_Tecnologia_LTDA_2016-09_a_2018-09.xlsx
2026-08-24 09:32:11,883 | INFO | ETAPA ATUAL: Criação do Dashboard Excel
2026-08-24 09:32:11,883 | INFO | Iniciando criação do Dashboard Excel.
2026-08-24 09:32:53,428 | INFO | Salvando Dashboard Excel.
2026-08-24 09:33:28,000 | INFO | Arquivo Excel atualizado: dados\processed\Business_Analytics_Gabriel_Tecnologia_LTDA_2016-09_a_2018-09.xlsx
2026-08-24 09:33:28,000 | INFO | Dashboard Excel criado com sucesso.
2026-08-24 09:33:28,001 | INFO | Dashboard Excel criado com sucesso.
2026-08-24 09:33:28,001 | INFO | ETAPA ATUAL: Validação do arquivo Excel
2026-08-24 09:34:02,601 | INFO | Todas as abas e estruturas foram validadas.
2026-08-24 09:34:02,601 | INFO | ETAPA ATUAL: Validação de integridade da exportação
2026-08-24 09:34:37,582 | INFO | Integridade da exportação validada com sucesso.
2026-08-24 09:59:06,940 | INFO | ETAPA ATUAL: Validação das configurações
2026-08-24 09:59:06,940 | INFO | Período configurado: automático.
2026-08-24 09:59:06,940 | INFO | ETAPA ATUAL: Validação dos arquivos de fonte
2026-08-24 09:59:06,941 | INFO | Todos os arquivos CSV obrigatórios foram encontrados.
2026-08-24 09:59:06,941 | INFO | ETAPA ATUAL: Inicialização da fonte CSV
2026-08-24 09:59:06,941 | INFO | ETAPA ATUAL: Carregamento dos datasets
2026-08-24 09:59:06,941 | INFO | ============================================================
2026-08-24 09:59:06,942 | INFO | CARREGANDO DATASETS
2026-08-24 09:59:06,942 | INFO | ============================================================
2026-08-24 09:59:06,942 | INFO | Fonte CSV inicializada.
2026-08-24 09:59:06,942 | INFO | Carregando orders...
2026-08-24 09:59:06,942 | INFO | Lendo arquivo: dados\raw\olist\olist_orders_dataset.csv
2026-08-24 09:59:07,245 | INFO | 99441 registros carregados.
2026-08-24 09:59:07,245 | INFO | 99441 registros carregados em 'orders'.
2026-08-24 09:59:07,246 | INFO | Carregando order_items...
2026-08-24 09:59:07,246 | INFO | Lendo arquivo: dados\raw\olist\olist_order_items_dataset.csv
2026-08-24 09:59:07,444 | INFO | 112650 registros carregados.
2026-08-24 09:59:07,445 | INFO | 112650 registros carregados em 'order_items'.
2026-08-24 09:59:07,445 | INFO | Carregando customers...
2026-08-24 09:59:07,445 | INFO | Lendo arquivo: dados\raw\olist\olist_customers_dataset.csv
2026-08-24 09:59:07,576 | INFO | 99441 registros carregados.
2026-08-24 09:59:07,576 | INFO | 99441 registros carregados em 'customers'.
2026-08-24 09:59:07,577 | INFO | Carregando products...
2026-08-24 09:59:07,577 | INFO | Lendo arquivo: dados\raw\olist\olist_products_dataset.csv
2026-08-24 09:59:07,624 | INFO | 32951 registros carregados.
2026-08-24 09:59:07,624 | INFO | 32951 registros carregados em 'products'.
2026-08-24 09:59:07,624 | INFO | Carregando payments...
2026-08-24 09:59:07,625 | INFO | Lendo arquivo: dados\raw\olist\olist_order_payments_dataset.csv
2026-08-24 09:59:07,713 | INFO | 103886 registros carregados.
2026-08-24 09:59:07,713 | INFO | 103886 registros carregados em 'payments'.
2026-08-24 09:59:07,713 | INFO | Carregando reviews...
2026-08-24 09:59:07,713 | INFO | Lendo arquivo: dados\raw\olist\olist_order_reviews_dataset.csv
2026-08-24 09:59:08,006 | INFO | 99224 registros carregados.
2026-08-24 09:59:08,006 | INFO | 99224 registros carregados em 'reviews'.
2026-08-24 09:59:08,006 | INFO | Carregando sellers...
2026-08-24 09:59:08,006 | INFO | Lendo arquivo: dados\raw\olist\olist_sellers_dataset.csv
2026-08-24 09:59:08,018 | INFO | 3095 registros carregados.
2026-08-24 09:59:08,018 | INFO | 3095 registros carregados em 'sellers'.
2026-08-24 09:59:08,018 | INFO | Carregando geolocation...
2026-08-24 09:59:08,019 | INFO | Lendo arquivo: dados\raw\olist\olist_geolocation_dataset.csv
2026-08-24 09:59:08,601 | INFO | 1000163 registros carregados.
2026-08-24 09:59:08,601 | INFO | 1000163 registros carregados em 'geolocation'.
2026-08-24 09:59:08,601 | INFO | Fonte CSV finalizada.
2026-08-24 09:59:08,601 | INFO | ============================================================
2026-08-24 09:59:08,601 | INFO | DATASETS CARREGADOS
2026-08-24 09:59:08,601 | INFO | ============================================================
2026-08-24 09:59:08,602 | INFO | ============================================================
2026-08-24 09:59:08,602 | INFO | INTEGRANDO PEDIDOS + ITENS
2026-08-24 09:59:08,602 | INFO | ============================================================
2026-08-24 09:59:08,679 | INFO | 99441 pedidos enriquecidos com itens.
2026-08-24 09:59:08,679 | INFO | ============================================================
2026-08-24 09:59:08,680 | INFO | INTEGRANDO PEDIDOS + CLIENTES
2026-08-24 09:59:08,680 | INFO | ============================================================
2026-08-24 09:59:08,723 | INFO | 99441 pedidos enriquecidos com clientes.
2026-08-24 09:59:08,723 | INFO | ============================================================
2026-08-24 09:59:08,724 | INFO | INTEGRANDO ITENS + PRODUTOS
2026-08-24 09:59:08,724 | INFO | ============================================================
2026-08-24 09:59:08,751 | INFO | 112650 itens enriquecidos com produtos.
2026-08-24 09:59:08,751 | INFO | ============================================================
2026-08-24 09:59:08,751 | INFO | INTEGRANDO PEDIDOS + PAGAMENTOS
2026-08-24 09:59:08,751 | INFO | ============================================================
2026-08-24 09:59:08,889 | INFO | 99441 pedidos enriquecidos com pagamentos.
2026-08-24 09:59:08,889 | INFO | ============================================================
2026-08-24 09:59:08,889 | INFO | INTEGRANDO PEDIDOS + REVIEWS
2026-08-24 09:59:08,889 | INFO | ============================================================
2026-08-24 09:59:09,006 | INFO | 99441 pedidos enriquecidos com reviews.
2026-08-24 09:59:09,007 | INFO | ============================================================
2026-08-24 09:59:09,007 | INFO | INTEGRANDO ITENS + SELLERS
2026-08-24 09:59:09,007 | INFO | ============================================================
2026-08-24 09:59:09,027 | INFO | 112650 itens enriquecidos com sellers.
2026-08-24 09:59:09,027 | INFO | ============================================================
2026-08-24 09:59:09,027 | INFO | INTEGRANDO SELLERS + GEOLOCATION
2026-08-24 09:59:09,028 | INFO | ============================================================
2026-08-24 09:59:09,242 | INFO | 3095 sellers enriquecidos com geolocation.
2026-08-24 09:59:09,242 | INFO | ETAPA ATUAL: Criação da Fato_Vendas
2026-08-24 09:59:09,606 | INFO | ETAPA ATUAL: Validação da Fato_Vendas
2026-08-24 09:59:09,663 | INFO | Fato_Vendas validada com sucesso.
2026-08-24 09:59:09,664 | INFO | Registros validados: 112,650
2026-08-24 09:59:09,807 | INFO | ETAPA ATUAL: Validação do período analisado
2026-08-24 09:59:09,849 | INFO | Primeira venda: 2016-09-04 21:15:19
2026-08-24 09:59:09,850 | INFO | Última venda: 2018-09-03 09:06:57
2026-08-24 09:59:09,859 | INFO | Pedidos únicos: 98,666
2026-08-24 09:59:09,862 | INFO | Sellers únicos: 3,095
2026-08-24 09:59:09,863 | INFO | Receita: R$ 13,591,643.70
2026-08-24 09:59:09,863 | INFO | Frete: R$ 2,251,909.54
2026-08-24 09:59:09,863 | INFO | ETAPA ATUAL: Cálculo das métricas de sellers
2026-08-24 09:59:09,899 | INFO | ETAPA ATUAL: Cálculo dos indicadores financeiros
2026-08-24 09:59:09,945 | INFO | ETAPA ATUAL: Geração dos Insights Gerenciais
2026-08-24 09:59:09,954 | INFO | Insights gerados: 8
2026-08-24 09:59:09,957 | INFO | ETAPA ATUAL: Exportação do Excel
2026-08-24 09:59:09,959 | INFO | Iniciando exportação para Excel: dados\processed\Business_Analytics_Gabriel_Tecnologia_LTDA_2016-09_a_2018-09.xlsx
2026-08-24 09:59:09,961 | INFO | Exportando aba 'Resumo' com 1 registros.
2026-08-24 09:59:09,965 | INFO | Exportando aba 'Top_Sellers' com 10 registros.
2026-08-24 09:59:09,967 | INFO | Exportando aba 'Frete' com 10 registros.
2026-08-24 09:59:09,969 | INFO | Exportando aba 'Preco_Medio' com 10 registros.
2026-08-24 09:59:09,973 | INFO | Exportando aba 'Por_Estado' com 23 registros.
2026-08-24 09:59:09,974 | INFO | Exportando aba 'Financeiro' com 1 registros.
2026-08-24 09:59:09,975 | INFO | Exportando aba 'Margem_Sellers' com 10 registros.
2026-08-24 09:59:09,977 | INFO | Exportando aba 'Financeiro_Estados' com 23 registros.
2026-08-24 09:59:09,978 | INFO | Exportando aba 'Insights' com 8 registros.
2026-08-24 09:59:09,980 | INFO | Exportando aba 'Fato_Vendas' com 112650 registros.
2026-08-24 10:00:07,618 | INFO | Arquivo base Excel criado.
2026-08-24 10:00:07,618 | INFO | Iniciando formatação do Excel.
2026-08-24 10:01:33,256 | INFO | Formatação do Excel concluída.
2026-08-24 10:01:33,261 | INFO | Arquivo Excel anterior substituído.
2026-08-24 10:01:33,261 | INFO | Arquivo Excel gerado com sucesso: dados\processed\Business_Analytics_Gabriel_Tecnologia_LTDA_2016-09_a_2018-09.xlsx
2026-08-24 10:01:33,261 | INFO | ETAPA ATUAL: Criação do Dashboard Excel
2026-08-24 10:01:33,261 | INFO | Iniciando criação do Dashboard Excel.
2026-08-24 10:02:17,345 | INFO | Salvando Dashboard Excel.
2026-08-24 10:02:53,460 | INFO | Arquivo Excel atualizado: dados\processed\Business_Analytics_Gabriel_Tecnologia_LTDA_2016-09_a_2018-09.xlsx
2026-08-24 10:02:53,460 | INFO | Dashboard Excel criado com sucesso.
2026-08-24 10:02:53,461 | INFO | Dashboard Excel criado com sucesso.
2026-08-24 10:02:53,461 | INFO | ETAPA ATUAL: Validação do arquivo Excel
2026-08-24 10:03:27,456 | INFO | Todas as abas e estruturas foram validadas.
2026-08-24 10:03:27,456 | INFO | ETAPA ATUAL: Validação de integridade da exportação
2026-08-24 10:04:00,484 | INFO | Integridade da exportação validada com sucesso.
2026-08-24 10:14:53,012 | INFO | ETAPA ATUAL: Validação das configurações
2026-08-24 10:14:53,012 | INFO | Período configurado: automático.
2026-08-24 10:14:53,012 | INFO | ETAPA ATUAL: Validação dos arquivos de fonte
2026-08-24 10:14:53,013 | INFO | Todos os arquivos CSV obrigatórios foram encontrados.
2026-08-24 10:14:53,013 | INFO | ETAPA ATUAL: Inicialização da fonte CSV
2026-08-24 10:14:53,013 | INFO | ETAPA ATUAL: Carregamento dos datasets
2026-08-24 10:14:53,013 | INFO | ============================================================
2026-08-24 10:14:53,013 | INFO | CARREGANDO DATASETS
2026-08-24 10:14:53,013 | INFO | ============================================================
2026-08-24 10:14:53,013 | INFO | Fonte CSV inicializada.
2026-08-24 10:14:53,014 | INFO | Carregando orders...
2026-08-24 10:14:53,014 | INFO | Lendo arquivo: dados\raw\olist\olist_orders_dataset.csv
2026-08-24 10:14:53,362 | INFO | 99441 registros carregados.
2026-08-24 10:14:53,363 | INFO | 99441 registros carregados em 'orders'.
2026-08-24 10:14:53,363 | INFO | Carregando order_items...
2026-08-24 10:14:53,363 | INFO | Lendo arquivo: dados\raw\olist\olist_order_items_dataset.csv
2026-08-24 10:14:53,548 | INFO | 112650 registros carregados.
2026-08-24 10:14:53,548 | INFO | 112650 registros carregados em 'order_items'.
2026-08-24 10:14:53,548 | INFO | Carregando customers...
2026-08-24 10:14:53,548 | INFO | Lendo arquivo: dados\raw\olist\olist_customers_dataset.csv
2026-08-24 10:14:53,669 | INFO | 99441 registros carregados.
2026-08-24 10:14:53,669 | INFO | 99441 registros carregados em 'customers'.
2026-08-24 10:14:53,669 | INFO | Carregando products...
2026-08-24 10:14:53,669 | INFO | Lendo arquivo: dados\raw\olist\olist_products_dataset.csv
2026-08-24 10:14:53,709 | INFO | 32951 registros carregados.
2026-08-24 10:14:53,709 | INFO | 32951 registros carregados em 'products'.
2026-08-24 10:14:53,709 | INFO | Carregando payments...
2026-08-24 10:14:53,709 | INFO | Lendo arquivo: dados\raw\olist\olist_order_payments_dataset.csv
2026-08-24 10:14:53,787 | INFO | 103886 registros carregados.
2026-08-24 10:14:53,788 | INFO | 103886 registros carregados em 'payments'.
2026-08-24 10:14:53,788 | INFO | Carregando reviews...
2026-08-24 10:14:53,788 | INFO | Lendo arquivo: dados\raw\olist\olist_order_reviews_dataset.csv
2026-08-24 10:14:54,059 | INFO | 99224 registros carregados.
2026-08-24 10:14:54,059 | INFO | 99224 registros carregados em 'reviews'.
2026-08-24 10:14:54,059 | INFO | Carregando sellers...
2026-08-24 10:14:54,059 | INFO | Lendo arquivo: dados\raw\olist\olist_sellers_dataset.csv
2026-08-24 10:14:54,064 | INFO | 3095 registros carregados.
2026-08-24 10:14:54,064 | INFO | 3095 registros carregados em 'sellers'.
2026-08-24 10:14:54,064 | INFO | Carregando geolocation...
2026-08-24 10:14:54,064 | INFO | Lendo arquivo: dados\raw\olist\olist_geolocation_dataset.csv
2026-08-24 10:14:54,630 | INFO | 1000163 registros carregados.
2026-08-24 10:14:54,630 | INFO | 1000163 registros carregados em 'geolocation'.
2026-08-24 10:14:54,631 | INFO | Fonte CSV finalizada.
2026-08-24 10:14:54,631 | INFO | ============================================================
2026-08-24 10:14:54,631 | INFO | DATASETS CARREGADOS
2026-08-24 10:14:54,631 | INFO | ============================================================
2026-08-24 10:14:54,631 | INFO | ============================================================
2026-08-24 10:14:54,631 | INFO | INTEGRANDO PEDIDOS + ITENS
2026-08-24 10:14:54,631 | INFO | ============================================================
2026-08-24 10:14:54,702 | INFO | 99441 pedidos enriquecidos com itens.
2026-08-24 10:14:54,702 | INFO | ============================================================
2026-08-24 10:14:54,702 | INFO | INTEGRANDO PEDIDOS + CLIENTES
2026-08-24 10:14:54,702 | INFO | ============================================================
2026-08-24 10:14:54,740 | INFO | 99441 pedidos enriquecidos com clientes.
2026-08-24 10:14:54,741 | INFO | ============================================================
2026-08-24 10:14:54,741 | INFO | INTEGRANDO ITENS + PRODUTOS
2026-08-24 10:14:54,741 | INFO | ============================================================
2026-08-24 10:14:54,766 | INFO | 112650 itens enriquecidos com produtos.
2026-08-24 10:14:54,766 | INFO | ============================================================
2026-08-24 10:14:54,766 | INFO | INTEGRANDO PEDIDOS + PAGAMENTOS
2026-08-24 10:14:54,766 | INFO | ============================================================
2026-08-24 10:14:54,879 | INFO | 99441 pedidos enriquecidos com pagamentos.
2026-08-24 10:14:54,880 | INFO | ============================================================
2026-08-24 10:14:54,880 | INFO | INTEGRANDO PEDIDOS + REVIEWS
2026-08-24 10:14:54,880 | INFO | ============================================================
2026-08-24 10:14:54,985 | INFO | 99441 pedidos enriquecidos com reviews.
2026-08-24 10:14:54,985 | INFO | ============================================================
2026-08-24 10:14:54,986 | INFO | INTEGRANDO ITENS + SELLERS
2026-08-24 10:14:54,986 | INFO | ============================================================
2026-08-24 10:14:55,005 | INFO | 112650 itens enriquecidos com sellers.
2026-08-24 10:14:55,006 | INFO | ============================================================
2026-08-24 10:14:55,006 | INFO | INTEGRANDO SELLERS + GEOLOCATION
2026-08-24 10:14:55,006 | INFO | ============================================================
2026-08-24 10:14:55,218 | INFO | 3095 sellers enriquecidos com geolocation.
2026-08-24 10:14:55,218 | INFO | ETAPA ATUAL: Criação da Fato_Vendas
2026-08-24 10:14:55,510 | INFO | ETAPA ATUAL: Validação da Fato_Vendas
2026-08-24 10:14:55,562 | INFO | Fato_Vendas validada com sucesso.
2026-08-24 10:14:55,562 | INFO | Registros validados: 112,650
2026-08-24 10:14:55,698 | INFO | ETAPA ATUAL: Validação do período analisado
2026-08-24 10:14:55,737 | INFO | Primeira venda: 2016-09-04 21:15:19
2026-08-24 10:14:55,738 | INFO | Última venda: 2018-09-03 09:06:57
2026-08-24 10:14:55,753 | INFO | Pedidos únicos: 98,666
2026-08-24 10:14:55,756 | INFO | Sellers únicos: 3,095
2026-08-24 10:14:55,756 | INFO | Receita: R$ 13,591,643.70
2026-08-24 10:14:55,756 | INFO | Frete: R$ 2,251,909.54
2026-08-24 10:14:55,756 | INFO | ETAPA ATUAL: Cálculo das métricas de sellers
2026-08-24 10:14:55,789 | INFO | ETAPA ATUAL: Cálculo dos indicadores financeiros
2026-08-24 10:14:55,829 | INFO | ETAPA ATUAL: Geração dos Insights Gerenciais
2026-08-24 10:14:55,837 | INFO | Insights gerados: 8
2026-08-24 10:14:55,841 | INFO | ETAPA ATUAL: Exportação do Excel
2026-08-24 10:14:55,842 | INFO | Iniciando exportação para Excel: dados\processed\Business_Analytics_Gabriel_Tecnologia_LTDA_2016-09_a_2018-09.xlsx
2026-08-24 10:14:55,844 | INFO | Exportando aba 'Resumo' com 1 registros.
2026-08-24 10:14:55,847 | INFO | Exportando aba 'Top_Sellers' com 10 registros.
2026-08-24 10:14:55,848 | INFO | Exportando aba 'Frete' com 10 registros.
2026-08-24 10:14:55,850 | INFO | Exportando aba 'Preco_Medio' com 10 registros.
2026-08-24 10:14:55,853 | INFO | Exportando aba 'Por_Estado' com 23 registros.
2026-08-24 10:14:55,855 | INFO | Exportando aba 'Financeiro' com 1 registros.
2026-08-24 10:14:55,856 | INFO | Exportando aba 'Margem_Sellers' com 10 registros.
2026-08-24 10:14:55,857 | INFO | Exportando aba 'Financeiro_Estados' com 23 registros.
2026-08-24 10:14:55,859 | INFO | Exportando aba 'Insights' com 8 registros.
2026-08-24 10:14:55,860 | INFO | Exportando aba 'Fato_Vendas' com 112650 registros.
2026-08-24 10:15:50,341 | INFO | Arquivo base Excel criado.
2026-08-24 10:15:50,341 | INFO | Iniciando formatação do Excel.
2026-08-24 10:17:13,523 | INFO | Formatação do Excel concluída.
2026-08-24 10:17:13,528 | INFO | Arquivo Excel anterior substituído.
2026-08-24 10:17:13,528 | INFO | Arquivo Excel gerado com sucesso: dados\processed\Business_Analytics_Gabriel_Tecnologia_LTDA_2016-09_a_2018-09.xlsx
2026-08-24 10:17:13,528 | INFO | ETAPA ATUAL: Criação do Dashboard Excel
2026-08-24 10:17:13,528 | INFO | Iniciando criação do Dashboard Excel.
2026-08-24 10:17:57,688 | INFO | Salvando Dashboard Excel.
2026-08-24 10:18:32,984 | INFO | Arquivo Excel atualizado: dados\processed\Business_Analytics_Gabriel_Tecnologia_LTDA_2016-09_a_2018-09.xlsx
2026-08-24 10:18:32,984 | INFO | Dashboard Excel criado com sucesso.
2026-08-24 10:18:32,985 | INFO | Dashboard Excel criado com sucesso.
2026-08-24 10:18:32,986 | INFO | ETAPA ATUAL: Validação do arquivo Excel
2026-08-24 10:19:06,975 | INFO | Todas as abas e estruturas foram validadas.
2026-08-24 10:19:06,976 | INFO | ETAPA ATUAL: Validação de integridade da exportação
2026-08-24 10:19:39,392 | INFO | Integridade da exportação validada com sucesso.
